tourney_id,tourney_name,surface,draw_size,tourney_level,tourney_date,match_num,winner_id,winner_seed,winner_entry,winner_name,winner_hand,winner_ht,winner_ioc,winner_age,loser_id,loser_seed,loser_entry,loser_name,loser_hand,loser_ht,loser_ioc,loser_age,score,best_of,round,minutes,w_ace,w_df,w_svpt,w_1stIn,w_1stWon,w_2ndWon,w_SvGms,w_bpSaved,w_bpFaced,l_ace,l_df,l_svpt,l_1stIn,l_1stWon,l_2ndWon,l_SvGms,l_bpSaved,l_bpFaced,winner_rank,winner_rank_points,loser_rank,loser_rank_points,source_id
2025-0339,Brisbane,Hard,32,A,2024-12-30,378,208103,,,Jiri Lehecka,R,185.0,CZE,23.1,124187,,PR,Reilly Opelka,R,211.0,USA,27.3,4-1 RET,3,F,13.0,3.0,0.0,15.0,10.0,10.0,2.0,3.0,0.0,0.0,0.0,0.0,9.0,9.0,4.0,0.0,2.0,0.0,1.0,28.0,1660.0,293.0,176.0,sackmann_archive_2025
2025-0339,Brisbane,Hard,32,A,2024-12-30,377,124187,,PR,Reilly Opelka,R,211.0,USA,27.3,208659,,,Giovanni Mpetshi Perricard,R,203.0,FRA,21.4,6-3 7-6(4),3,SF,86.0,12.0,2.0,64.0,45.0,38.0,13.0,11.0,4.0,4.0,10.0,5.0,69.0,48.0,38.0,9.0,10.0,1.0,2.0,293.0,176.0,31.0,1561.0,sackmann_archive_2025
2025-0339,Brisbane,Hard,32,A,2024-12-30,376,208103,,,Jiri Lehecka,R,185.0,CZE,23.1,105777,2.0,,Grigor Dimitrov,R,191.0,BUL,33.6,6-4 4-4 RET,3,SF,83.0,4.0,3.0,52.0,26.0,22.0,17.0,9.0,0.0,0.0,6.0,2.0,49.0,32.0,24.0,12.0,9.0,1.0,2.0,28.0,1660.0,10.0,3350.0,sackmann_archive_2025
2025-0339,Brisbane,Hard,32,A,2024-12-30,375,124187,,PR,Reilly Opelka,R,211.0,USA,27.3,104925,1.0,,Novak Djokovic,R,188.0,SRB,37.6,7-6(6) 6-3,3,QF,100.0,16.0,1.0,64.0,49.0,38.0,13.0,11.0,1.0,1.0,8.0,1.0,73.0,53.0,38.0,12.0,10.0,4.0,5.0,293.0,176.0,7.0,3910.0,sackmann_archive_2025
2025-0339,Brisbane,Hard,32,A,2024-12-30,374,208659,,,Giovanni Mpetshi Perricard,R,203.0,FRA,21.4,210150,,,Jakub Mensik,R,193.0,CZE,19.3,7-5 7-6(5),3,QF,92.0,19.0,2.0,72.0,47.0,37.0,18.0,12.0,0.0,0.0,10.0,5.0,78.0,48.0,38.0,16.0,12.0,1.0,2.0,31.0,1561.0,48.0,1136.0,sackmann_archive_2025
2025-0339,Brisbane,Hard,32,A,2024-12-30,373,208103,,,Jiri Lehecka,R,185.0,CZE,23.1,111797,,,Nicolas Jarry,R,201.0,CHI,29.2,6-4 6-4,3,QF,89.0,10.0,2.0,66.0,39.0,31.0,14.0,10.0,5.0,5.0,8.0,2.0,62.0,39.0,28.0,11.0,10.0,3.0,5.0,28.0,1660.0,35.0,1370.0,sackmann_archive_2025
2025-0339,Brisbane,Hard,32,A,2024-12-30,372,105777,2.0,,Grigor Dimitrov,R,191.0,BUL,33.6,111442,8.0,,Jordan Thompson,R,183.0,AUS,30.6,6-1 2-1 RET,3,QF,43.0,1.0,1.0,31.0,21.0,19.0,5.0,5.0,0.0,0.0,1.0,1.0,26.0,12.0,7.0,6.0,5.0,1.0,4.0,10.0,3350.0,26.0,1745.0,sackmann_archive_2025
2025-0339,Brisbane,Hard,32,A,2024-12-30,371,104925,1.0,,Novak Djokovic,R,188.0,SRB,37.6,104792,,,Gael Monfils,R,193.0,FRA,38.3,6-3 6-3,3,R16,72.0,5.0,1.0,52.0,34.0,26.0,12.0,9.0,1.0,1.0,4.0,4.0,48.0,34.0,21.0,6.0,9.0,0.0,3.0,7.0,3910.0,55.0,1005.0,sackmann_archive_2025
2025-0339,Brisbane,Hard,32,A,2024-12-30,370,124187,,PR,Reilly Opelka,R,211.0,USA,27.3,208286,,,Matteo Arnaldi,R,185.0,ITA,23.8,7-6(9) 7-6(4),3,R16,116.0,25.0,6.0,86.0,58.0,49.0,13.0,12.0,1.0,2.0,8.0,2.0,75.0,40.0,34.0,21.0,12.0,1.0,2.0,293.0,176.0,37.0,1345.0,sackmann_archive_2025
2025-0339,Brisbane,Hard,32,A,2024-12-30,369,208659,,,Giovanni Mpetshi Perricard,R,203.0,FRA,21.4,126207,4.0,,Frances Tiafoe,R,188.0,USA,26.9,6-4 7-6(4),3,R16,92.0,20.0,4.0,75.0,50.0,40.0,11.0,11.0,2.0,2.0,6.0,2.0,72.0,38.0,31.0,16.0,11.0,2.0,3.0,31.0,1561.0,18.0,2585.0,sackmann_archive_2025
2025-0339,Brisbane,Hard,32,A,2024-12-30,368,210150,,,Jakub Mensik,R,193.0,CZE,19.3,105583,,LL,Dusan Lajovic,R,183.0,SRB,34.5,6-3 6-2,3,R16,65.0,4.0,0.0,51.0,38.0,27.0,9.0,9.0,2.0,3.0,5.0,1.0,55.0,43.0,21.0,6.0,8.0,5.0,9.0,48.0,1136.0,81.0,710.0,sackmann_archive_2025
2025-0339,Brisbane,Hard,32,A,2024-12-30,367,111797,,,Nicolas Jarry,R,201.0,CHI,29.2,126127,,Q,Benjamin Bonzi,R,183.0,FRA,28.5,6-2 6-3,3,R16,65.0,10.0,0.0,43.0,30.0,27.0,6.0,9.0,0.0,1.0,4.0,2.0,51.0,35.0,18.0,9.0,8.0,3.0,7.0,35.0,1370.0,75.0,730.0,sackmann_archive_2025
2025-0339,Brisbane,Hard,32,A,2024-12-30,366,208103,,,Jiri Lehecka,R,185.0,CZE,23.1,106415,,Q,Yoshihito Nishioka,L,170.0,JPN,29.2,6-2 6-7(5) 6-4,3,R16,139.0,17.0,3.0,81.0,51.0,45.0,17.0,15.0,2.0,3.0,3.0,3.0,107.0,75.0,49.0,16.0,15.0,8.0,12.0,28.0,1660.0,69.0,776.0,sackmann_archive_2025
2025-0339,Brisbane,Hard,32,A,2024-12-30,365,111442,8.0,,Jordan Thompson,R,183.0,AUS,30.6,210506,,,Alex Michelsen,R,193.0,USA,20.3,7-5 6-3,3,R16,102.0,3.0,1.0,60.0,37.0,28.0,15.0,10.0,6.0,7.0,4.0,2.0,65.0,46.0,29.0,9.0,11.0,3.0,7.0,26.0,1745.0,41.0,1245.0,sackmann_archive_2025
2025-0339,Brisbane,Hard,32,A,2024-12-30,364,105777,2.0,,Grigor Dimitrov,R,191.0,BUL,33.6,126846,,WC,Aleksandar Vukic,R,188.0,AUS,28.7,6-2 7-6(5),3,R16,83.0,12.0,1.0,53.0,33.0,31.0,13.0,10.0,0.0,0.0,5.0,4.0,74.0,44.0,31.0,15.0,10.0,8.0,10.0,10.0,3350.0,68.0,778.0,sackmann_archive_2025
2025-0339,Brisbane,Hard,32,A,2024-12-30,363,104925,1.0,,Novak Djokovic,R,188.0,SRB,37.6,208014,,WC,Rinky Hijikata,R,178.0,AUS,23.8,6-3 6-3,3,R32,74.0,12.0,0.0,47.0,31.0,25.0,12.0,9.0,0.0,0.0,7.0,1.0,54.0,37.0,22.0,8.0,9.0,2.0,5.0,7.0,3910.0,73.0,746.0,sackmann_archive_2025
2025-0339,Brisbane,Hard,32,A,2024-12-30,362,104792,,,Gael Monfils,R,193.0,FRA,38.3,210460,,Q,Nishesh Basavareddy,R,180.0,USA,19.6,6-4 4-6 6-1,3,R32,109.0,18.0,0.0,77.0,52.0,40.0,13.0,14.0,4.0,7.0,4.0,1.0,74.0,49.0,34.0,9.0,13.0,2.0,7.0,55.0,1005.0,138.0,440.0,sackmann_archive_2025
2025-0339,Brisbane,Hard,32,A,2024-12-30,361,124187,,PR,Reilly Opelka,R,211.0,USA,27.3,144870,,Q,Federico Agustin Gomez,R,191.0,ARG,28.0,7-5 6-4,3,R32,75.0,9.0,1.0,49.0,29.0,27.0,17.0,11.0,0.0,0.0,7.0,2.0,62.0,41.0,31.0,11.0,11.0,3.0,5.0,293.0,176.0,137.0,442.0,sackmann_archive_2025
2025-0339,Brisbane,Hard,32,A,2024-12-30,360,208286,,,Matteo Arnaldi,R,185.0,ITA,23.8,200615,7.0,,Alexei Popyrin,R,196.0,AUS,25.4,6-3 6-2,3,R32,69.0,7.0,3.0,54.0,24.0,17.0,21.0,9.0,2.0,2.0,5.0,2.0,41.0,29.0,19.0,5.0,8.0,0.0,3.0,37.0,1345.0,24.0,1865.0,sackmann_archive_2025
2025-0339,Brisbane,Hard,32,A,2024-12-30,359,126207,4.0,,Frances Tiafoe,R,188.0,USA,26.9,200443,,WC,Adam Walton,R,183.0,AUS,25.7,7-6(5) 6-3,3,R32,90.0,13.0,1.0,66.0,46.0,37.0,11.0,11.0,3.0,4.0,13.0,4.0,66.0,38.0,30.0,11.0,10.0,2.0,4.0,18.0,2585.0,93.0,636.0,sackmann_archive_2025
2025-0339,Brisbane,Hard,32,A,2024-12-30,358,208659,,,Giovanni Mpetshi Perricard,R,203.0,FRA,21.4,106401,,PR,Nick Kyrgios,R,193.0,AUS,29.6,7-6(2) 6-7(4) 7-6(3),3,R32,147.0,36.0,7.0,111.0,73.0,65.0,24.0,18.0,2.0,2.0,15.0,0.0,107.0,81.0,67.0,18.0,18.0,2.0,2.0,31.0,1561.0,,,sackmann_archive_2025
2025-0339,Brisbane,Hard,32,A,2024-12-30,357,210150,,,Jakub Mensik,R,193.0,CZE,19.3,105062,,Q,Mikhail Kukushkin,R,183.0,KAZ,37.0,7-6(3) 6-4,3,R32,94.0,13.0,2.0,68.0,42.0,33.0,15.0,11.0,1.0,2.0,2.0,3.0,76.0,47.0,30.0,17.0,11.0,2.0,4.0,48.0,1136.0,113.0,542.0,sackmann_archive_2025
2025-0339,Brisbane,Hard,32,A,2024-12-30,356,105583,,LL,Dusan Lajovic,R,183.0,SRB,34.5,209070,,,Arthur Cazaux,R,183.0,FRA,22.3,6-4 6-4,3,R32,101.0,1.0,1.0,61.0,41.0,27.0,15.0,10.0,8.0,9.0,8.0,6.0,81.0,46.0,33.0,13.0,10.0,7.0,10.0,81.0,710.0,63.0,807.0,sackmann_archive_2025
2025-0339,Brisbane,Hard,32,A,2024-12-30,355,126127,,Q,Benjamin Bonzi,R,183.0,FRA,28.5,126214,6.0,,Alejandro Tabilo,L,188.0,CHI,27.5,6-7(8) 7-6(5) 6-4,3,R32,168.0,15.0,2.0,110.0,72.0,57.0,23.0,17.0,3.0,4.0,18.0,7.0,125.0,84.0,66.0,16.0,17.0,5.0,7.0,75.0,730.0,23.0,1943.0,sackmann_archive_2025
2025-0339,Brisbane,Hard,32,A,2024-12-30,354,111797,,,Nicolas Jarry,R,201.0,CHI,29.2,208363,,,Mariano Navone,R,178.0,ARG,23.8,7-5 7-6(7),3,R32,108.0,7.0,1.0,75.0,47.0,39.0,17.0,12.0,3.0,4.0,10.0,1.0,77.0,49.0,37.0,15.0,12.0,1.0,3.0,35.0,1370.0,47.0,1148.0,sackmann_archive_2025
2025-0339,Brisbane,Hard,32,A,2024-12-30,353,106415,,Q,Yoshihito Nishioka,L,170.0,JPN,29.2,126239,,,Arthur Rinderknech,R,196.0,FRA,29.4,6-3 6-4,3,R32,74.0,1.0,0.0,50.0,31.0,28.0,13.0,10.0,0.0,0.0,6.0,1.0,51.0,31.0,23.0,11.0,9.0,1.0,3.0,69.0,776.0,59.0,927.0,sackmann_archive_2025
2025-0339,Brisbane,Hard,32,A,2024-12-30,352,208103,,,Jiri Lehecka,R,185.0,CZE,23.1,208029,3.0,,Holger Rune,R,188.0,DEN,21.6,7-5 6-3,3,R32,84.0,5.0,1.0,68.0,43.0,29.0,14.0,10.0,7.0,9.0,1.0,2.0,62.0,40.0,21.0,11.0,11.0,1.0,6.0,28.0,1660.0,13.0,3025.0,sackmann_archive_2025
2025-0339,Brisbane,Hard,32,A,2024-12-30,351,111442,8.0,,Jordan Thompson,R,183.0,AUS,30.6,126610,,,Matteo Berrettini,R,196.0,ITA,28.7,3-6 6-3 6-4,3,R32,134.0,6.0,4.0,93.0,56.0,41.0,16.0,14.0,2.0,4.0,8.0,1.0,76.0,49.0,41.0,13.0,14.0,2.0,5.0,26.0,1745.0,34.0,1380.0,sackmann_archive_2025
2025-0339,Brisbane,Hard,32,A,2024-12-30,350,210506,,,Alex Michelsen,R,193.0,USA,20.3,106331,,,Christopher Oconnell,R,183.0,AUS,30.5,6-4 4-6 7-6(10),3,R32,144.0,7.0,2.0,92.0,49.0,38.0,25.0,16.0,3.0,6.0,13.0,3.0,101.0,56.0,47.0,21.0,16.0,2.0,5.0,41.0,1245.0,64.0,795.0,sackmann_archive_2025
2025-0339,Brisbane,Hard,32,A,2024-12-30,349,126846,,WC,Aleksandar Vukic,R,188.0,AUS,28.7,105676,,,David Goffin,R,180.0,BEL,34.0,6-2 6-3,3,R32,82.0,11.0,1.0,57.0,31.0,25.0,15.0,9.0,3.0,3.0,3.0,2.0,61.0,35.0,18.0,15.0,8.0,2.0,5.0,68.0,778.0,52.0,1037.0,sackmann_archive_2025
2025-0339,Brisbane,Hard,32,A,2024-12-30,348,105777,2.0,,Grigor Dimitrov,R,191.0,BUL,33.6,105870,,Q,Yannick Hanfmann,R,193.0,GER,33.1,7-6(5) 6-3,3,R32,107.0,9.0,3.0,63.0,38.0,33.0,10.0,10.0,2.0,3.0,4.0,3.0,95.0,64.0,40.0,14.0,11.0,7.0,10.0,10.0,3350.0,96.0,627.0,sackmann_archive_2025
2025-0336,Hong Kong,Hard,28,A,2024-12-30,386,124186,,,Alexandre Muller,R,183.0,FRA,27.9,105453,,W,Kei Nishikori,R,178.0,JPN,35.0,2-6 6-1 6-3,3,F,103.0,2.0,1.0,77.0,60.0,44.0,7.0,12.0,4.0,6.0,4.0,1.0,75.0,48.0,28.0,14.0,12.0,4.0,8.0,67.0,778.0,106.0,578.0,sackmann_archive_2025
2025-0336,Hong Kong,Hard,28,A,2024-12-30,385,105453,,WC,Kei Nishikori,R,178.0,JPN,35.0,209992,,,Juncheng Shang,L,180.0,CHN,19.9,4-3 RET,3,SF,20.0,3.0,0.0,22.0,13.0,10.0,7.0,4.0,0.0,0.0,3.0,0.0,15.0,12.0,9.0,3.0,3.0,0.0,0.0,106.0,578.0,50.0,1115.0,sackmann_archive_2025
2025-0336,Hong Kong,Hard,28,A,2024-12-30,384,124186,,,Alexandre Muller,R,183.0,FRA,27.9,144719,,,Jaume Munar,R,183.0,ESP,27.6,4-6 7-6(5) 6-4,3,SF,145.0,4.0,3.0,94.0,62.0,47.0,20.0,16.0,2.0,4.0,6.0,2.0,99.0,73.0,54.0,16.0,16.0,2.0,4.0,67.0,778.0,62.0,832.0,sackmann_archive_2025
2025-0336,Hong Kong,Hard,28,A,2024-12-30,383,209992,,,Juncheng Shang,L,180.0,CHN,19.9,206681,,,Fabian Marozsan,R,193.0,HUN,25.2,1-6 6-3 6-4,3,QF,104.0,9.0,4.0,77.0,57.0,44.0,6.0,13.0,4.0,6.0,6.0,2.0,81.0,55.0,43.0,11.0,13.0,6.0,8.0,50.0,1115.0,58.0,935.0,sackmann_archive_2025
2025-0336,Hong Kong,Hard,28,A,2024-12-30,382,105453,,WC,Kei Nishikori,R,178.0,JPN,35.0,111815,,,Cameron Norrie,L,188.0,GBR,29.3,6-3 3-6 6-2,3,QF,101.0,4.0,1.0,75.0,55.0,43.0,9.0,13.0,1.0,2.0,8.0,3.0,79.0,55.0,38.0,11.0,13.0,2.0,5.0,106.0,578.0,49.0,1119.0,sackmann_archive_2025
2025-0336,Hong Kong,Hard,28,A,2024-12-30,381,124186,,,Alexandre Muller,R,183.0,FRA,27.9,209950,4.0,,Arthur Fils,R,185.0,FRA,20.5,3-6 6-3 6-1,3,QF,111.0,3.0,1.0,89.0,57.0,41.0,14.0,12.0,11.0,13.0,3.0,9.0,69.0,31.0,21.0,19.0,13.0,3.0,8.0,67.0,778.0,20.0,2355.0,sackmann_archive_2025
2025-0336,Hong Kong,Hard,28,A,2024-12-30,380,144719,,,Jaume Munar,R,183.0,ESP,27.6,207518,2.0,,Lorenzo Musetti,R,185.0,ITA,22.8,2-6 7-6(4) 7-5,3,QF,156.0,2.0,4.0,102.0,69.0,47.0,17.0,16.0,7.0,11.0,9.0,4.0,102.0,69.0,54.0,11.0,16.0,4.0,7.0,62.0,832.0,17.0,2600.0,sackmann_archive_2025
2025-0336,Hong Kong,Hard,28,A,2024-12-30,379,206681,,,Fabian Marozsan,R,193.0,HUN,25.2,126094,1.0,,Andrey Rublev,R,188.0,RUS,27.1,7-5 3-6 6-3,3,R16,118.0,5.0,2.0,103.0,67.0,45.0,15.0,15.0,10.0,13.0,10.0,3.0,85.0,53.0,39.0,15.0,15.0,5.0,9.0,58.0,935.0,8.0,3760.0,sackmann_archive_2025
2025-0336,Hong Kong,Hard,28,A,2024-12-30,378,209992,,,Juncheng Shang,L,180.0,CHN,19.9,124079,7.0,,Pedro Martinez,R,185.0,ESP,27.6,6-3 6-1,3,R16,77.0,9.0,2.0,54.0,40.0,32.0,5.0,8.0,6.0,6.0,5.0,6.0,49.0,33.0,23.0,2.0,8.0,3.0,7.0,50.0,1115.0,43.0,1205.0,sackmann_archive_2025
2025-0336,Hong Kong,Hard,28,A,2024-12-30,377,105453,,WC,Kei Nishikori,R,178.0,JPN,35.0,111575,3.0,,Karen Khachanov,R,198.0,RUS,28.6,4-6 6-3 7-5,3,R16,129.0,1.0,1.0,90.0,62.0,43.0,17.0,16.0,5.0,8.0,7.0,5.0,90.0,59.0,41.0,14.0,15.0,3.0,7.0,106.0,578.0,19.0,2410.0,sackmann_archive_2025
2025-0336,Hong Kong,Hard,28,A,2024-12-30,376,111815,,,Cameron Norrie,L,188.0,GBR,29.3,132283,,,Lorenzo Sonego,R,191.0,ITA,29.6,6-2 4-6 6-1,3,R16,144.0,4.0,1.0,70.0,52.0,37.0,13.0,12.0,2.0,3.0,7.0,0.0,75.0,52.0,38.0,7.0,13.0,4.0,9.0,49.0,1119.0,53.0,1026.0,sackmann_archive_2025
2025-0336,Hong Kong,Hard,28,A,2024-12-30,375,124186,,,Alexandre Muller,R,183.0,FRA,27.9,200175,,,Miomir Kecmanovic,R,183.0,SRB,25.3,5-7 7-6(6) 7-6(10),3,R16,210.0,9.0,2.0,122.0,86.0,61.0,16.0,18.0,5.0,10.0,4.0,5.0,139.0,83.0,57.0,26.0,18.0,5.0,9.0,67.0,778.0,54.0,1021.0,sackmann_archive_2025
2025-0336,Hong Kong,Hard,28,A,2024-12-30,374,209950,4.0,,Arthur Fils,R,185.0,FRA,20.5,200267,,WC,Zizou Bergs,R,185.0,BEL,25.5,7-6(7) 6-4,3,R16,100.0,6.0,2.0,67.0,39.0,32.0,15.0,11.0,0.0,2.0,5.0,2.0,71.0,46.0,34.0,11.0,11.0,2.0,5.0,20.0,2355.0,71.0,768.0,sackmann_archive_2025
2025-0336,Hong Kong,Hard,28,A,2024-12-30,373,144719,,,Jaume Munar,R,183.0,ESP,27.6,132686,5.0,,Nuno Borges,R,185.0,POR,27.8,6-3 7-5,3,R16,83.0,5.0,0.0,57.0,35.0,30.0,11.0,11.0,0.0,1.0,2.0,4.0,59.0,36.0,26.0,10.0,10.0,1.0,4.0,62.0,832.0,36.0,1355.0,sackmann_archive_2025
2025-0336,Hong Kong,Hard,28,A,2024-12-30,372,207518,2.0,,Lorenzo Musetti,R,185.0,ITA,22.8,209113,,Q,Gabriel Diallo,R,203.0,CAN,23.2,6-4 6-3,3,R16,86.0,6.0,3.0,49.0,37.0,30.0,7.0,9.0,2.0,2.0,6.0,2.0,70.0,49.0,32.0,9.0,10.0,7.0,10.0,17.0,2600.0,87.0,643.0,sackmann_archive_2025
2025-0336,Hong Kong,Hard,28,A,2024-12-30,371,206681,,,Fabian Marozsan,R,193.0,HUN,25.2,126128,,,Roman Safiullin,R,185.0,RUS,27.3,6-1 7-6(9),3,R32,93.0,6.0,3.0,70.0,41.0,30.0,14.0,10.0,1.0,5.0,4.0,3.0,72.0,47.0,29.0,8.0,9.0,10.0,16.0,58.0,935.0,60.0,923.0,sackmann_archive_2025
2025-0336,Hong Kong,Hard,28,A,2024-12-30,370,209992,,,Juncheng Shang,L,180.0,CHN,19.9,209409,,WC,Coleman Wong,R,191.0,HKG,20.5,7-6(3) 6-4,3,R32,89.0,4.0,1.0,59.0,33.0,29.0,20.0,11.0,0.0,0.0,17.0,1.0,76.0,52.0,41.0,9.0,11.0,6.0,7.0,50.0,1115.0,170.0,340.0,sackmann_archive_2025
2025-0336,Hong Kong,Hard,28,A,2024-12-30,369,124079,7.0,,Pedro Martinez,R,185.0,ESP,27.6,208859,,Q,Francesco Passaro,R,180.0,ITA,23.9,6-4 6-4,3,R32,89.0,3.0,1.0,63.0,45.0,35.0,10.0,10.0,3.0,3.0,5.0,2.0,55.0,38.0,30.0,8.0,10.0,4.0,6.0,43.0,1205.0,108.0,570.0,sackmann_archive_2025
2025-0336,Hong Kong,Hard,28,A,2024-12-30,368,105453,,WC,Kei Nishikori,R,178.0,JPN,35.0,133430,,,Denis Shapovalov,L,185.0,CAN,25.7,6-2 6-3,3,R32,58.0,4.0,0.0,50.0,35.0,29.0,9.0,9.0,2.0,2.0,7.0,5.0,52.0,27.0,18.0,12.0,8.0,4.0,7.0,106.0,578.0,56.0,981.0,sackmann_archive_2025
2025-0336,Hong Kong,Hard,28,A,2024-12-30,367,111815,,,Cameron Norrie,L,188.0,GBR,29.3,210530,,,Learner Tien,L,180.0,USA,19.0,6-3 7-5,3,R32,98.0,11.0,1.0,78.0,60.0,38.0,8.0,11.0,5.0,7.0,6.0,5.0,69.0,42.0,27.0,11.0,10.0,5.0,9.0,49.0,1119.0,122.0,493.0,sackmann_archive_2025
2025-0336,Hong Kong,Hard,28,A,2024-12-30,366,132283,,,Lorenzo Sonego,R,191.0,ITA,29.6,206909,6.0,,Brandon Nakashima,R,188.0,USA,23.4,7-6(4) 6-3,3,R32,90.0,5.0,1.0,61.0,38.0,34.0,17.0,11.0,0.0,0.0,6.0,0.0,56.0,39.0,33.0,10.0,10.0,1.0,2.0,53.0,1026.0,38.0,1335.0,sackmann_archive_2025
2025-0336,Hong Kong,Hard,28,A,2024-12-30,365,200175,,,Miomir Kecmanovic,R,183.0,SRB,25.3,209260,8.0,,Luciano Darderi,R,183.0,ITA,22.8,6-3 6-3,3,R32,67.0,9.0,1.0,57.0,39.0,32.0,8.0,9.0,2.0,2.0,9.0,1.0,53.0,35.0,22.0,10.0,9.0,6.0,9.0,54.0,1021.0,44.0,1198.0,sackmann_archive_2025
2025-0336,Hong Kong,Hard,28,A,2024-12-30,364,124186,,,Alexandre Muller,R,183.0,FRA,27.9,144817,,Q,Marc Andrea Huesler,L,196.0,SUI,28.5,2-6 6-4 6-3,3,R32,125.0,9.0,2.0,93.0,73.0,48.0,10.0,14.0,6.0,9.0,8.0,3.0,81.0,40.0,34.0,15.0,13.0,5.0,8.0,67.0,778.0,159.0,376.0,sackmann_archive_2025
2025-0336,Hong Kong,Hard,28,A,2024-12-30,363,200267,,WC,Zizou Bergs,R,185.0,BEL,25.5,208279,,Q,Alejandro Moro Canas,R,183.0,ESP,24.0,6-4 6-4,3,R32,91.0,11.0,1.0,54.0,38.0,31.0,11.0,10.0,1.0,2.0,2.0,3.0,78.0,48.0,31.0,12.0,10.0,6.0,9.0,71.0,768.0,169.0,345.0,sackmann_archive_2025
2025-0336,Hong Kong,Hard,28,A,2024-12-30,362,132686,5.0,,Nuno Borges,R,185.0,POR,27.8,207352,,,Bu Yunchaokete,R,185.0,CHN,22.9,3-6 6-3 7-6(6),3,R32,134.0,9.0,4.0,81.0,55.0,46.0,14.0,15.0,2.0,4.0,17.0,1.0,107.0,65.0,51.0,20.0,15.0,9.0,11.0,36.0,1355.0,65.0,784.0,sackmann_archive_2025
2025-0336,Hong Kong,Hard,28,A,2024-12-30,361,144719,,,Jaume Munar,R,183.0,ESP,27.6,200221,,,Alejandro Davidovich Fokina,R,183.0,ESP,25.5,4-6 6-3 6-3,3,R32,117.0,6.0,4.0,78.0,49.0,36.0,19.0,14.0,2.0,4.0,2.0,4.0,76.0,39.0,25.0,21.0,14.0,2.0,6.0,62.0,832.0,61.0,845.0,sackmann_archive_2025
2025-0336,Hong Kong,Hard,28,A,2024-12-30,360,209113,,Q,Gabriel Diallo,R,203.0,CAN,23.2,106148,,,Roberto Carballes Baena,R,183.0,ESP,31.7,4-6 7-6(4) 7-5,3,R32,169.0,9.0,2.0,117.0,85.0,57.0,19.0,17.0,10.0,13.0,9.0,6.0,104.0,65.0,52.0,16.0,17.0,5.0,8.0,87.0,643.0,57.0,981.0,sackmann_archive_2025
2025-8998,Adelaide,Hard,28,A,2025-01-06,377,200000,5.0,,Felix Auger Aliassime,R,193.0,CAN,24.4,200624,2.0,,Sebastian Korda,R,196.0,USA,24.5,6-3 3-6 6-1,3,F,109.0,10.0,4.0,72.0,41.0,34.0,20.0,13.0,4.0,5.0,7.0,4.0,81.0,50.0,35.0,11.0,12.0,7.0,10.0,29.0,1680.0,22.0,1985.0,sackmann_archive_2025
2025-8998,Adelaide,Hard,28,A,2025-01-06,376,200000,5.0,,Felix Auger Aliassime,R,193.0,CAN,24.4,126205,1.0,,Tommy Paul,R,185.0,USA,27.6,7-6(3) 3-6 6-4,3,SF,164.0,8.0,4.0,110.0,70.0,52.0,14.0,16.0,8.0,12.0,7.0,3.0,94.0,52.0,36.0,25.0,15.0,5.0,8.0,29.0,1680.0,12.0,3145.0,sackmann_archive_2025
2025-8998,Adelaide,Hard,28,A,2025-01-06,375,200624,2.0,,Sebastian Korda,R,196.0,USA,24.5,200175,,,Miomir Kecmanovic,R,183.0,SRB,25.3,6-3 7-6(4),3,SF,79.0,13.0,3.0,68.0,44.0,37.0,14.0,11.0,0.0,0.0,2.0,2.0,61.0,46.0,34.0,9.0,10.0,0.0,1.0,22.0,1985.0,55.0,1021.0,sackmann_archive_2025
2025-8998,Adelaide,Hard,28,A,2025-01-06,374,126205,1.0,,Tommy Paul,R,185.0,USA,27.6,208014,,LL,Rinky Hijikata,R,178.0,AUS,23.8,6-3 6-4,3,QF,78.0,8.0,0.0,65.0,42.0,32.0,13.0,10.0,4.0,4.0,4.0,2.0,52.0,36.0,23.0,9.0,9.0,5.0,7.0,12.0,3145.0,79.0,712.0,sackmann_archive_2025
2025-8998,Adelaide,Hard,28,A,2025-01-06,373,200000,5.0,,Felix Auger Aliassime,R,193.0,CAN,24.4,106218,,,Marcos Giron,R,180.0,USA,31.4,7-6(3) 6-3,3,QF,100.0,11.0,3.0,76.0,54.0,43.0,10.0,10.0,9.0,9.0,2.0,1.0,72.0,37.0,24.0,20.0,11.0,6.0,8.0,29.0,1680.0,45.0,1150.0,sackmann_archive_2025
2025-8998,Adelaide,Hard,28,A,2025-01-06,372,200175,,,Miomir Kecmanovic,R,183.0,SRB,25.3,126127,,Q,Benjamin Bonzi,R,183.0,FRA,28.5,6-2 6-3,3,QF,64.0,12.0,0.0,48.0,33.0,29.0,8.0,9.0,1.0,1.0,2.0,1.0,54.0,31.0,19.0,12.0,8.0,2.0,5.0,55.0,1021.0,70.0,762.0,sackmann_archive_2025
2025-8998,Adelaide,Hard,28,A,2025-01-06,371,200624,2.0,,Sebastian Korda,R,196.0,USA,24.5,106423,,WC,Thanasi Kokkinakis,R,193.0,AUS,28.7,W/O,3,QF,,0.0,0.0,0.0,0.0,0.0,0.0,0.0,0.0,0.0,0.0,0.0,0.0,0.0,0.0,0.0,0.0,0.0,0.0,22.0,1985.0,77.0,716.0,sackmann_archive_2025
2025-8998,Adelaide,Hard,28,A,2025-01-06,370,126205,1.0,,Tommy Paul,R,185.0,USA,27.6,131905,,LL,Manuel Guinard,R,198.0,FRA,29.1,6-4 3-6 6-3,3,R16,111.0,9.0,4.0,93.0,60.0,43.0,18.0,14.0,10.0,11.0,8.0,3.0,84.0,58.0,43.0,14.0,14.0,0.0,2.0,12.0,3145.0,261.0,209.0,sackmann_archive_2025
2025-8998,Adelaide,Hard,28,A,2025-01-06,369,208014,,LL,Rinky Hijikata,R,178.0,AUS,23.8,206909,7.0,,Brandon Nakashima,R,188.0,USA,23.4,6-2 3-6 7-6(5),3,R16,121.0,6.0,5.0,86.0,49.0,38.0,24.0,14.0,3.0,4.0,17.0,2.0,84.0,62.0,48.0,12.0,15.0,3.0,5.0,79.0,712.0,37.0,1335.0,sackmann_archive_2025
2025-8998,Adelaide,Hard,28,A,2025-01-06,368,200000,5.0,,Felix Auger Aliassime,R,193.0,CAN,24.4,209070,,,Arthur Cazaux,R,183.0,FRA,22.3,1-6 6-4 7-5,3,R16,153.0,12.0,5.0,83.0,54.0,39.0,14.0,14.0,4.0,6.0,8.0,3.0,100.0,54.0,38.0,24.0,15.0,7.0,9.0,29.0,1680.0,80.0,707.0,sackmann_archive_2025
2025-8998,Adelaide,Hard,28,A,2025-01-06,367,106218,,,Marcos Giron,R,180.0,USA,31.4,133430,,,Denis Shapovalov,L,185.0,CAN,25.7,7-5 6-2,3,R16,78.0,2.0,0.0,50.0,26.0,19.0,16.0,10.0,1.0,3.0,9.0,13.0,63.0,31.0,24.0,7.0,10.0,8.0,13.0,45.0,1150.0,58.0,981.0,sackmann_archive_2025
2025-8998,Adelaide,Hard,28,A,2025-01-06,366,200175,,,Miomir Kecmanovic,R,183.0,SRB,25.3,106331,,,Christopher Oconnell,R,183.0,AUS,30.5,7-6(1) 6-2,3,R16,91.0,3.0,1.0,64.0,34.0,31.0,14.0,10.0,2.0,3.0,13.0,4.0,68.0,37.0,28.0,10.0,10.0,6.0,9.0,55.0,1021.0,64.0,795.0,sackmann_archive_2025
2025-8998,Adelaide,Hard,28,A,2025-01-06,365,126127,,Q,Benjamin Bonzi,R,183.0,FRA,28.5,111454,,WC,Li Tu,R,183.0,AUS,28.6,6-3 6-3,3,R16,85.0,3.0,3.0,63.0,33.0,23.0,15.0,9.0,8.0,10.0,4.0,1.0,58.0,32.0,15.0,11.0,9.0,3.0,8.0,70.0,762.0,179.0,323.0,sackmann_archive_2025
2025-8998,Adelaide,Hard,28,A,2025-01-06,364,106423,,WC,Thanasi Kokkinakis,R,193.0,AUS,28.7,144869,8.0,,Tomas Martin Etcheverry,R,196.0,ARG,25.4,7-5 4-6 7-6(4),3,R16,182.0,23.0,4.0,115.0,82.0,61.0,18.0,17.0,5.0,6.0,13.0,0.0,103.0,72.0,60.0,16.0,17.0,4.0,5.0,77.0,716.0,39.0,1315.0,sackmann_archive_2025
2025-8998,Adelaide,Hard,28,A,2025-01-06,363,200624,2.0,,Sebastian Korda,R,196.0,USA,24.5,200221,,,Alejandro Davidovich Fokina,R,183.0,ESP,25.5,6-3 6-3,3,R16,91.0,8.0,2.0,69.0,43.0,37.0,9.0,9.0,5.0,5.0,2.0,3.0,63.0,40.0,25.0,10.0,9.0,4.0,7.0,22.0,1985.0,68.0,775.0,sackmann_archive_2025
2025-8998,Adelaide,Hard,28,A,2025-01-06,362,131905,,LL,Manuel Guinard,R,198.0,FRA,29.1,126128,,,Roman Safiullin,R,185.0,RUS,27.4,7-6(4) 2-6 6-1,3,R32,127.0,7.0,11.0,98.0,48.0,33.0,26.0,14.0,7.0,11.0,13.0,5.0,83.0,53.0,37.0,13.0,13.0,5.0,9.0,261.0,209.0,62.0,823.0,sackmann_archive_2025
2025-8998,Adelaide,Hard,28,A,2025-01-06,361,208014,,LL,Rinky Hijikata,R,178.0,AUS,23.8,105676,,,David Goffin,R,180.0,BEL,34.0,6-1 6-2,3,R32,72.0,4.0,3.0,57.0,29.0,21.0,16.0,8.0,4.0,5.0,3.0,0.0,44.0,20.0,11.0,9.0,7.0,4.0,9.0,79.0,712.0,53.0,1029.0,sackmann_archive_2025
2025-8998,Adelaide,Hard,28,A,2025-01-06,360,206909,7.0,,Brandon Nakashima,R,188.0,USA,23.4,105870,,Q,Yannick Hanfmann,R,193.0,GER,33.1,6-1 2-6 6-3,3,R32,100.0,14.0,3.0,69.0,39.0,31.0,14.0,12.0,2.0,4.0,2.0,5.0,74.0,48.0,33.0,9.0,12.0,3.0,7.0,37.0,1335.0,98.0,615.0,sackmann_archive_2025
2025-8998,Adelaide,Hard,28,A,2025-01-06,359,209070,,,Arthur Cazaux,R,183.0,FRA,22.3,200443,,Q,Adam Walton,R,183.0,AUS,25.7,7-5 6-1,3,R32,102.0,9.0,8.0,73.0,38.0,28.0,19.0,10.0,9.0,10.0,4.0,1.0,58.0,37.0,20.0,9.0,9.0,5.0,9.0,80.0,707.0,91.0,636.0,sackmann_archive_2025
2025-8998,Adelaide,Hard,28,A,2025-01-06,358,106218,,,Marcos Giron,R,180.0,USA,31.4,126846,,,Aleksandar Vukic,R,188.0,AUS,28.7,6-2 3-6 6-3,3,R32,103.0,4.0,0.0,72.0,41.0,29.0,22.0,13.0,2.0,4.0,8.0,3.0,89.0,58.0,40.0,12.0,13.0,4.0,8.0,45.0,1150.0,67.0,778.0,sackmann_archive_2025
2025-8998,Adelaide,Hard,28,A,2025-01-06,357,133430,,,Denis Shapovalov,L,185.0,CAN,25.7,111190,9.0,,Zhizhen Zhang,R,193.0,CHN,28.2,6-3 6-4,3,R32,67.0,9.0,4.0,54.0,32.0,31.0,12.0,10.0,0.0,0.0,4.0,2.0,53.0,30.0,21.0,14.0,9.0,3.0,5.0,58.0,981.0,47.0,1140.0,sackmann_archive_2025
2025-8998,Adelaide,Hard,28,A,2025-01-06,356,200175,,,Miomir Kecmanovic,R,183.0,SRB,25.3,122330,6.0,,Alexander Bublik,R,196.0,KAZ,27.5,6-4 6-2,3,R32,62.0,2.0,4.0,49.0,36.0,28.0,7.0,9.0,0.0,1.0,8.0,12.0,64.0,33.0,24.0,10.0,9.0,8.0,12.0,55.0,1021.0,33.0,1420.0,sackmann_archive_2025
2025-8998,Adelaide,Hard,28,A,2025-01-06,355,106331,,,Christopher Oconnell,R,183.0,AUS,30.5,126239,,,Arthur Rinderknech,R,196.0,FRA,29.4,7-5 7-6(5),3,R32,99.0,9.0,1.0,66.0,40.0,35.0,18.0,12.0,1.0,1.0,7.0,1.0,71.0,48.0,37.0,16.0,12.0,5.0,6.0,64.0,795.0,60.0,927.0,sackmann_archive_2025
2025-8998,Adelaide,Hard,28,A,2025-01-06,354,111454,,WC,Li Tu,R,183.0,AUS,28.6,105902,,Q,James Duckworth,R,183.0,AUS,32.9,6-1 7-5,3,R32,73.0,6.0,2.0,59.0,35.0,29.0,13.0,9.0,5.0,5.0,1.0,3.0,53.0,35.0,24.0,8.0,10.0,2.0,6.0,179.0,323.0,94.0,624.0,sackmann_archive_2025
2025-8998,Adelaide,Hard,28,A,2025-01-06,353,144869,8.0,,Tomas Martin Etcheverry,R,196.0,ARG,25.4,209262,,WC,Tristan Schoolkate,R,183.0,AUS,23.8,7-6(8) 6-3,3,R32,111.0,4.0,1.0,71.0,42.0,33.0,19.0,11.0,3.0,3.0,14.0,1.0,65.0,36.0,31.0,13.0,10.0,1.0,2.0,39.0,1315.0,173.0,336.0,sackmann_archive_2025
2025-8998,Adelaide,Hard,28,A,2025-01-06,352,106423,,WC,Thanasi Kokkinakis,R,193.0,AUS,28.7,106415,,,Yoshihito Nishioka,L,170.0,JPN,29.2,6-3 3-6 6-3,3,R32,130.0,15.0,3.0,88.0,60.0,44.0,14.0,14.0,3.0,5.0,4.0,2.0,89.0,54.0,36.0,18.0,13.0,9.0,12.0,77.0,716.0,63.0,807.0,sackmann_archive_2025
2025-8998,Adelaide,Hard,28,A,2025-01-06,351,200221,,,Alejandro Davidovich Fokina,R,183.0,ESP,25.5,105138,,,Roberto Bautista Agut,R,183.0,ESP,36.7,7-5 6-2,3,R32,103.0,5.0,3.0,74.0,44.0,32.0,15.0,10.0,1.0,2.0,1.0,5.0,70.0,44.0,28.0,11.0,10.0,5.0,9.0,68.0,775.0,51.0,1067.0,sackmann_archive_2025
2025-0301,Auckland,Hard,28,A,2025-01-06,386,104792,,,Gael Monfils,R,193.0,FRA,38.3,200267,,Q,Zizou Bergs,R,185.0,BEL,25.5,6-3 6-4,3,F,97.0,4.0,4.0,60.0,33.0,29.0,15.0,10.0,6.0,6.0,2.0,3.0,64.0,42.0,30.0,10.0,9.0,3.0,5.0,52.0,1030.0,66.0,783.0,sackmann_archive_2025
2025-0301,Auckland,Hard,28,A,2025-01-06,385,200267,,Q,Zizou Bergs,R,185.0,BEL,25.5,132686,7.0,,Nuno Borges,R,185.0,POR,27.8,6-2 3-6 7-5,3,SF,136.0,6.0,1.0,87.0,48.0,31.0,20.0,14.0,3.0,7.0,0.0,2.0,94.0,58.0,34.0,19.0,15.0,7.0,13.0,66.0,783.0,36.0,1370.0,sackmann_archive_2025
2025-0301,Auckland,Hard,28,A,2025-01-06,384,104792,,,Gael Monfils,R,193.0,FRA,38.3,210460,,Q,Nishesh Basavareddy,R,180.0,USA,19.6,7-6(5) 6-4,3,SF,106.0,7.0,2.0,88.0,48.0,36.0,22.0,11.0,5.0,5.0,3.0,0.0,59.0,38.0,27.0,17.0,11.0,1.0,2.0,52.0,1030.0,133.0,453.0,sackmann_archive_2025
2025-0301,Auckland,Hard,28,A,2025-01-06,383,132686,7.0,,Nuno Borges,R,185.0,POR,27.8,210150,,,Jakub Mensik,R,193.0,CZE,19.3,6-7(4) 6-2 7-6(4),3,QF,147.0,5.0,0.0,104.0,75.0,53.0,16.0,16.0,3.0,5.0,17.0,9.0,118.0,70.0,53.0,20.0,16.0,4.0,8.0,36.0,1370.0,49.0,1122.0,sackmann_archive_2025
2025-0301,Auckland,Hard,28,A,2025-01-06,382,200267,,Q,Zizou Bergs,R,185.0,BEL,25.5,106148,,,Roberto Carballes Baena,R,183.0,ESP,31.7,1-6 6-2 6-3,3,QF,112.0,2.0,2.0,65.0,37.0,26.0,13.0,12.0,1.0,5.0,2.0,4.0,74.0,45.0,32.0,8.0,12.0,6.0,11.0,66.0,783.0,59.0,981.0,sackmann_archive_2025
2025-0301,Auckland,Hard,28,A,2025-01-06,381,104792,,,Gael Monfils,R,193.0,FRA,38.3,207680,,LL,Facundo Diaz Acosta,L,183.0,ARG,24.0,6-3 6-1,3,QF,77.0,4.0,1.0,52.0,33.0,28.0,7.0,8.0,3.0,3.0,0.0,1.0,60.0,40.0,25.0,7.0,8.0,3.0,7.0,52.0,1030.0,78.0,714.0,sackmann_archive_2025
2025-0301,Auckland,Hard,28,A,2025-01-06,380,210460,,Q,Nishesh Basavareddy,R,180.0,USA,19.6,210506,8.0,,Alex Michelsen,R,193.0,USA,20.3,2-6 6-2 6-4,3,QF,102.0,4.0,2.0,79.0,46.0,37.0,17.0,13.0,5.0,7.0,5.0,2.0,73.0,46.0,36.0,9.0,13.0,3.0,6.0,133.0,453.0,41.0,1245.0,sackmann_archive_2025
2025-0301,Auckland,Hard,28,A,2025-01-06,379,210150,,,Jakub Mensik,R,193.0,CZE,19.3,210097,1.0,,Ben Shelton,L,193.0,USA,22.2,7-6(2) 4-6 7-5,3,R16,158.0,10.0,7.0,119.0,71.0,57.0,25.0,17.0,5.0,6.0,7.0,2.0,127.0,84.0,54.0,27.0,17.0,11.0,12.0,49.0,1122.0,21.0,2330.0,sackmann_archive_2025
2025-0301,Auckland,Hard,28,A,2025-01-06,378,132686,7.0,,Nuno Borges,R,185.0,POR,27.8,208363,,,Mariano Navone,R,178.0,ARG,23.8,4-6 7-5 6-4,3,R16,151.0,6.0,0.0,111.0,75.0,47.0,19.0,16.0,4.0,8.0,4.0,3.0,102.0,63.0,41.0,20.0,16.0,5.0,10.0,36.0,1370.0,46.0,1148.0,sackmann_archive_2025
2025-0301,Auckland,Hard,28,A,2025-01-06,377,106148,,,Roberto Carballes Baena,R,183.0,ESP,31.7,202103,4.0,,Francisco Cerundolo,R,185.0,ARG,26.4,6-2 7-5,3,R16,91.0,3.0,0.0,69.0,51.0,37.0,11.0,10.0,2.0,2.0,6.0,3.0,59.0,35.0,24.0,12.0,10.0,2.0,5.0,59.0,981.0,31.0,1620.0,sackmann_archive_2025
2025-0301,Auckland,Hard,28,A,2025-01-06,376,200267,,Q,Zizou Bergs,R,185.0,BEL,25.5,208134,,Q,Luca Nardi,R,185.0,ITA,21.4,6-1 6-4,3,R16,81.0,7.0,2.0,47.0,26.0,21.0,12.0,9.0,3.0,5.0,3.0,6.0,69.0,34.0,19.0,13.0,8.0,7.0,12.0,66.0,783.0,90.0,637.0,sackmann_archive_2025
2025-0301,Auckland,Hard,28,A,2025-01-06,375,104792,,,Gael Monfils,R,193.0,FRA,38.3,105526,,,Jan Lennard Struff,R,193.0,GER,34.7,6-1 7-6(5),3,R16,88.0,14.0,4.0,62.0,41.0,37.0,10.0,10.0,1.0,1.0,5.0,2.0,56.0,28.0,20.0,16.0,9.0,0.0,2.0,52.0,1030.0,42.0,1225.0,sackmann_archive_2025
2025-0301,Auckland,Hard,28,A,2025-01-06,374,207680,,LL,Facundo Diaz Acosta,L,183.0,ARG,24.0,202104,3.0,,Sebastian Baez,R,170.0,ARG,24.0,6-4 7-6(1),3,R16,128.0,4.0,5.0,79.0,44.0,32.0,18.0,11.0,4.0,7.0,1.0,1.0,75.0,50.0,31.0,12.0,11.0,5.0,9.0,78.0,714.0,28.0,1690.0,sackmann_archive_2025
2025-0301,Auckland,Hard,28,A,2025-01-06,373,210506,8.0,,Alex Michelsen,R,193.0,USA,20.3,132283,,,Lorenzo Sonego,R,191.0,ITA,29.6,7-6(3) 6-2,3,R16,117.0,1.0,2.0,70.0,50.0,39.0,11.0,10.0,3.0,3.0,6.0,1.0,89.0,71.0,45.0,8.0,10.0,8.0,10.0,41.0,1245.0,54.0,1026.0,sackmann_archive_2025
2025-0301,Auckland,Hard,28,A,2025-01-06,372,210460,,Q,Nishesh Basavareddy,R,180.0,USA,19.6,126214,2.0,,Alejandro Tabilo,L,188.0,CHI,27.5,6-4 5-7 6-4,3,R16,145.0,9.0,2.0,99.0,66.0,48.0,19.0,16.0,6.0,7.0,12.0,2.0,108.0,73.0,53.0,18.0,16.0,11.0,13.0,133.0,453.0,23.0,1943.0,sackmann_archive_2025
2025-0301,Auckland,Hard,28,A,2025-01-06,371,210150,,,Jakub Mensik,R,193.0,CZE,19.3,105807,,LL,Pablo Carreno Busta,R,188.0,ESP,33.4,6-2 4-6 7-5,3,R32,131.0,18.0,2.0,88.0,55.0,45.0,18.0,15.0,1.0,2.0,3.0,3.0,100.0,63.0,45.0,17.0,15.0,4.0,7.0,49.0,1122.0,184.0,317.0,sackmann_archive_2025
2025-0301,Auckland,Hard,28,A,2025-01-06,370,208363,,,Mariano Navone,R,178.0,ARG,23.8,105173,,LL,Adrian Mannarino,L,180.0,FRA,36.5,7-6(6) 6-7(5) 6-1,3,R32,187.0,5.0,7.0,116.0,72.0,51.0,21.0,16.0,3.0,7.0,3.0,4.0,112.0,58.0,35.0,29.0,15.0,10.0,16.0,46.0,1148.0,73.0,744.0,sackmann_archive_2025
2025-0301,Auckland,Hard,28,A,2025-01-06,369,132686,7.0,,Nuno Borges,R,185.0,POR,27.8,209260,,,Luciano Darderi,R,183.0,ITA,22.8,5-7 6-3 7-5,3,R32,122.0,1.0,1.0,86.0,59.0,41.0,18.0,16.0,2.0,5.0,8.0,5.0,97.0,55.0,36.0,24.0,17.0,2.0,7.0,36.0,1370.0,44.0,1198.0,sackmann_archive_2025
2025-0301,Auckland,Hard,28,A,2025-01-06,368,106148,,,Roberto Carballes Baena,R,183.0,ESP,31.7,127157,,LL,Daniel Altmaier,R,188.0,GER,26.3,6-3 3-6 7-5,3,R32,158.0,4.0,2.0,86.0,55.0,39.0,19.0,15.0,4.0,7.0,7.0,2.0,111.0,70.0,49.0,13.0,15.0,13.0,17.0,59.0,981.0,93.0,625.0,sackmann_archive_2025
2025-0301,Auckland,Hard,28,A,2025-01-06,367,200267,,Q,Zizou Bergs,R,185.0,BEL,25.5,208653,,WC,Isaac Becroft,R,180.0,NZL,24.1,6-3 7-5,3,R32,88.0,9.0,2.0,70.0,38.0,32.0,16.0,11.0,3.0,4.0,1.0,2.0,53.0,35.0,22.0,10.0,10.0,1.0,4.0,66.0,783.0,980.0,15.0,sackmann_archive_2025
2025-0301,Auckland,Hard,28,A,2025-01-06,366,208134,,Q,Luca Nardi,R,185.0,ITA,21.4,207925,6.0,,Flavio Cobolli,R,183.0,ITA,22.6,6-2 1-1 RET,3,R32,45.0,4.0,2.0,36.0,22.0,19.0,5.0,5.0,2.0,2.0,1.0,2.0,29.0,14.0,7.0,8.0,5.0,1.0,3.0,90.0,637.0,32.0,1512.0,sackmann_archive_2025
2025-0301,Auckland,Hard,28,A,2025-01-06,365,105526,,,Jan Lennard Struff,R,193.0,GER,34.7,207352,,,Bu Yunchaokete,R,185.0,CHN,22.9,6-3 6-4,3,R32,81.0,13.0,1.0,50.0,31.0,26.0,12.0,10.0,0.0,1.0,6.0,1.0,73.0,45.0,29.0,11.0,9.0,8.0,11.0,42.0,1225.0,65.0,784.0,sackmann_archive_2025
2025-0301,Auckland,Hard,28,A,2025-01-06,364,104792,,,Gael Monfils,R,193.0,FRA,38.3,124079,,,Pedro Martinez,R,185.0,ESP,27.6,1-6 7-6(5) 6-3,3,R32,144.0,8.0,3.0,86.0,51.0,38.0,17.0,15.0,1.0,5.0,1.0,3.0,83.0,58.0,41.0,15.0,13.0,3.0,5.0,52.0,1030.0,43.0,1220.0,sackmann_archive_2025
2025-0301,Auckland,Hard,28,A,2025-01-06,363,207680,,LL,Facundo Diaz Acosta,L,183.0,ARG,24.0,111815,,,Cameron Norrie,L,188.0,GBR,29.3,6-2 6-3,3,R32,82.0,1.0,5.0,54.0,40.0,28.0,5.0,9.0,3.0,5.0,1.0,1.0,50.0,33.0,19.0,4.0,8.0,5.0,10.0,78.0,714.0,48.0,1124.0,sackmann_archive_2025
2025-0301,Auckland,Hard,28,A,2025-01-06,362,210506,8.0,,Alex Michelsen,R,193.0,USA,20.3,111576,,Q,Sumit Nagal,R,178.0,IND,27.3,6-7(8) 6-4 6-2,3,R32,160.0,6.0,2.0,104.0,73.0,53.0,13.0,15.0,7.0,10.0,0.0,3.0,111.0,78.0,48.0,11.0,15.0,7.0,13.0,41.0,1245.0,96.0,622.0,sackmann_archive_2025
2025-0301,Auckland,Hard,28,A,2025-01-06,361,132283,,,Lorenzo Sonego,R,191.0,ITA,29.6,209113,,WC,Gabriel Diallo,R,203.0,CAN,23.2,7-6(5) 2-6 7-6(7),3,R32,178.0,4.0,2.0,116.0,85.0,58.0,22.0,16.0,10.0,13.0,8.0,3.0,108.0,77.0,60.0,18.0,16.0,3.0,4.0,54.0,1026.0,87.0,646.0,sackmann_archive_2025
2025-0301,Auckland,Hard,28,A,2025-01-06,360,210460,,Q,Nishesh Basavareddy,R,180.0,USA,19.6,207681,,LL,Francisco Comesana,R,178.0,ARG,24.2,6-2 6-2,3,R32,69.0,6.0,0.0,51.0,36.0,25.0,11.0,8.0,2.0,2.0,6.0,2.0,52.0,34.0,19.0,7.0,8.0,5.0,9.0,133.0,453.0,85.0,661.0,sackmann_archive_2025
2025-0375,Montpellier,Hard,28,A,2025-01-27,385,200000,2.0,,Felix Auger Aliassime,R,193.0,CAN,24.4,206499,,Q,Aleksandar Kovacevic,R,183.0,USA,26.4,6-2 6-7(7) 7-6(2),3,F,159.0,19.0,1.0,105.0,78.0,61.0,17.0,16.0,1.0,1.0,7.0,2.0,99.0,60.0,44.0,26.0,16.0,1.0,3.0,23.0,1855.0,102.0,577.0,sackmann_archive_2025
2025-0375,Montpellier,Hard,28,A,2025-01-27,384,206499,,Q,Aleksandar Kovacevic,R,183.0,USA,26.4,126094,1.0,WC,Andrey Rublev,R,188.0,RUS,27.2,7-5 6-4,3,SF,95.0,9.0,1.0,77.0,41.0,33.0,18.0,11.0,4.0,5.0,8.0,2.0,55.0,35.0,27.0,10.0,11.0,2.0,5.0,102.0,577.0,10.0,3130.0,sackmann_archive_2025
2025-0375,Montpellier,Hard,28,A,2025-01-27,383,200000,2.0,,Felix Auger Aliassime,R,193.0,CAN,24.4,207411,,,Jesper De Jong,R,180.0,NED,24.6,6-4 7-6(4),3,SF,123.0,12.0,6.0,70.0,42.0,31.0,16.0,11.0,2.0,3.0,11.0,2.0,86.0,57.0,40.0,11.0,11.0,11.0,13.0,23.0,1855.0,131.0,466.0,sackmann_archive_2025
2025-0375,Montpellier,Hard,28,A,2025-01-27,382,126094,1.0,WC,Andrey Rublev,R,188.0,RUS,27.2,105932,,Q,Nikoloz Basilashvili,R,185.0,GEO,32.9,5-2 RET,3,QF,26.0,7.0,0.0,18.0,10.0,9.0,6.0,3.0,0.0,0.0,4.0,1.0,21.0,8.0,6.0,6.0,4.0,0.0,2.0,10.0,3130.0,178.0,323.0,sackmann_archive_2025
2025-0375,Montpellier,Hard,28,A,2025-01-27,381,206499,,Q,Aleksandar Kovacevic,R,183.0,USA,26.4,122330,4.0,,Alexander Bublik,R,196.0,KAZ,27.6,6-3 6-2,3,QF,76.0,4.0,0.0,59.0,37.0,31.0,11.0,9.0,8.0,8.0,12.0,7.0,65.0,37.0,28.0,9.0,8.0,6.0,9.0,102.0,577.0,39.0,1330.0,sackmann_archive_2025
2025-0375,Montpellier,Hard,28,A,2025-01-27,380,207411,,,Jesper De Jong,R,180.0,NED,24.6,134868,5.0,,Tallon Griekspoor,R,188.0,NED,28.5,7-6(5) 6-4,3,QF,106.0,8.0,1.0,80.0,55.0,44.0,14.0,11.0,6.0,6.0,12.0,3.0,68.0,43.0,35.0,14.0,11.0,2.0,3.0,131.0,466.0,46.0,1190.0,sackmann_archive_2025
2025-0375,Montpellier,Hard,28,A,2025-01-27,379,200000,2.0,,Felix Auger Aliassime,R,193.0,CAN,24.4,207352,8.0,,Bu Yunchaokete,R,185.0,CHN,23.0,6-3 6-4,3,QF,83.0,11.0,0.0,51.0,35.0,30.0,11.0,10.0,0.0,0.0,3.0,0.0,53.0,27.0,22.0,13.0,9.0,3.0,5.0,23.0,1855.0,71.0,787.0,sackmann_archive_2025
2025-0375,Montpellier,Hard,28,A,2025-01-27,378,126094,1.0,WC,Andrey Rublev,R,188.0,RUS,27.2,111153,,,Christopher Eubanks,R,201.0,USA,28.7,6-4 6-3,3,R16,64.0,4.0,0.0,48.0,28.0,25.0,12.0,9.0,3.0,3.0,8.0,1.0,52.0,42.0,27.0,5.0,10.0,3.0,6.0,10.0,3130.0,111.0,548.0,sackmann_archive_2025
2025-0375,Montpellier,Hard,28,A,2025-01-27,377,105932,,Q,Nikoloz Basilashvili,R,185.0,GEO,32.9,126239,7.0,,Arthur Rinderknech,R,196.0,FRA,29.5,6-0 7-6(4),3,R16,97.0,7.0,1.0,66.0,42.0,29.0,14.0,9.0,3.0,4.0,7.0,3.0,72.0,47.0,28.0,8.0,9.0,4.0,8.0,178.0,323.0,61.0,924.0,sackmann_archive_2025
2025-0375,Montpellier,Hard,28,A,2025-01-27,376,122330,4.0,,Alexander Bublik,R,196.0,KAZ,27.6,136440,,,Dominik Koepfer,L,180.0,GER,30.7,6-4 6-2,3,R16,70.0,10.0,5.0,59.0,41.0,31.0,9.0,9.0,3.0,4.0,1.0,2.0,53.0,31.0,22.0,8.0,9.0,2.0,6.0,39.0,1330.0,118.0,515.0,sackmann_archive_2025
2025-0375,Montpellier,Hard,28,A,2025-01-27,375,206499,,Q,Aleksandar Kovacevic,R,183.0,USA,26.4,208233,,,Mattia Bellucci,L,175.0,ITA,23.6,7-5 7-6(5),3,R16,105.0,9.0,1.0,71.0,44.0,39.0,17.0,12.0,1.0,1.0,15.0,0.0,71.0,47.0,37.0,16.0,12.0,0.0,1.0,102.0,577.0,98.0,605.0,sackmann_archive_2025
2025-0375,Montpellier,Hard,28,A,2025-01-27,374,134868,5.0,,Tallon Griekspoor,R,188.0,NED,28.5,104755,,,Richard Gasquet,R,183.0,FRA,38.6,6-3 3-6 7-5,3,R16,123.0,18.0,2.0,97.0,68.0,51.0,15.0,15.0,8.0,9.0,11.0,3.0,85.0,49.0,40.0,19.0,15.0,3.0,5.0,46.0,1190.0,132.0,460.0,sackmann_archive_2025
2025-0375,Montpellier,Hard,28,A,2025-01-27,373,207411,,,Jesper De Jong,R,180.0,NED,24.6,207925,3.0,,Flavio Cobolli,R,183.0,ITA,22.7,6-3 7-6(2),3,R16,116.0,9.0,1.0,64.0,30.0,27.0,20.0,11.0,3.0,4.0,2.0,0.0,72.0,43.0,26.0,16.0,10.0,4.0,6.0,131.0,466.0,34.0,1392.0,sackmann_archive_2025
2025-0375,Montpellier,Hard,28,A,2025-01-27,372,207352,8.0,,Bu Yunchaokete,R,185.0,CHN,23.0,106005,,Q,Constant Lestienne,R,180.0,FRA,32.6,6-2 6-1,3,R16,63.0,9.0,0.0,39.0,22.0,19.0,11.0,7.0,1.0,1.0,4.0,4.0,61.0,32.0,22.0,7.0,8.0,9.0,14.0,71.0,787.0,177.0,323.0,sackmann_archive_2025
2025-0375,Montpellier,Hard,28,A,2025-01-27,371,200000,2.0,,Felix Auger Aliassime,R,193.0,CAN,24.4,209070,,,Arthur Cazaux,R,183.0,FRA,22.4,6-4 7-6(5),3,R16,107.0,11.0,2.0,55.0,43.0,36.0,7.0,11.0,0.0,1.0,5.0,3.0,72.0,47.0,31.0,13.0,11.0,4.0,6.0,23.0,1855.0,101.0,582.0,sackmann_archive_2025
2025-0375,Montpellier,Hard,28,A,2025-01-27,370,111153,,,Christopher Eubanks,R,201.0,USA,28.7,208230,,Q,Alibek Kachmazov,R,185.0,RUS,22.4,7-5 6-4,3,R32,80.0,8.0,1.0,62.0,47.0,38.0,6.0,11.0,3.0,4.0,4.0,1.0,61.0,38.0,26.0,11.0,11.0,1.0,4.0,111.0,548.0,199.0,299.0,sackmann_archive_2025
2025-0375,Montpellier,Hard,28,A,2025-01-27,369,105932,,Q,Nikoloz Basilashvili,R,185.0,GEO,32.9,105062,,,Mikhail Kukushkin,R,183.0,KAZ,37.0,6-3 3-6 5-0 RET,3,R32,104.0,8.0,1.0,71.0,38.0,30.0,17.0,12.0,2.0,4.0,8.0,0.0,69.0,38.0,22.0,16.0,11.0,4.0,8.0,178.0,323.0,112.0,541.0,sackmann_archive_2025
2025-0375,Montpellier,Hard,28,A,2025-01-27,368,126239,7.0,,Arthur Rinderknech,R,196.0,FRA,29.5,208004,,,Harold Mayot,R,180.0,FRA,22.9,7-6(2) 2-6 6-1,3,R32,130.0,16.0,7.0,106.0,61.0,48.0,21.0,14.0,14.0,16.0,5.0,1.0,75.0,51.0,41.0,11.0,13.0,1.0,3.0,61.0,924.0,130.0,472.0,sackmann_archive_2025
2025-0375,Montpellier,Hard,28,A,2025-01-27,367,136440,,,Dominik Koepfer,L,180.0,GER,30.7,106296,,WC,Gregoire Barrere,R,183.0,FRA,30.9,6-4 7-6(5),3,R32,95.0,6.0,2.0,81.0,52.0,42.0,10.0,11.0,7.0,9.0,2.0,4.0,64.0,37.0,25.0,15.0,11.0,0.0,3.0,118.0,515.0,144.0,406.0,sackmann_archive_2025
2025-0375,Montpellier,Hard,28,A,2025-01-27,366,208233,,,Mattia Bellucci,L,175.0,ITA,23.6,106298,,,Lucas Pouille,R,185.0,FRA,30.9,6-4 6-4,3,R32,100.0,8.0,1.0,70.0,40.0,34.0,14.0,10.0,10.0,10.0,6.0,5.0,69.0,34.0,31.0,11.0,10.0,7.0,9.0,98.0,605.0,104.0,575.0,sackmann_archive_2025
2025-0375,Montpellier,Hard,28,A,2025-01-27,365,206499,,Q,Aleksandar Kovacevic,R,183.0,USA,26.4,105676,6.0,,David Goffin,R,180.0,BEL,34.1,6-2 3-6 6-4,3,R32,114.0,9.0,5.0,83.0,46.0,38.0,16.0,14.0,4.0,6.0,8.0,1.0,75.0,45.0,34.0,16.0,13.0,3.0,6.0,102.0,577.0,56.0,994.0,sackmann_archive_2025
2025-0375,Montpellier,Hard,28,A,2025-01-27,364,134868,5.0,,Tallon Griekspoor,R,188.0,NED,28.5,122298,,,Botic Van De Zandschulp,R,191.0,NED,29.3,7-5 6-3,3,R32,95.0,8.0,2.0,77.0,47.0,34.0,13.0,11.0,5.0,7.0,4.0,10.0,57.0,28.0,21.0,10.0,10.0,0.0,4.0,46.0,1190.0,84.0,672.0,sackmann_archive_2025
2025-0375,Montpellier,Hard,28,A,2025-01-27,363,104755,,,Richard Gasquet,R,183.0,FRA,38.6,105173,,,Adrian Mannarino,L,180.0,FRA,36.5,6-3 6-2,3,R32,75.0,4.0,3.0,48.0,28.0,26.0,11.0,9.0,0.0,0.0,1.0,2.0,56.0,36.0,22.0,9.0,8.0,3.0,6.0,132.0,460.0,108.0,561.0,sackmann_archive_2025
2025-0375,Montpellier,Hard,28,A,2025-01-27,362,207411,,,Jesper De Jong,R,180.0,NED,24.6,111460,,WC,Quentin Halys,R,191.0,FRA,28.2,7-6(7) 2-0 RET,3,R32,72.0,6.0,3.0,46.0,25.0,21.0,15.0,7.0,0.0,0.0,11.0,4.0,51.0,30.0,25.0,8.0,7.0,1.0,2.0,131.0,466.0,74.0,756.0,sackmann_archive_2025
2025-0375,Montpellier,Hard,28,A,2025-01-27,361,207352,8.0,,Bu Yunchaokete,R,185.0,CHN,23.0,127157,,,Daniel Altmaier,R,188.0,GER,26.3,7-6(1) 6-3,3,R32,103.0,4.0,0.0,61.0,38.0,31.0,16.0,10.0,2.0,2.0,6.0,1.0,79.0,56.0,35.0,12.0,11.0,2.0,4.0,71.0,787.0,91.0,622.0,sackmann_archive_2025
2025-0375,Montpellier,Hard,28,A,2025-01-27,360,106005,,Q,Constant Lestienne,R,180.0,FRA,32.6,106432,,,Borna Coric,R,188.0,CRO,28.2,6-3 7-5,3,R32,98.0,2.0,2.0,62.0,42.0,33.0,10.0,11.0,1.0,2.0,7.0,0.0,61.0,41.0,29.0,8.0,10.0,2.0,5.0,177.0,323.0,103.0,575.0,sackmann_archive_2025
2025-0375,Montpellier,Hard,28,A,2025-01-27,359,209070,,,Arthur Cazaux,R,183.0,FRA,22.4,104527,,WC,Stan Wawrinka,R,183.0,SUI,39.8,6-4 6-3,3,R32,88.0,0.0,0.0,56.0,34.0,29.0,11.0,9.0,2.0,2.0,8.0,1.0,64.0,33.0,24.0,14.0,10.0,5.0,8.0,101.0,582.0,154.0,361.0,sackmann_archive_2025
2025-0424,Dallas,Hard,32,A,2025-02-03,385,133430,,,Denis Shapovalov,L,185.0,CAN,25.8,134770,2.0,,Casper Ruud,R,183.0,NOR,26.1,7-6(5) 6-3,3,F,100.0,13.0,2.0,73.0,50.0,36.0,15.0,11.0,1.0,1.0,5.0,1.0,73.0,55.0,35.0,12.0,10.0,4.0,5.0,54.0,1021.0,5.0,4160.0,sackmann_archive_2025
2025-0424,Dallas,Hard,32,A,2025-02-03,384,133430,,,Denis Shapovalov,L,185.0,CAN,25.8,126205,3.0,,Tommy Paul,R,185.0,USA,27.7,7-5 6-3,3,SF,94.0,6.0,4.0,78.0,50.0,39.0,13.0,11.0,3.0,3.0,2.0,0.0,57.0,34.0,24.0,12.0,10.0,1.0,3.0,54.0,1021.0,9.0,3495.0,sackmann_archive_2025
2025-0424,Dallas,Hard,32,A,2025-02-03,383,134770,2.0,,Casper Ruud,R,183.0,NOR,26.1,144719,,,Jaume Munar,R,183.0,ESP,27.7,6-2 2-6 7-6(4),3,SF,149.0,4.0,2.0,90.0,65.0,44.0,10.0,14.0,3.0,6.0,6.0,1.0,91.0,61.0,40.0,16.0,14.0,3.0,6.0,5.0,4160.0,64.0,882.0,sackmann_archive_2025
2025-0424,Dallas,Hard,32,A,2025-02-03,382,133430,,,Denis Shapovalov,L,185.0,CAN,25.8,207830,6.0,,Tomas Machac,R,183.0,CZE,24.3,7-6(5) 6-0,3,QF,74.0,6.0,5.0,54.0,30.0,22.0,16.0,9.0,1.0,2.0,3.0,0.0,56.0,40.0,21.0,9.0,9.0,2.0,6.0,54.0,1021.0,25.0,1805.0,sackmann_archive_2025
2025-0424,Dallas,Hard,32,A,2025-02-03,381,126205,3.0,,Tommy Paul,R,185.0,USA,27.7,124187,,WC,Reilly Opelka,R,211.0,USA,27.4,7-6(3) 6-2,3,QF,90.0,3.0,6.0,65.0,41.0,34.0,15.0,10.0,0.0,0.0,9.0,2.0,78.0,50.0,33.0,15.0,10.0,5.0,7.0,9.0,3495.0,145.0,391.0,sackmann_archive_2025
2025-0424,Dallas,Hard,32,A,2025-02-03,380,144719,,,Jaume Munar,R,183.0,ESP,27.7,208286,8.0,,Matteo Arnaldi,R,185.0,ITA,23.9,6-4 3-6 6-3,3,QF,136.0,4.0,5.0,89.0,57.0,43.0,20.0,14.0,4.0,5.0,4.0,4.0,90.0,58.0,45.0,16.0,14.0,3.0,5.0,64.0,882.0,39.0,1265.0,sackmann_archive_2025
2025-0424,Dallas,Hard,32,A,2025-02-03,379,134770,2.0,,Casper Ruud,R,183.0,NOR,26.1,106415,,,Yoshihito Nishioka,L,170.0,JPN,29.3,7-5 3-2 RET,3,QF,80.0,4.0,1.0,49.0,39.0,29.0,6.0,9.0,0.0,1.0,1.0,0.0,60.0,46.0,30.0,5.0,8.0,5.0,7.0,5.0,4160.0,67.0,847.0,sackmann_archive_2025
2025-0424,Dallas,Hard,32,A,2025-02-03,378,133430,,,Denis Shapovalov,L,185.0,CAN,25.8,126203,1.0,,Taylor Fritz,R,196.0,USA,27.2,2-6 6-3 7-6(2),3,R16,123.0,15.0,7.0,102.0,60.0,45.0,23.0,15.0,7.0,9.0,9.0,3.0,82.0,58.0,45.0,12.0,14.0,1.0,2.0,54.0,1021.0,4.0,5050.0,sackmann_archive_2025
2025-0424,Dallas,Hard,32,A,2025-02-03,377,207830,6.0,,Tomas Machac,R,183.0,CZE,24.3,208014,,,Rinky Hijikata,R,178.0,AUS,23.9,6-4 7-6(0),3,R16,87.0,10.0,2.0,60.0,38.0,28.0,14.0,11.0,0.0,2.0,1.0,2.0,70.0,42.0,26.0,15.0,11.0,5.0,8.0,25.0,1805.0,73.0,759.0,sackmann_archive_2025
2025-0424,Dallas,Hard,32,A,2025-02-03,376,126205,3.0,,Tommy Paul,R,185.0,USA,27.7,210319,,Q,Ethan Quinn,R,191.0,USA,20.8,6-4 5-7 6-4,3,R16,133.0,9.0,1.0,89.0,54.0,41.0,20.0,16.0,0.0,2.0,9.0,2.0,94.0,67.0,48.0,14.0,16.0,3.0,6.0,9.0,3495.0,199.0,307.0,sackmann_archive_2025
2025-0424,Dallas,Hard,32,A,2025-02-03,375,124187,,WC,Reilly Opelka,R,211.0,USA,27.4,111815,,,Cameron Norrie,L,188.0,GBR,29.4,4-6 7-6(5) 6-4,3,R16,150.0,18.0,2.0,103.0,58.0,47.0,25.0,16.0,5.0,6.0,7.0,2.0,100.0,66.0,52.0,19.0,16.0,3.0,4.0,145.0,391.0,63.0,892.0,sackmann_archive_2025
2025-0424,Dallas,Hard,32,A,2025-02-03,374,208286,8.0,,Matteo Arnaldi,R,185.0,ITA,23.9,200221,,,Alejandro Davidovich Fokina,R,183.0,ESP,25.6,6-1 6-3,3,R16,67.0,2.0,0.0,50.0,31.0,25.0,10.0,8.0,2.0,2.0,2.0,0.0,49.0,35.0,19.0,6.0,8.0,6.0,10.0,39.0,1265.0,59.0,940.0,sackmann_archive_2025
2025-0424,Dallas,Hard,32,A,2025-02-03,373,144719,,,Jaume Munar,R,183.0,ESP,27.7,210097,4.0,,Ben Shelton,L,193.0,USA,22.3,6-2 7-6(3),3,R16,94.0,2.0,3.0,63.0,47.0,39.0,8.0,10.0,2.0,2.0,7.0,2.0,61.0,36.0,27.0,12.0,10.0,0.0,2.0,64.0,882.0,13.0,2980.0,sackmann_archive_2025
2025-0424,Dallas,Hard,32,A,2025-02-03,372,106415,,,Yoshihito Nishioka,L,170.0,JPN,29.3,126207,5.0,,Frances Tiafoe,R,188.0,USA,27.0,3-6 6-4 6-3,3,R16,125.0,7.0,2.0,92.0,64.0,45.0,16.0,14.0,6.0,8.0,12.0,4.0,83.0,50.0,38.0,16.0,14.0,2.0,5.0,67.0,847.0,18.0,2560.0,sackmann_archive_2025
2025-0424,Dallas,Hard,32,A,2025-02-03,371,134770,2.0,,Casper Ruud,R,183.0,NOR,26.1,111581,,Q,Michael Mmoh,R,188.0,USA,27.0,6-1 6-4,3,R16,70.0,7.0,0.0,49.0,37.0,26.0,9.0,9.0,1.0,2.0,5.0,3.0,43.0,28.0,16.0,6.0,8.0,4.0,8.0,5.0,4160.0,422.0,106.0,sackmann_archive_2025
2025-0424,Dallas,Hard,32,A,2025-02-03,370,126203,1.0,,Taylor Fritz,R,196.0,USA,27.2,126239,,,Arthur Rinderknech,R,196.0,FRA,29.5,6-4 6-2,3,R32,66.0,11.0,0.0,43.0,29.0,27.0,9.0,9.0,0.0,0.0,5.0,1.0,58.0,37.0,27.0,6.0,9.0,6.0,9.0,4.0,5050.0,60.0,936.0,sackmann_archive_2025
2025-0424,Dallas,Hard,32,A,2025-02-03,369,133430,,,Denis Shapovalov,L,185.0,CAN,25.8,200175,,,Miomir Kecmanovic,R,183.0,SRB,25.4,6-3 6-7(5) 6-3,3,R32,120.0,20.0,4.0,98.0,59.0,52.0,19.0,16.0,4.0,5.0,4.0,4.0,93.0,64.0,47.0,14.0,14.0,3.0,6.0,54.0,1021.0,55.0,996.0,sackmann_archive_2025
2025-0424,Dallas,Hard,32,A,2025-02-03,368,208014,,,Rinky Hijikata,R,178.0,AUS,23.9,105173,,,Adrian Mannarino,L,180.0,FRA,36.5,7-5 6-3,3,R32,86.0,5.0,0.0,61.0,42.0,33.0,12.0,11.0,0.0,0.0,8.0,1.0,61.0,40.0,29.0,10.0,10.0,1.0,3.0,73.0,759.0,107.0,561.0,sackmann_archive_2025
2025-0424,Dallas,Hard,32,A,2025-02-03,367,207830,6.0,,Tomas Machac,R,183.0,CZE,24.3,105453,,,Kei Nishikori,R,178.0,JPN,35.0,6-2 6-2,3,R32,62.0,7.0,1.0,48.0,29.0,24.0,11.0,8.0,4.0,4.0,2.0,0.0,48.0,31.0,19.0,7.0,8.0,3.0,7.0,25.0,1805.0,71.0,793.0,sackmann_archive_2025
2025-0424,Dallas,Hard,32,A,2025-02-03,366,126205,3.0,,Tommy Paul,R,185.0,USA,27.7,202385,,WC,Jenson Brooksby,R,188.0,USA,24.2,6-7(6) 6-3 6-4,3,R32,159.0,7.0,4.0,98.0,62.0,45.0,18.0,15.0,6.0,9.0,3.0,1.0,108.0,81.0,49.0,12.0,16.0,4.0,10.0,9.0,3495.0,1093.0,10.0,sackmann_archive_2025
2025-0424,Dallas,Hard,32,A,2025-02-03,365,210319,,Q,Ethan Quinn,R,191.0,USA,20.8,212216,,WC,Trevor Svajda,R,175.0,USA,18.7,6-4 6-2,3,R32,85.0,9.0,1.0,55.0,43.0,33.0,7.0,9.0,2.0,2.0,0.0,1.0,74.0,52.0,30.0,10.0,9.0,6.0,9.0,199.0,307.0,669.0,43.0,sackmann_archive_2025
2025-0424,Dallas,Hard,32,A,2025-02-03,364,124187,,WC,Reilly Opelka,R,211.0,USA,27.4,207686,,,Alexander Shevchenko,R,185.0,KAZ,24.1,7-6(3) 6-4,3,R32,76.0,18.0,0.0,63.0,41.0,34.0,15.0,11.0,0.0,0.0,8.0,2.0,61.0,44.0,36.0,7.0,11.0,0.0,1.0,145.0,391.0,82.0,693.0,sackmann_archive_2025
2025-0424,Dallas,Hard,32,A,2025-02-03,363,111815,,,Cameron Norrie,L,188.0,GBR,29.4,210506,7.0,,Alex Michelsen,R,193.0,USA,20.4,2-6 7-6(1) 6-1,3,R32,122.0,7.0,2.0,107.0,77.0,52.0,13.0,14.0,11.0,14.0,7.0,2.0,77.0,57.0,44.0,8.0,13.0,5.0,8.0,63.0,892.0,36.0,1370.0,sackmann_archive_2025
2025-0424,Dallas,Hard,32,A,2025-02-03,362,208286,8.0,,Matteo Arnaldi,R,185.0,ITA,23.9,111153,,Q,Christopher Eubanks,R,201.0,USA,28.7,6-3 6-4,3,R32,79.0,5.0,4.0,62.0,38.0,29.0,15.0,10.0,2.0,2.0,7.0,1.0,55.0,42.0,32.0,4.0,9.0,2.0,4.0,39.0,1265.0,104.0,567.0,sackmann_archive_2025
2025-0424,Dallas,Hard,32,A,2025-02-03,361,200221,,,Alejandro Davidovich Fokina,R,183.0,ESP,25.6,200587,,Q,Brandon Holt,R,185.0,USA,26.8,6-1 7-5,3,R32,81.0,6.0,0.0,61.0,43.0,32.0,12.0,10.0,3.0,3.0,4.0,1.0,58.0,40.0,25.0,7.0,9.0,3.0,6.0,59.0,940.0,179.0,324.0,sackmann_archive_2025
2025-0424,Dallas,Hard,32,A,2025-02-03,360,144719,,,Jaume Munar,R,183.0,ESP,27.7,207352,,,Bu Yunchaokete,R,185.0,CHN,23.0,7-5 6-2,3,R32,114.0,3.0,2.0,58.0,40.0,29.0,10.0,10.0,3.0,4.0,8.0,0.0,69.0,44.0,28.0,10.0,10.0,8.0,12.0,64.0,882.0,68.0,830.0,sackmann_archive_2025
2025-0424,Dallas,Hard,32,A,2025-02-03,359,210097,4.0,,Ben Shelton,L,193.0,USA,22.3,126846,,,Aleksandar Vukic,R,188.0,AUS,28.8,6-3 6-3,3,R32,63.0,6.0,4.0,49.0,29.0,26.0,11.0,9.0,0.0,0.0,4.0,1.0,50.0,35.0,24.0,6.0,9.0,1.0,4.0,13.0,2980.0,66.0,868.0,sackmann_archive_2025
2025-0424,Dallas,Hard,32,A,2025-02-03,358,126207,5.0,,Frances Tiafoe,R,188.0,USA,27.0,106121,,,Taro Daniel,R,191.0,JPN,32.0,6-1 3-6 6-4,3,R32,104.0,8.0,3.0,77.0,43.0,32.0,19.0,13.0,3.0,5.0,4.0,3.0,75.0,47.0,36.0,9.0,13.0,4.0,8.0,18.0,2560.0,117.0,519.0,sackmann_archive_2025
2025-0424,Dallas,Hard,32,A,2025-02-03,357,106415,,,Yoshihito Nishioka,L,170.0,JPN,29.3,206909,,,Brandon Nakashima,R,188.0,USA,23.5,6-4 7-6(6),3,R32,101.0,3.0,2.0,65.0,38.0,31.0,19.0,11.0,0.0,0.0,8.0,1.0,69.0,49.0,35.0,14.0,11.0,4.0,5.0,67.0,847.0,42.0,1250.0,sackmann_archive_2025
2025-0424,Dallas,Hard,32,A,2025-02-03,356,111581,,Q,Michael Mmoh,R,188.0,USA,27.0,106148,,,Roberto Carballes Baena,R,183.0,ESP,31.8,6-1 3-6 6-4,3,R32,166.0,9.0,0.0,89.0,57.0,32.0,15.0,13.0,5.0,10.0,3.0,0.0,85.0,60.0,28.0,13.0,13.0,4.0,11.0,422.0,106.0,51.0,1071.0,sackmann_archive_2025
2025-0424,Dallas,Hard,32,A,2025-02-03,355,134770,2.0,,Casper Ruud,R,183.0,NOR,26.1,105902,,LL,James Duckworth,R,183.0,AUS,33.0,7-5 4-6 6-2,3,R32,130.0,8.0,4.0,91.0,62.0,48.0,17.0,15.0,10.0,11.0,12.0,2.0,92.0,65.0,45.0,14.0,15.0,3.0,6.0,5.0,4160.0,86.0,665.0,sackmann_archive_2025
2025-0407,Rotterdam,Hard,32,A,2025-02-03,385,207989,1.0,,Carlos Alcaraz,R,183.0,ESP,21.7,200282,3.0,,Alex De Minaur,R,183.0,AUS,25.9,6-4 3-6 6-2,3,F,114.0,2.0,1.0,76.0,51.0,34.0,16.0,13.0,3.0,5.0,1.0,4.0,78.0,48.0,35.0,14.0,14.0,4.0,8.0,3.0,7010.0,8.0,3735.0,sackmann_archive_2025
2025-0407,Rotterdam,Hard,32,A,2025-02-03,384,207989,1.0,,Carlos Alcaraz,R,183.0,ESP,21.7,128034,8.0,,Hubert Hurkacz,R,196.0,POL,27.9,6-4 6-7(5) 6-3,3,SF,140.0,5.0,4.0,96.0,59.0,47.0,20.0,16.0,5.0,6.0,10.0,1.0,99.0,62.0,45.0,19.0,15.0,6.0,9.0,3.0,7010.0,21.0,2205.0,sackmann_archive_2025
2025-0407,Rotterdam,Hard,32,A,2025-02-03,383,200282,3.0,,Alex De Minaur,R,183.0,AUS,25.9,208233,,Q,Mattia Bellucci,L,175.0,ITA,23.6,6-1 6-2,3,SF,67.0,1.0,1.0,44.0,18.0,14.0,18.0,8.0,0.0,0.0,0.0,2.0,45.0,24.0,17.0,5.0,7.0,0.0,4.0,8.0,3735.0,92.0,624.0,sackmann_archive_2025
2025-0407,Rotterdam,Hard,32,A,2025-02-03,382,207989,1.0,,Carlos Alcaraz,R,183.0,ESP,21.7,124079,,,Pedro Martinez,R,185.0,ESP,27.7,6-2 6-1,3,QF,70.0,7.0,2.0,36.0,23.0,21.0,8.0,7.0,0.0,0.0,0.0,4.0,57.0,39.0,20.0,6.0,8.0,5.0,10.0,3.0,7010.0,44.0,1205.0,sackmann_archive_2025
2025-0407,Rotterdam,Hard,32,A,2025-02-03,381,128034,8.0,,Hubert Hurkacz,R,196.0,POL,27.9,126094,4.0,,Andrey Rublev,R,188.0,RUS,27.2,6-7(5) 6-3 6-4,3,QF,144.0,17.0,1.0,94.0,60.0,48.0,19.0,16.0,4.0,5.0,5.0,6.0,114.0,71.0,51.0,17.0,15.0,7.0,10.0,21.0,2205.0,10.0,3220.0,sackmann_archive_2025
2025-0407,Rotterdam,Hard,32,A,2025-02-03,380,200282,3.0,,Alex De Minaur,R,183.0,AUS,25.9,127157,,LL,Daniel Altmaier,R,188.0,GER,26.3,6-1 6-4,3,QF,87.0,0.0,2.0,54.0,26.0,20.0,18.0,9.0,4.0,5.0,3.0,1.0,60.0,30.0,21.0,10.0,8.0,4.0,8.0,8.0,3735.0,93.0,622.0,sackmann_archive_2025
2025-0407,Rotterdam,Hard,32,A,2025-02-03,379,208233,,Q,Mattia Bellucci,L,175.0,ITA,23.6,126774,6.0,WC,Stefanos Tsitsipas,R,193.0,GRE,26.4,6-4 6-2,3,QF,85.0,5.0,2.0,57.0,33.0,25.0,16.0,9.0,4.0,4.0,4.0,1.0,58.0,35.0,25.0,9.0,9.0,7.0,10.0,92.0,624.0,12.0,3005.0,sackmann_archive_2025
2025-0407,Rotterdam,Hard,32,A,2025-02-03,378,207989,1.0,,Carlos Alcaraz,R,183.0,ESP,21.7,131934,,Q,Andrea Vavassori,R,193.0,ITA,29.7,6-2 6-1,3,R16,63.0,1.0,0.0,36.0,26.0,22.0,7.0,7.0,1.0,1.0,4.0,4.0,59.0,36.0,19.0,8.0,8.0,3.0,8.0,3.0,7010.0,317.0,163.0,sackmann_archive_2025
2025-0407,Rotterdam,Hard,32,A,2025-02-03,377,124079,,,Pedro Martinez,R,185.0,ESP,27.7,208029,5.0,,Holger Rune,R,188.0,DEN,21.7,6-4 6-1,3,R16,83.0,0.0,2.0,49.0,34.0,25.0,11.0,9.0,1.0,2.0,2.0,1.0,58.0,33.0,17.0,13.0,8.0,4.0,8.0,44.0,1205.0,14.0,2970.0,sackmann_archive_2025
2025-0407,Rotterdam,Hard,32,A,2025-02-03,376,126094,4.0,,Andrey Rublev,R,188.0,RUS,27.2,206681,,,Fabian Marozsan,R,193.0,HUN,25.3,7-6(2) 7-6(7),3,R16,105.0,10.0,0.0,78.0,46.0,34.0,20.0,12.0,2.0,4.0,7.0,3.0,79.0,54.0,36.0,15.0,12.0,1.0,3.0,10.0,3220.0,57.0,960.0,sackmann_archive_2025
2025-0407,Rotterdam,Hard,32,A,2025-02-03,375,128034,8.0,,Hubert Hurkacz,R,196.0,POL,27.9,208103,,,Jiri Lehecka,R,185.0,CZE,23.2,7-5 2-0 RET,3,R16,55.0,6.0,0.0,43.0,29.0,24.0,8.0,7.0,4.0,4.0,3.0,0.0,38.0,26.0,16.0,8.0,7.0,0.0,2.0,21.0,2205.0,24.0,1810.0,sackmann_archive_2025
2025-0407,Rotterdam,Hard,32,A,2025-02-03,374,127157,,LL,Daniel Altmaier,R,188.0,GER,26.3,209950,7.0,,Arthur Fils,R,185.0,FRA,20.6,6-4 3-6 7-5,3,R16,146.0,11.0,1.0,86.0,53.0,39.0,16.0,15.0,1.0,4.0,6.0,4.0,116.0,68.0,45.0,24.0,16.0,9.0,13.0,93.0,622.0,19.0,2330.0,sackmann_archive_2025
2025-0407,Rotterdam,Hard,32,A,2025-02-03,373,200282,3.0,,Alex De Minaur,R,183.0,AUS,25.9,210150,,,Jakub Mensik,R,193.0,CZE,19.4,6-4 6-4,3,R16,88.0,2.0,2.0,52.0,35.0,29.0,13.0,10.0,0.0,0.0,12.0,5.0,76.0,43.0,34.0,10.0,10.0,6.0,8.0,8.0,3735.0,47.0,1182.0,sackmann_archive_2025
2025-0407,Rotterdam,Hard,32,A,2025-02-03,372,126774,6.0,WC,Stefanos Tsitsipas,R,193.0,GRE,26.4,134868,,,Tallon Griekspoor,R,188.0,NED,28.5,6-7(5) 7-6(6) 7-5,3,R16,179.0,12.0,5.0,116.0,71.0,57.0,26.0,18.0,3.0,5.0,10.0,2.0,131.0,89.0,65.0,21.0,18.0,6.0,9.0,12.0,3005.0,43.0,1230.0,sackmann_archive_2025
2025-0407,Rotterdam,Hard,32,A,2025-02-03,371,208233,,Q,Mattia Bellucci,L,175.0,ITA,23.6,106421,2.0,,Daniil Medvedev,R,198.0,RUS,28.9,6-3 6-7(6) 6-3,3,R16,174.0,2.0,1.0,131.0,85.0,56.0,25.0,16.0,11.0,12.0,9.0,8.0,93.0,53.0,44.0,17.0,14.0,5.0,8.0,92.0,624.0,7.0,3780.0,sackmann_archive_2025
2025-0407,Rotterdam,Hard,32,A,2025-02-03,370,207989,1.0,,Carlos Alcaraz,R,183.0,ESP,21.7,122298,,WC,Botic Van De Zandschulp,R,191.0,NED,29.3,7-6(3) 3-6 6-1,3,R32,154.0,3.0,5.0,95.0,53.0,36.0,22.0,14.0,4.0,7.0,4.0,8.0,100.0,63.0,41.0,16.0,14.0,5.0,9.0,3.0,7010.0,84.0,672.0,sackmann_archive_2025
2025-0407,Rotterdam,Hard,32,A,2025-02-03,369,131934,,Q,Andrea Vavassori,R,193.0,ITA,29.7,200000,,,Felix Auger Aliassime,R,193.0,CAN,24.4,6-7(3) 6-4 0-0 RET,3,R32,100.0,5.0,5.0,70.0,43.0,36.0,13.0,11.0,3.0,4.0,5.0,3.0,64.0,43.0,33.0,12.0,11.0,1.0,3.0,317.0,163.0,23.0,2005.0,sackmann_archive_2025
2025-0407,Rotterdam,Hard,32,A,2025-02-03,368,124079,,,Pedro Martinez,R,185.0,ESP,27.7,105138,,,Roberto Bautista Agut,R,183.0,ESP,36.8,6-3 6-2,3,R32,101.0,0.0,2.0,52.0,30.0,18.0,16.0,8.0,5.0,6.0,1.0,2.0,66.0,38.0,21.0,11.0,9.0,8.0,13.0,44.0,1205.0,52.0,1067.0,sackmann_archive_2025
2025-0407,Rotterdam,Hard,32,A,2025-02-03,367,208029,5.0,,Holger Rune,R,188.0,DEN,21.7,132283,,,Lorenzo Sonego,R,191.0,ITA,29.7,7-6(4) 6-4,3,R32,131.0,5.0,0.0,72.0,41.0,32.0,18.0,11.0,1.0,2.0,3.0,2.0,98.0,58.0,38.0,18.0,11.0,11.0,13.0,14.0,2970.0,34.0,1376.0,sackmann_archive_2025
2025-0407,Rotterdam,Hard,32,A,2025-02-03,366,126094,4.0,,Andrey Rublev,R,188.0,RUS,27.2,111190,,,Zhizhen Zhang,R,193.0,CHN,28.3,6-3 6-4,3,R32,82.0,7.0,1.0,61.0,37.0,29.0,15.0,10.0,1.0,1.0,8.0,4.0,70.0,38.0,27.0,16.0,9.0,6.0,8.0,10.0,3220.0,50.0,1100.0,sackmann_archive_2025
2025-0407,Rotterdam,Hard,32,A,2025-02-03,365,206681,,,Fabian Marozsan,R,193.0,HUN,25.3,105526,,,Jan Lennard Struff,R,193.0,GER,34.7,6-3 4-6 7-6(3),3,R32,115.0,7.0,1.0,102.0,69.0,53.0,19.0,16.0,1.0,2.0,13.0,4.0,93.0,47.0,39.0,27.0,15.0,3.0,4.0,57.0,960.0,45.0,1200.0,sackmann_archive_2025
2025-0407,Rotterdam,Hard,32,A,2025-02-03,364,208103,,,Jiri Lehecka,R,185.0,CZE,23.2,200615,,,Alexei Popyrin,R,196.0,AUS,25.5,7-5 6-2,3,R32,87.0,5.0,3.0,66.0,45.0,33.0,12.0,10.0,2.0,2.0,3.0,2.0,54.0,32.0,25.0,8.0,10.0,1.0,4.0,24.0,1810.0,26.0,1800.0,sackmann_archive_2025
2025-0407,Rotterdam,Hard,32,A,2025-02-03,363,128034,8.0,,Hubert Hurkacz,R,196.0,POL,27.9,207925,,,Flavio Cobolli,R,183.0,ITA,22.7,6-3 6-2,3,R32,77.0,7.0,1.0,48.0,27.0,23.0,14.0,9.0,1.0,1.0,4.0,3.0,55.0,33.0,21.0,10.0,8.0,3.0,6.0,21.0,2205.0,35.0,1372.0,sackmann_archive_2025
2025-0407,Rotterdam,Hard,32,A,2025-02-03,362,209950,7.0,,Arthur Fils,R,185.0,FRA,20.6,106005,,Q,Constant Lestienne,R,180.0,FRA,32.7,6-7(4) 6-2 6-1,3,R32,128.0,14.0,0.0,90.0,49.0,36.0,24.0,13.0,3.0,4.0,1.0,3.0,87.0,47.0,28.0,21.0,14.0,7.0,13.0,19.0,2330.0,169.0,336.0,sackmann_archive_2025
2025-0407,Rotterdam,Hard,32,A,2025-02-03,361,127157,,LL,Daniel Altmaier,R,188.0,GER,26.3,206499,,SE,Aleksandar Kovacevic,R,183.0,USA,26.4,1-6 6-4 6-3,3,R32,108.0,9.0,1.0,72.0,37.0,31.0,18.0,13.0,1.0,3.0,3.0,2.0,75.0,43.0,33.0,15.0,13.0,2.0,4.0,93.0,622.0,75.0,748.0,sackmann_archive_2025
2025-0407,Rotterdam,Hard,32,A,2025-02-03,360,210150,,,Jakub Mensik,R,193.0,CZE,19.4,122330,,,Alexander Bublik,R,196.0,KAZ,27.6,6-4 6-4,3,R32,59.0,10.0,3.0,50.0,33.0,29.0,10.0,10.0,0.0,1.0,5.0,2.0,58.0,32.0,27.0,10.0,10.0,4.0,7.0,47.0,1182.0,49.0,1130.0,sackmann_archive_2025
2025-0407,Rotterdam,Hard,32,A,2025-02-03,359,200282,3.0,,Alex De Minaur,R,183.0,AUS,25.9,105676,,,David Goffin,R,180.0,BEL,34.1,6-2 6-4,3,R32,96.0,4.0,1.0,60.0,28.0,20.0,22.0,9.0,3.0,3.0,2.0,0.0,72.0,37.0,27.0,14.0,9.0,7.0,10.0,8.0,3735.0,56.0,994.0,sackmann_archive_2025
2025-0407,Rotterdam,Hard,32,A,2025-02-03,358,126774,6.0,WC,Stefanos Tsitsipas,R,193.0,GRE,26.4,208004,,Q,Harold Mayot,R,180.0,FRA,22.9,6-1 7-5,3,R32,83.0,4.0,2.0,55.0,31.0,27.0,16.0,10.0,0.0,0.0,1.0,1.0,65.0,39.0,22.0,15.0,9.0,10.0,13.0,12.0,3005.0,138.0,428.0,sackmann_archive_2025
2025-0407,Rotterdam,Hard,32,A,2025-02-03,357,134868,,,Tallon Griekspoor,R,188.0,NED,28.5,126610,,,Matteo Berrettini,R,196.0,ITA,28.8,6-3 6-7(2) 7-6(4),3,R32,142.0,8.0,3.0,103.0,61.0,51.0,26.0,17.0,1.0,1.0,13.0,3.0,86.0,56.0,48.0,23.0,16.0,0.0,1.0,43.0,1230.0,33.0,1430.0,sackmann_archive_2025
2025-0407,Rotterdam,Hard,32,A,2025-02-03,356,208233,,Q,Mattia Bellucci,L,175.0,ITA,23.6,212219,,WC,Mees Rottgering,L,180.0,NED,17.5,6-3 6-2,3,R32,102.0,10.0,4.0,59.0,39.0,31.0,9.0,9.0,5.0,6.0,0.0,2.0,70.0,40.0,23.0,13.0,8.0,5.0,9.0,92.0,624.0,839.0,24.0,sackmann_archive_2025
2025-0407,Rotterdam,Hard,32,A,2025-02-03,355,106421,2.0,,Daniil Medvedev,R,198.0,RUS,28.9,104527,,WC,Stan Wawrinka,R,183.0,SUI,39.8,6-7(8) 6-4 6-1,3,R32,147.0,7.0,6.0,88.0,57.0,42.0,15.0,14.0,5.0,7.0,4.0,4.0,106.0,55.0,39.0,17.0,15.0,5.0,11.0,7.0,3780.0,155.0,361.0,sackmann_archive_2025
2025-0506,Buenos Aires,Clay,28,A,2025-02-10,385,211663,,,Joao Fonseca,R,185.0,BRA,18.4,202103,5.0,,Francisco Cerundolo,R,185.0,ARG,26.4,6-4 7-6(1),3,F,105.0,4.0,2.0,75.0,48.0,35.0,12.0,11.0,1.0,4.0,3.0,1.0,68.0,43.0,23.0,16.0,11.0,5.0,9.0,99.0,600.0,28.0,1670.0,sackmann_archive_2025
2025-0506,Buenos Aires,Clay,28,A,2025-02-10,384,202103,5.0,,Francisco Cerundolo,R,185.0,ARG,26.4,124079,,,Pedro Martinez,R,185.0,ESP,27.7,6-2 6-4,3,SF,93.0,8.0,0.0,65.0,46.0,33.0,11.0,9.0,7.0,7.0,0.0,0.0,60.0,44.0,25.0,10.0,9.0,2.0,5.0,28.0,1670.0,41.0,1295.0,sackmann_archive_2025
2025-0506,Buenos Aires,Clay,28,A,2025-02-10,383,211663,,,Joao Fonseca,R,185.0,BRA,18.4,111513,,Q,Laslo Djere,R,188.0,SRB,29.6,7-6(3) 5-7 6-1,3,SF,156.0,8.0,2.0,93.0,66.0,51.0,15.0,16.0,4.0,6.0,2.0,3.0,107.0,61.0,44.0,23.0,15.0,8.0,11.0,99.0,600.0,112.0,525.0,sackmann_archive_2025
2025-0506,Buenos Aires,Clay,28,A,2025-02-10,382,202103,5.0,,Francisco Cerundolo,R,185.0,ARG,26.4,100644,1.0,,Alexander Zverev,R,198.0,GER,27.8,3-6 6-3 6-2,3,QF,132.0,2.0,4.0,87.0,62.0,40.0,15.0,13.0,5.0,7.0,5.0,3.0,82.0,59.0,40.0,8.0,13.0,1.0,5.0,28.0,1670.0,2.0,8135.0,sackmann_archive_2025
2025-0506,Buenos Aires,Clay,28,A,2025-02-10,381,124079,,,Pedro Martinez,R,185.0,ESP,27.7,207518,,,Lorenzo Musetti,R,185.0,ITA,22.9,W/O,3,QF,,,,,,,,,,,,,,,,,,,,41.0,1295.0,16.0,2650.0,sackmann_archive_2025
2025-0506,Buenos Aires,Clay,28,A,2025-02-10,380,111513,,Q,Laslo Djere,R,188.0,SRB,29.6,205734,,,Thiago Seyboth Wild,R,185.0,BRA,24.9,7-6(3) 6-3,3,QF,98.0,7.0,0.0,63.0,43.0,37.0,13.0,11.0,2.0,2.0,3.0,0.0,68.0,42.0,26.0,18.0,10.0,3.0,4.0,112.0,525.0,77.0,732.0,sackmann_archive_2025
2025-0506,Buenos Aires,Clay,28,A,2025-02-10,379,211663,,,Joao Fonseca,R,185.0,BRA,18.4,208363,,,Mariano Navone,R,178.0,ARG,23.9,3-6 6-4 7-5,3,QF,174.0,10.0,3.0,110.0,73.0,44.0,18.0,15.0,9.0,14.0,2.0,0.0,102.0,61.0,30.0,29.0,16.0,6.0,12.0,99.0,600.0,47.0,1158.0,sackmann_archive_2025
2025-0506,Buenos Aires,Clay,28,A,2025-02-10,378,100644,1.0,,Alexander Zverev,R,198.0,GER,27.8,105583,,,Dusan Lajovic,R,183.0,SRB,34.6,6-4 6-4,3,R16,97.0,6.0,4.0,63.0,45.0,36.0,7.0,10.0,3.0,4.0,4.0,2.0,81.0,61.0,39.0,7.0,10.0,4.0,7.0,2.0,8135.0,81.0,717.0,sackmann_archive_2025
2025-0506,Buenos Aires,Clay,28,A,2025-02-10,377,202103,5.0,,Francisco Cerundolo,R,185.0,ARG,26.4,207678,,Q,Juan Manuel Cerundolo,L,183.0,ARG,23.2,6-2 6-3,3,R16,77.0,2.0,1.0,54.0,35.0,26.0,14.0,9.0,4.0,4.0,1.0,3.0,55.0,31.0,17.0,11.0,8.0,4.0,7.0,28.0,1670.0,139.0,432.0,sackmann_archive_2025
2025-0506,Buenos Aires,Clay,28,A,2025-02-10,376,207518,3.0,,Lorenzo Musetti,R,185.0,ITA,22.9,144895,,,Corentin Moutet,L,180.0,FRA,25.8,6-2 6-3,3,R16,89.0,2.0,2.0,57.0,39.0,29.0,12.0,9.0,4.0,4.0,0.0,2.0,46.0,32.0,19.0,6.0,8.0,1.0,4.0,16.0,2650.0,66.0,872.0,sackmann_archive_2025
2025-0506,Buenos Aires,Clay,28,A,2025-02-10,375,124079,,,Pedro Martinez,R,185.0,ESP,27.7,106043,,WC,Diego Schwartzman,R,170.0,ARG,32.4,6-2 6-2,3,R16,77.0,0.0,2.0,49.0,38.0,27.0,5.0,8.0,3.0,4.0,4.0,4.0,42.0,27.0,12.0,5.0,8.0,4.0,9.0,41.0,1295.0,386.0,124.0,sackmann_archive_2025
2025-0506,Buenos Aires,Clay,28,A,2025-02-10,374,205734,,,Thiago Seyboth Wild,R,185.0,BRA,24.9,202104,6.0,,Sebastian Baez,R,170.0,ARG,24.1,6-3 6-4,3,R16,89.0,4.0,4.0,63.0,38.0,27.0,16.0,10.0,6.0,7.0,1.0,1.0,52.0,39.0,27.0,3.0,9.0,1.0,4.0,77.0,732.0,31.0,1535.0,sackmann_archive_2025
2025-0506,Buenos Aires,Clay,28,A,2025-02-10,373,111513,,Q,Laslo Djere,R,188.0,SRB,29.6,126214,4.0,,Alejandro Tabilo,L,188.0,CHI,27.6,2-6 6-1 7-6(2),3,R16,133.0,7.0,3.0,78.0,48.0,36.0,18.0,13.0,3.0,5.0,4.0,3.0,104.0,65.0,44.0,17.0,14.0,6.0,9.0,112.0,525.0,27.0,1705.0,sackmann_archive_2025
2025-0506,Buenos Aires,Clay,28,A,2025-02-10,372,211663,,,Joao Fonseca,R,185.0,BRA,18.4,105948,,LL,Federico Coria,R,180.0,ARG,32.9,2-6 6-4 6-2,3,R16,132.0,1.0,2.0,80.0,48.0,33.0,15.0,13.0,3.0,6.0,8.0,2.0,87.0,54.0,38.0,13.0,13.0,3.0,7.0,99.0,600.0,115.0,501.0,sackmann_archive_2025
2025-0506,Buenos Aires,Clay,28,A,2025-02-10,371,208363,,,Mariano Navone,R,178.0,ARG,23.9,208029,2.0,,Holger Rune,R,188.0,DEN,21.7,6-1 7-6(2),3,R16,102.0,4.0,0.0,65.0,42.0,32.0,15.0,10.0,5.0,5.0,0.0,1.0,67.0,45.0,26.0,12.0,9.0,1.0,3.0,47.0,1158.0,12.0,3010.0,sackmann_archive_2025
2025-0506,Buenos Aires,Clay,28,A,2025-02-10,370,105583,,,Dusan Lajovic,R,183.0,SRB,34.6,106148,,,Roberto Carballes Baena,R,183.0,ESP,31.8,7-6(8) 7-5,3,R32,141.0,7.0,1.0,81.0,44.0,30.0,19.0,12.0,1.0,5.0,6.0,2.0,86.0,48.0,29.0,15.0,12.0,4.0,9.0,81.0,717.0,50.0,1071.0,sackmann_archive_2025
2025-0506,Buenos Aires,Clay,28,A,2025-02-10,369,207678,,Q,Juan Manuel Cerundolo,L,183.0,ARG,23.2,208882,,Q,Roman Andres Burruchaga,R,183.0,ARG,23.0,7-6(4) 5-7 7-5,3,R32,210.0,1.0,0.0,113.0,69.0,45.0,26.0,18.0,2.0,7.0,0.0,3.0,124.0,75.0,49.0,25.0,18.0,10.0,15.0,139.0,432.0,141.0,428.0,sackmann_archive_2025
2025-0506,Buenos Aires,Clay,28,A,2025-02-10,368,202103,5.0,,Francisco Cerundolo,R,185.0,ARG,26.4,209260,,,Luciano Darderi,R,183.0,ITA,22.9,6-4 6-4,3,R32,101.0,1.0,0.0,69.0,49.0,32.0,13.0,10.0,7.0,8.0,1.0,0.0,71.0,47.0,28.0,14.0,10.0,6.0,9.0,28.0,1670.0,59.0,945.0,sackmann_archive_2025
2025-0506,Buenos Aires,Clay,28,A,2025-02-10,367,144895,,,Corentin Moutet,L,180.0,FRA,25.8,111576,,LL,Sumit Nagal,R,178.0,IND,27.4,7-5 6-2,3,R32,112.0,4.0,1.0,69.0,52.0,33.0,9.0,10.0,4.0,6.0,1.0,3.0,80.0,51.0,33.0,8.0,10.0,4.0,9.0,66.0,872.0,129.0,473.0,sackmann_archive_2025
2025-0506,Buenos Aires,Clay,28,A,2025-02-10,366,124079,,,Pedro Martinez,R,185.0,ESP,27.7,106000,,,Damir Dzumhur,R,175.0,BIH,32.7,0-6 6-2 7-6(3),3,R32,180.0,1.0,3.0,112.0,84.0,47.0,12.0,13.0,12.0,18.0,2.0,1.0,104.0,77.0,44.0,11.0,13.0,9.0,14.0,41.0,1295.0,90.0,654.0,sackmann_archive_2025
2025-0506,Buenos Aires,Clay,28,A,2025-02-10,365,106043,,WC,Diego Schwartzman,R,170.0,ARG,32.4,111797,7.0,,Nicolas Jarry,R,201.0,CHI,29.3,7-6(10) 4-6 6-3,3,R32,173.0,1.0,4.0,114.0,76.0,53.0,23.0,16.0,5.0,7.0,10.0,3.0,98.0,61.0,47.0,22.0,15.0,10.0,12.0,386.0,124.0,40.0,1340.0,sackmann_archive_2025
2025-0506,Buenos Aires,Clay,28,A,2025-02-10,364,202104,6.0,,Sebastian Baez,R,170.0,ARG,24.1,200116,,WC,Camilo Ugo Carabelli,R,185.0,ARG,25.6,6-4 6-4,3,R32,113.0,3.0,2.0,77.0,52.0,34.0,13.0,10.0,6.0,7.0,1.0,5.0,64.0,44.0,30.0,7.0,10.0,2.0,5.0,31.0,1535.0,87.0,672.0,sackmann_archive_2025
2025-0506,Buenos Aires,Clay,28,A,2025-02-10,363,205734,,,Thiago Seyboth Wild,R,185.0,BRA,24.9,207680,,,Facundo Diaz Acosta,L,183.0,ARG,24.1,3-6 6-2 6-3,3,R32,128.0,4.0,2.0,77.0,49.0,35.0,16.0,13.0,2.0,4.0,10.0,5.0,80.0,51.0,33.0,15.0,13.0,7.0,11.0,77.0,732.0,75.0,748.0,sackmann_archive_2025
2025-0506,Buenos Aires,Clay,28,A,2025-02-10,362,111513,,Q,Laslo Djere,R,188.0,SRB,29.6,124186,,,Alexandre Muller,R,183.0,FRA,28.0,6-3 6-3,3,R32,75.0,8.0,1.0,46.0,28.0,27.0,10.0,9.0,1.0,1.0,2.0,0.0,53.0,34.0,23.0,8.0,9.0,2.0,5.0,112.0,525.0,58.0,953.0,sackmann_archive_2025
2025-0506,Buenos Aires,Clay,28,A,2025-02-10,361,211663,,,Joao Fonseca,R,185.0,BRA,18.4,144869,8.0,,Tomas Martin Etcheverry,R,196.0,ARG,25.5,6-3 6-3,3,R32,85.0,3.0,2.0,52.0,36.0,24.0,10.0,9.0,1.0,2.0,5.0,1.0,61.0,37.0,27.0,6.0,9.0,5.0,9.0,99.0,600.0,44.0,1240.0,sackmann_archive_2025
2025-0506,Buenos Aires,Clay,28,A,2025-02-10,360,105948,,LL,Federico Coria,R,180.0,ARG,32.9,200384,,,Hugo Gaston,L,173.0,FRA,24.3,6-3 6-2,3,R32,68.0,3.0,0.0,42.0,28.0,23.0,6.0,8.0,1.0,3.0,0.0,3.0,61.0,37.0,18.0,9.0,9.0,5.0,11.0,115.0,501.0,91.0,649.0,sackmann_archive_2025
2025-0506,Buenos Aires,Clay,28,A,2025-02-10,359,208363,,,Mariano Navone,R,178.0,ARG,23.9,207681,,WC,Francisco Comesana,R,178.0,ARG,24.3,6-4 6-4,3,R32,99.0,2.0,3.0,61.0,38.0,27.0,13.0,10.0,1.0,2.0,1.0,4.0,57.0,33.0,22.0,10.0,10.0,2.0,5.0,47.0,1158.0,84.0,674.0,sackmann_archive_2025
2025-0499,Delray Beach,Hard,28,A,2025-02-10,385,200175,7.0,,Miomir Kecmanovic,R,183.0,SRB,25.4,200221,8.0,,Alejandro Davidovich Fokina,R,183.0,ESP,25.6,3-6 6-1 7-5,3,F,130.0,8.0,0.0,88.0,59.0,40.0,17.0,14.0,5.0,7.0,1.0,2.0,85.0,55.0,34.0,15.0,14.0,2.0,6.0,56.0,996.0,60.0,940.0,sackmann_archive_2025
2025-0499,Delray Beach,Hard,28,A,2025-02-10,384,200221,8.0,,Alejandro Davidovich Fokina,R,183.0,ESP,25.6,208286,4.0,,Matteo Arnaldi,R,185.0,ITA,23.9,6-4 6-4,3,SF,102.0,1.0,1.0,66.0,41.0,28.0,12.0,10.0,6.0,8.0,4.0,2.0,63.0,31.0,20.0,15.0,10.0,2.0,6.0,60.0,940.0,38.0,1355.0,sackmann_archive_2025
2025-0499,Delray Beach,Hard,28,A,2025-02-10,383,200175,7.0,,Miomir Kecmanovic,R,183.0,SRB,25.4,210506,3.0,,Alex Michelsen,R,193.0,USA,20.4,7-6(3) 6-3,3,SF,92.0,6.0,3.0,75.0,47.0,34.0,14.0,11.0,2.0,4.0,1.0,6.0,62.0,39.0,25.0,12.0,10.0,1.0,4.0,56.0,996.0,37.0,1370.0,sackmann_archive_2025
2025-0499,Delray Beach,Hard,28,A,2025-02-10,382,200221,8.0,,Alejandro Davidovich Fokina,R,183.0,ESP,25.6,126203,1.0,,Taylor Fritz,R,196.0,USA,27.2,7-6(4) 7-6(5),3,QF,145.0,2.0,0.0,91.0,70.0,47.0,9.0,12.0,5.0,8.0,13.0,3.0,77.0,49.0,34.0,14.0,12.0,0.0,3.0,60.0,940.0,4.0,5100.0,sackmann_archive_2025
2025-0499,Delray Beach,Hard,28,A,2025-02-10,381,208286,4.0,,Matteo Arnaldi,R,185.0,ITA,23.9,206909,6.0,,Brandon Nakashima,R,188.0,USA,23.5,7-6(2) 6-4,3,QF,102.0,8.0,0.0,60.0,34.0,27.0,21.0,11.0,1.0,1.0,5.0,2.0,68.0,47.0,33.0,11.0,11.0,1.0,2.0,38.0,1355.0,43.0,1250.0,sackmann_archive_2025
2025-0499,Delray Beach,Hard,28,A,2025-02-10,380,210506,3.0,,Alex Michelsen,R,193.0,USA,20.4,111815,,,Cameron Norrie,L,188.0,GBR,29.4,7-6(3) 7-5,3,QF,98.0,9.0,1.0,69.0,46.0,37.0,15.0,12.0,3.0,3.0,4.0,0.0,69.0,37.0,29.0,19.0,12.0,0.0,1.0,37.0,1370.0,61.0,934.0,sackmann_archive_2025
2025-0499,Delray Beach,Hard,28,A,2025-02-10,379,200175,7.0,,Miomir Kecmanovic,R,183.0,SRB,25.4,106218,5.0,,Marcos Giron,R,180.0,USA,31.5,2-6 6-4 6-2,3,QF,100.0,12.0,0.0,68.0,44.0,36.0,13.0,13.0,2.0,4.0,12.0,3.0,77.0,56.0,40.0,11.0,13.0,2.0,5.0,56.0,996.0,49.0,1125.0,sackmann_archive_2025
2025-0499,Delray Beach,Hard,28,A,2025-02-10,378,126203,1.0,,Taylor Fritz,R,196.0,USA,27.2,207352,,,Bu Yunchaokete,R,185.0,CHN,23.0,7-6(4) 6-2,3,R16,97.0,18.0,1.0,61.0,40.0,34.0,15.0,10.0,1.0,1.0,6.0,1.0,72.0,52.0,37.0,9.0,10.0,5.0,7.0,4.0,5100.0,69.0,830.0,sackmann_archive_2025
2025-0499,Delray Beach,Hard,28,A,2025-02-10,377,200221,8.0,,Alejandro Davidovich Fokina,R,183.0,ESP,25.6,111456,,WC,Mackenzie Mcdonald,R,178.0,USA,29.8,6-2 5-7 6-0,3,R16,136.0,8.0,3.0,102.0,78.0,49.0,9.0,13.0,8.0,11.0,3.0,4.0,89.0,57.0,31.0,13.0,13.0,9.0,16.0,60.0,940.0,123.0,488.0,sackmann_archive_2025
2025-0499,Delray Beach,Hard,28,A,2025-02-10,376,208286,4.0,,Matteo Arnaldi,R,185.0,ITA,23.9,210530,,WC,Learner Tien,L,180.0,USA,19.1,7-6(4) 4-6 7-6(1),3,R16,169.0,24.0,2.0,119.0,77.0,60.0,17.0,17.0,10.0,14.0,3.0,4.0,109.0,78.0,52.0,18.0,17.0,5.0,8.0,38.0,1355.0,82.0,707.0,sackmann_archive_2025
2025-0499,Delray Beach,Hard,28,A,2025-02-10,375,206909,6.0,,Brandon Nakashima,R,188.0,USA,23.5,124187,,WC,Reilly Opelka,R,211.0,USA,27.4,3-6 7-5 6-2,3,R16,112.0,14.0,1.0,66.0,45.0,38.0,16.0,14.0,0.0,1.0,17.0,6.0,105.0,58.0,42.0,21.0,15.0,5.0,8.0,43.0,1250.0,121.0,491.0,sackmann_archive_2025
2025-0499,Delray Beach,Hard,28,A,2025-02-10,374,111815,,,Cameron Norrie,L,188.0,GBR,29.4,126239,9.0,,Arthur Rinderknech,R,196.0,FRA,29.5,7-6(9) 6-2,3,R16,119.0,6.0,2.0,62.0,37.0,29.0,15.0,10.0,1.0,2.0,14.0,10.0,95.0,51.0,41.0,12.0,10.0,7.0,10.0,61.0,934.0,65.0,899.0,sackmann_archive_2025
2025-0499,Delray Beach,Hard,28,A,2025-02-10,373,210506,3.0,,Alex Michelsen,R,193.0,USA,20.4,111581,,Q,Michael Mmoh,R,188.0,USA,27.0,6-7(8) 3-0 RET,3,R16,111.0,6.0,1.0,61.0,39.0,30.0,9.0,7.0,2.0,2.0,7.0,5.0,69.0,51.0,30.0,9.0,8.0,6.0,8.0,37.0,1370.0,328.0,156.0,sackmann_archive_2025
2025-0499,Delray Beach,Hard,28,A,2025-02-10,372,200175,7.0,,Miomir Kecmanovic,R,183.0,SRB,25.4,106415,,,Yoshihito Nishioka,L,170.0,JPN,29.3,W/O,3,R16,,0.0,0.0,0.0,0.0,0.0,0.0,0.0,0.0,0.0,0.0,0.0,0.0,0.0,0.0,0.0,0.0,0.0,0.0,56.0,996.0,63.0,922.0,sackmann_archive_2025
2025-0499,Delray Beach,Hard,28,A,2025-02-10,371,106218,5.0,,Marcos Giron,R,180.0,USA,31.5,210319,,LL,Ethan Quinn,R,191.0,USA,20.9,6-3 6-4,3,R16,79.0,2.0,1.0,44.0,24.0,23.0,13.0,9.0,0.0,0.0,8.0,3.0,66.0,43.0,32.0,8.0,10.0,4.0,7.0,49.0,1125.0,150.0,382.0,sackmann_archive_2025
2025-0499,Delray Beach,Hard,28,A,2025-02-10,370,207352,,,Bu Yunchaokete,R,185.0,CHN,23.0,208014,,,Rinky Hijikata,R,178.0,AUS,23.9,6-2 6-0,3,R32,59.0,4.0,1.0,36.0,19.0,16.0,12.0,7.0,0.0,0.0,2.0,1.0,48.0,29.0,13.0,7.0,7.0,3.0,8.0,69.0,830.0,72.0,784.0,sackmann_archive_2025
2025-0499,Delray Beach,Hard,28,A,2025-02-10,369,111456,,WC,Mackenzie Mcdonald,R,178.0,USA,29.8,105453,,,Kei Nishikori,R,178.0,JPN,35.1,7-6(4) 4-6 7-5,3,R32,152.0,4.0,1.0,111.0,79.0,56.0,13.0,17.0,3.0,8.0,4.0,2.0,102.0,61.0,41.0,19.0,17.0,2.0,7.0,123.0,488.0,71.0,793.0,sackmann_archive_2025
2025-0499,Delray Beach,Hard,28,A,2025-02-10,368,200221,8.0,,Alejandro Davidovich Fokina,R,183.0,ESP,25.6,106121,,LL,Taro Daniel,R,191.0,JPN,32.0,6-2 7-6(2),3,R32,86.0,8.0,2.0,66.0,46.0,34.0,10.0,10.0,2.0,3.0,2.0,3.0,58.0,41.0,28.0,4.0,10.0,0.0,3.0,60.0,940.0,119.0,494.0,sackmann_archive_2025
2025-0499,Delray Beach,Hard,28,A,2025-02-10,367,210530,,WC,Learner Tien,L,180.0,USA,19.1,200443,,,Adam Walton,R,183.0,AUS,25.8,6-4 6-3,3,R32,86.0,5.0,5.0,65.0,40.0,27.0,12.0,10.0,5.0,7.0,4.0,1.0,56.0,34.0,23.0,8.0,9.0,5.0,9.0,82.0,707.0,89.0,655.0,sackmann_archive_2025
2025-0499,Delray Beach,Hard,28,A,2025-02-10,366,124187,,WC,Reilly Opelka,R,211.0,USA,27.4,111153,,,Christopher Eubanks,R,201.0,USA,28.7,6-3 7-6(7),3,R32,86.0,13.0,2.0,67.0,43.0,35.0,16.0,11.0,1.0,1.0,3.0,0.0,59.0,40.0,29.0,13.0,10.0,0.0,1.0,121.0,491.0,104.0,567.0,sackmann_archive_2025
2025-0499,Delray Beach,Hard,28,A,2025-02-10,365,206909,6.0,,Brandon Nakashima,R,188.0,USA,23.5,208389,,Q,James Trotter,R,183.0,JPN,25.5,7-6(2) 6-1,3,R32,98.0,5.0,0.0,57.0,38.0,33.0,13.0,10.0,0.0,0.0,4.0,1.0,79.0,48.0,28.0,18.0,9.0,6.0,8.0,43.0,1250.0,182.0,321.0,sackmann_archive_2025
2025-0499,Delray Beach,Hard,28,A,2025-02-10,364,126239,9.0,,Arthur Rinderknech,R,196.0,FRA,29.5,122078,,LL,Dmitry Popko,R,191.0,KAZ,28.2,6-2 6-4,3,R32,83.0,3.0,0.0,54.0,38.0,29.0,10.0,9.0,0.0,0.0,2.0,1.0,64.0,30.0,20.0,16.0,9.0,4.0,7.0,65.0,899.0,208.0,289.0,sackmann_archive_2025
2025-0499,Delray Beach,Hard,28,A,2025-02-10,363,111815,,,Cameron Norrie,L,188.0,GBR,29.4,208260,,Q,Zachary Svajda,R,175.0,USA,22.2,7-5 6-4,3,R32,88.0,5.0,0.0,59.0,38.0,27.0,11.0,11.0,3.0,6.0,3.0,0.0,65.0,46.0,29.0,8.0,11.0,7.0,12.0,61.0,934.0,169.0,339.0,sackmann_archive_2025
2025-0499,Delray Beach,Hard,28,A,2025-02-10,362,111581,,Q,Michael Mmoh,R,188.0,USA,27.0,207686,,,Alexander Shevchenko,R,185.0,KAZ,24.1,7-5 7-6(5),3,R32,119.0,5.0,1.0,80.0,55.0,37.0,13.0,12.0,6.0,9.0,3.0,3.0,79.0,42.0,33.0,13.0,12.0,3.0,7.0,328.0,156.0,88.0,668.0,sackmann_archive_2025
2025-0499,Delray Beach,Hard,28,A,2025-02-10,361,200175,7.0,,Miomir Kecmanovic,R,183.0,SRB,25.4,127339,,,Borna Gojo,R,196.0,CRO,26.9,6-4 6-4,3,R32,70.0,3.0,0.0,51.0,37.0,32.0,5.0,10.0,0.0,1.0,11.0,2.0,58.0,39.0,27.0,9.0,10.0,2.0,5.0,56.0,996.0,414.0,111.0,sackmann_archive_2025
2025-0499,Delray Beach,Hard,28,A,2025-02-10,360,106415,,,Yoshihito Nishioka,L,170.0,JPN,29.3,126846,,,Aleksandar Vukic,R,188.0,AUS,28.8,6-3 6-4,3,R32,79.0,5.0,0.0,63.0,34.0,27.0,18.0,10.0,4.0,4.0,9.0,2.0,49.0,26.0,19.0,14.0,9.0,1.0,3.0,63.0,922.0,67.0,868.0,sackmann_archive_2025
2025-0499,Delray Beach,Hard,28,A,2025-02-10,359,210319,,LL,Ethan Quinn,R,191.0,USA,20.9,207729,,Q,Tristan Boyer,R,188.0,USA,23.8,6-2 6-7(5) 7-6(2),3,R32,192.0,6.0,3.0,128.0,81.0,63.0,21.0,16.0,12.0,14.0,4.0,3.0,120.0,81.0,51.0,22.0,16.0,4.0,8.0,150.0,382.0,113.0,524.0,sackmann_archive_2025
2025-0496,Marseille,Hard,28,A,2025-02-10,385,200005,2.0,,Ugo Humbert,L,188.0,FRA,26.6,209098,,,Hamad Medjedovic,R,188.0,SRB,21.5,7-6(4) 6-4,3,F,100.0,13.0,0.0,66.0,33.0,27.0,22.0,11.0,1.0,2.0,4.0,5.0,72.0,44.0,35.0,11.0,11.0,5.0,7.0,17.0,2625.0,96.0,617.0,sackmann_archive_2025
2025-0496,Marseille,Hard,28,A,2025-02-10,384,209098,,,Hamad Medjedovic,R,188.0,SRB,21.5,106421,1.0,WC,Daniil Medvedev,R,198.0,RUS,28.9,6-3 6-2,3,SF,72.0,7.0,3.0,60.0,38.0,29.0,8.0,9.0,3.0,5.0,2.0,3.0,46.0,29.0,17.0,4.0,8.0,5.0,10.0,96.0,617.0,8.0,3830.0,sackmann_archive_2025
2025-0496,Marseille,Hard,28,A,2025-02-10,383,200005,2.0,,Ugo Humbert,L,188.0,FRA,26.6,200267,,,Zizou Bergs,R,185.0,BEL,25.6,6-4 6-4,3,SF,90.0,5.0,2.0,60.0,35.0,29.0,16.0,10.0,1.0,1.0,5.0,2.0,58.0,31.0,23.0,14.0,10.0,4.0,6.0,17.0,2625.0,62.0,932.0,sackmann_archive_2025
2025-0496,Marseille,Hard,28,A,2025-02-10,382,106421,1.0,WC,Daniil Medvedev,R,198.0,RUS,28.9,105526,,,Jan Lennard Struff,R,193.0,GER,34.7,6-3 6-2,3,QF,78.0,6.0,3.0,54.0,34.0,26.0,11.0,8.0,5.0,5.0,4.0,4.0,65.0,41.0,24.0,10.0,9.0,8.0,12.0,8.0,3830.0,46.0,1200.0,sackmann_archive_2025
2025-0496,Marseille,Hard,28,A,2025-02-10,381,209098,,,Hamad Medjedovic,R,188.0,SRB,21.5,127157,,,Daniel Altmaier,R,188.0,GER,26.4,7-5 6-7(7) 6-4,3,QF,162.0,8.0,2.0,102.0,74.0,58.0,15.0,17.0,3.0,4.0,10.0,2.0,111.0,69.0,51.0,20.0,17.0,7.0,10.0,96.0,617.0,80.0,728.0,sackmann_archive_2025
2025-0496,Marseille,Hard,28,A,2025-02-10,380,200267,,,Zizou Bergs,R,185.0,BEL,25.6,111190,,,Zhizhen Zhang,R,193.0,CHN,28.3,7-5 0-0 RET,3,QF,38.0,11.0,0.0,28.0,20.0,16.0,6.0,6.0,2.0,3.0,4.0,3.0,37.0,26.0,16.0,5.0,6.0,2.0,4.0,62.0,932.0,52.0,1050.0,sackmann_archive_2025
2025-0496,Marseille,Hard,28,A,2025-02-10,379,200005,2.0,,Ugo Humbert,L,188.0,FRA,26.6,132283,7.0,,Lorenzo Sonego,R,191.0,ITA,29.7,6-4 6-4,3,QF,98.0,5.0,2.0,63.0,34.0,29.0,17.0,10.0,3.0,3.0,8.0,1.0,64.0,40.0,27.0,14.0,10.0,4.0,6.0,17.0,2625.0,35.0,1376.0,sackmann_archive_2025
2025-0496,Marseille,Hard,28,A,2025-02-10,378,106421,1.0,WC,Daniil Medvedev,R,198.0,RUS,28.9,105732,,Q,Pierre Hugues Herbert,R,188.0,FRA,33.9,6-2 6-4,3,R16,69.0,6.0,3.0,49.0,29.0,26.0,13.0,9.0,1.0,1.0,3.0,6.0,52.0,29.0,20.0,8.0,9.0,1.0,4.0,8.0,3830.0,192.0,315.0,sackmann_archive_2025
2025-0496,Marseille,Hard,28,A,2025-02-10,377,105526,,,Jan Lennard Struff,R,193.0,GER,34.7,126409,,Q,Hugo Grenier,R,196.0,FRA,28.8,6-4 5-7 6-4,3,R16,134.0,16.0,4.0,96.0,59.0,44.0,16.0,16.0,3.0,7.0,14.0,5.0,115.0,77.0,51.0,14.0,16.0,8.0,13.0,46.0,1200.0,202.0,306.0,sackmann_archive_2025
2025-0496,Marseille,Hard,28,A,2025-02-10,376,209098,,,Hamad Medjedovic,R,188.0,SRB,21.5,111575,3.0,,Karen Khachanov,R,198.0,RUS,28.7,6-2 6-3,3,R16,72.0,3.0,2.0,55.0,36.0,26.0,11.0,9.0,4.0,5.0,5.0,3.0,48.0,22.0,14.0,10.0,8.0,5.0,9.0,96.0,617.0,21.0,2210.0,sackmann_archive_2025
2025-0496,Marseille,Hard,28,A,2025-02-10,375,127157,,,Daniel Altmaier,R,188.0,GER,26.4,202261,,,Otto Virtanen,R,193.0,FIN,23.6,6-4 6-3,3,R16,87.0,9.0,0.0,73.0,40.0,29.0,17.0,9.0,10.0,11.0,5.0,3.0,62.0,34.0,20.0,14.0,10.0,6.0,10.0,80.0,728.0,98.0,614.0,sackmann_archive_2025
2025-0496,Marseille,Hard,28,A,2025-02-10,374,200267,,,Zizou Bergs,R,185.0,BEL,25.6,132686,8.0,,Nuno Borges,R,185.0,POR,27.9,6-2 6-7(5) 6-2,3,R16,130.0,13.0,4.0,87.0,57.0,48.0,17.0,14.0,2.0,2.0,2.0,4.0,94.0,58.0,39.0,20.0,14.0,6.0,10.0,62.0,932.0,39.0,1345.0,sackmann_archive_2025
2025-0496,Marseille,Hard,28,A,2025-02-10,373,111190,,,Zhizhen Zhang,R,193.0,CHN,28.3,128034,4.0,,Hubert Hurkacz,R,196.0,POL,27.9,6-4 6-7(1) 6-3,3,R16,128.0,10.0,5.0,95.0,59.0,45.0,24.0,16.0,3.0,3.0,14.0,3.0,95.0,52.0,44.0,21.0,15.0,8.0,10.0,52.0,1050.0,20.0,2305.0,sackmann_archive_2025
2025-0496,Marseille,Hard,28,A,2025-02-10,372,132283,7.0,,Lorenzo Sonego,R,191.0,ITA,29.7,209414,,LL,Luca Van Assche,R,178.0,FRA,20.7,W/O,3,R16,,0.0,0.0,0.0,0.0,0.0,0.0,0.0,0.0,0.0,0.0,0.0,0.0,0.0,0.0,0.0,0.0,0.0,0.0,35.0,1376.0,164.0,346.0,sackmann_archive_2025
2025-0496,Marseille,Hard,28,A,2025-02-10,371,200005,2.0,,Ugo Humbert,L,188.0,FRA,26.6,122330,,,Alexander Bublik,R,196.0,KAZ,27.6,7-6(7) 6-4,3,R16,93.0,9.0,1.0,67.0,40.0,31.0,17.0,11.0,1.0,2.0,10.0,4.0,71.0,39.0,30.0,16.0,11.0,2.0,4.0,17.0,2625.0,48.0,1130.0,sackmann_archive_2025
2025-0496,Marseille,Hard,28,A,2025-02-10,370,105732,,Q,Pierre Hugues Herbert,R,188.0,FRA,33.9,208004,,,Harold Mayot,R,180.0,FRA,23.0,2-6 7-5 6-3,3,R32,154.0,16.0,13.0,119.0,55.0,45.0,25.0,15.0,10.0,13.0,6.0,2.0,99.0,58.0,40.0,19.0,14.0,9.0,12.0,192.0,315.0,136.0,447.0,sackmann_archive_2025
2025-0496,Marseille,Hard,28,A,2025-02-10,369,105526,,,Jan Lennard Struff,R,193.0,GER,34.7,131905,,LL,Manuel Guinard,R,198.0,FRA,29.2,7-5 7-6(4),3,R32,117.0,18.0,5.0,86.0,54.0,38.0,16.0,12.0,2.0,5.0,7.0,10.0,97.0,47.0,34.0,20.0,12.0,8.0,12.0,46.0,1200.0,280.0,191.0,sackmann_archive_2025
2025-0496,Marseille,Hard,28,A,2025-02-10,368,126409,,Q,Hugo Grenier,R,196.0,FRA,28.8,210338,,Q,Arthur Gea,R,180.0,FRA,20.1,7-5 6-4,3,R32,102.0,8.0,3.0,62.0,43.0,37.0,11.0,11.0,6.0,6.0,5.0,1.0,71.0,43.0,31.0,14.0,11.0,7.0,9.0,202.0,306.0,306.0,171.0,sackmann_archive_2025
2025-0496,Marseille,Hard,28,A,2025-02-10,367,209098,,,Hamad Medjedovic,R,188.0,SRB,21.5,209920,,Alt,Raphael Collignon,R,191.0,BEL,23.0,6-3 6-4,3,R32,87.0,5.0,1.0,59.0,42.0,34.0,11.0,10.0,5.0,5.0,6.0,6.0,76.0,54.0,36.0,8.0,9.0,8.0,10.0,96.0,617.0,122.0,491.0,sackmann_archive_2025
2025-0496,Marseille,Hard,28,A,2025-02-10,366,127157,,,Daniel Altmaier,R,188.0,GER,26.4,208134,,,Luca Nardi,R,185.0,ITA,21.5,6-2 6-2,3,R32,82.0,10.0,1.0,53.0,30.0,25.0,12.0,8.0,4.0,4.0,0.0,1.0,67.0,36.0,26.0,7.0,8.0,7.0,11.0,80.0,728.0,83.0,681.0,sackmann_archive_2025
2025-0496,Marseille,Hard,28,A,2025-02-10,365,202261,,,Otto Virtanen,R,193.0,FIN,23.6,200624,5.0,,Sebastian Korda,R,196.0,USA,24.6,6-7(3) 7-6(4) 6-4,3,R32,152.0,19.0,4.0,120.0,72.0,55.0,23.0,17.0,6.0,8.0,11.0,4.0,105.0,69.0,50.0,20.0,17.0,2.0,5.0,98.0,614.0,23.0,2000.0,sackmann_archive_2025
2025-0496,Marseille,Hard,28,A,2025-02-10,364,132686,8.0,,Nuno Borges,R,185.0,POR,27.9,104527,,WC,Stan Wawrinka,R,183.0,SUI,39.8,6-7(4) 7-6(1) 6-3,3,R32,151.0,5.0,3.0,99.0,66.0,47.0,25.0,17.0,1.0,3.0,12.0,3.0,116.0,59.0,41.0,31.0,16.0,5.0,8.0,39.0,1345.0,158.0,361.0,sackmann_archive_2025
2025-0496,Marseille,Hard,28,A,2025-02-10,363,200267,,,Zizou Bergs,R,185.0,BEL,25.6,206889,,Q,Clement Chidekh,R,180.0,FRA,23.6,6-4 6-4,3,R32,82.0,10.0,2.0,58.0,33.0,27.0,14.0,10.0,1.0,2.0,0.0,3.0,55.0,30.0,22.0,11.0,10.0,1.0,4.0,62.0,932.0,189.0,317.0,sackmann_archive_2025
2025-0496,Marseille,Hard,28,A,2025-02-10,362,111190,,,Zhizhen Zhang,R,193.0,CHN,28.3,111460,,,Quentin Halys,R,191.0,FRA,28.2,6-3 6-7(2) 7-6(3),3,R32,139.0,10.0,4.0,102.0,66.0,51.0,25.0,16.0,2.0,2.0,22.0,7.0,110.0,58.0,50.0,24.0,17.0,2.0,4.0,52.0,1050.0,74.0,756.0,sackmann_archive_2025
2025-0496,Marseille,Hard,28,A,2025-02-10,361,132283,7.0,,Lorenzo Sonego,R,191.0,ITA,29.7,122298,,,Botic Van De Zandschulp,R,191.0,NED,29.3,6-1 3-6 6-3,3,R32,119.0,7.0,0.0,79.0,55.0,40.0,13.0,13.0,0.0,1.0,6.0,3.0,72.0,45.0,33.0,13.0,12.0,4.0,7.0,35.0,1376.0,85.0,672.0,sackmann_archive_2025
2025-0496,Marseille,Hard,28,A,2025-02-10,360,209414,,LL,Luca Van Assche,R,178.0,FRA,20.7,126127,,,Benjamin Bonzi,R,183.0,FRA,28.6,3-6 6-3 7-6(7),3,R32,131.0,10.0,6.0,100.0,65.0,51.0,14.0,15.0,5.0,8.0,9.0,4.0,86.0,53.0,43.0,14.0,15.0,3.0,6.0,164.0,346.0,64.0,911.0,sackmann_archive_2025
2025-0496,Marseille,Hard,28,A,2025-02-10,359,122330,,,Alexander Bublik,R,196.0,KAZ,27.6,104755,,WC,Richard Gasquet,R,183.0,FRA,38.6,6-4 6-4,3,R32,81.0,13.0,1.0,55.0,32.0,27.0,14.0,10.0,2.0,3.0,2.0,5.0,62.0,28.0,21.0,16.0,10.0,2.0,5.0,48.0,1130.0,128.0,478.0,sackmann_archive_2025
2025-0451,Doha,Hard,32,A,2025-02-17,385,126094,5.0,,Andrey Rublev,R,188.0,RUS,27.3,207733,8.0,,Jack Draper,L,193.0,GBR,23.1,7-5 5-7 6-1,3,F,124.0,10.0,0.0,85.0,57.0,45.0,19.0,16.0,2.0,3.0,12.0,2.0,90.0,59.0,41.0,17.0,15.0,4.0,7.0,10.0,3220.0,16.0,2680.0,sackmann_archive_2025
2025-0451,Doha,Hard,32,A,2025-02-17,384,207733,8.0,,Jack Draper,L,193.0,GBR,23.1,208103,,,Jiri Lehecka,R,185.0,CZE,23.2,3-6 7-6(2) 6-3,3,SF,142.0,14.0,1.0,82.0,51.0,45.0,13.0,14.0,0.0,2.0,7.0,1.0,124.0,72.0,49.0,25.0,16.0,7.0,10.0,16.0,2680.0,25.0,1835.0,sackmann_archive_2025
2025-0451,Doha,Hard,32,A,2025-02-17,383,126094,5.0,,Andrey Rublev,R,188.0,RUS,27.3,200000,,,Felix Auger Aliassime,R,193.0,CAN,24.5,7-5 4-6 7-6(5),3,SF,166.0,8.0,3.0,105.0,73.0,61.0,16.0,17.0,3.0,4.0,21.0,2.0,112.0,76.0,57.0,22.0,17.0,7.0,8.0,10.0,3220.0,23.0,1965.0,sackmann_archive_2025
2025-0451,Doha,Hard,32,A,2025-02-17,382,208103,,,Jiri Lehecka,R,185.0,CZE,23.2,207989,1.0,,Carlos Alcaraz,R,183.0,ESP,21.7,6-3 3-6 6-4,3,QF,129.0,8.0,2.0,96.0,60.0,44.0,13.0,14.0,4.0,7.0,7.0,3.0,76.0,54.0,40.0,9.0,14.0,4.0,8.0,25.0,1835.0,3.0,7410.0,sackmann_archive_2025
2025-0451,Doha,Hard,32,A,2025-02-17,381,207733,8.0,,Jack Draper,L,193.0,GBR,23.1,126610,,,Matteo Berrettini,R,196.0,ITA,28.8,4-6 6-4 6-3,3,QF,141.0,8.0,3.0,82.0,59.0,45.0,15.0,15.0,3.0,4.0,16.0,0.0,111.0,84.0,56.0,14.0,14.0,11.0,13.0,16.0,2680.0,35.0,1430.0,sackmann_archive_2025
2025-0451,Doha,Hard,32,A,2025-02-17,380,200000,,,Felix Auger Aliassime,R,193.0,CAN,24.5,106421,4.0,,Daniil Medvedev,R,198.0,RUS,29.0,6-3 0-0 RET,3,QF,31.0,4.0,0.0,18.0,11.0,10.0,6.0,4.0,0.0,0.0,2.0,1.0,27.0,20.0,12.0,3.0,5.0,1.0,3.0,23.0,1965.0,6.0,3930.0,sackmann_archive_2025
2025-0451,Doha,Hard,32,A,2025-02-17,379,126094,5.0,,Andrey Rublev,R,188.0,RUS,27.3,200282,2.0,,Alex De Minaur,R,183.0,AUS,26.0,6-1 3-6 7-6(8),3,QF,159.0,8.0,1.0,93.0,67.0,43.0,17.0,14.0,2.0,4.0,4.0,3.0,114.0,67.0,43.0,23.0,14.0,8.0,11.0,10.0,3220.0,8.0,3735.0,sackmann_archive_2025
2025-0451,Doha,Hard,32,A,2025-02-17,378,207989,1.0,,Carlos Alcaraz,R,183.0,ESP,21.7,208134,,Q,Luca Nardi,R,185.0,ITA,21.5,6-1 4-6 6-3,3,R16,112.0,3.0,0.0,73.0,51.0,36.0,15.0,13.0,3.0,5.0,2.0,5.0,85.0,54.0,36.0,13.0,13.0,6.0,11.0,3.0,7410.0,85.0,674.0,sackmann_archive_2025
2025-0451,Doha,Hard,32,A,2025-02-17,377,208103,,,Jiri Lehecka,R,185.0,CZE,23.2,206681,,,Fabian Marozsan,R,193.0,HUN,25.3,6-4 6-2,3,R16,63.0,5.0,0.0,46.0,33.0,24.0,12.0,9.0,0.0,0.0,3.0,2.0,58.0,36.0,26.0,7.0,9.0,3.0,6.0,25.0,1835.0,57.0,1010.0,sackmann_archive_2025
2025-0451,Doha,Hard,32,A,2025-02-17,376,126610,,,Matteo Berrettini,R,196.0,ITA,28.8,134868,,,Tallon Griekspoor,R,188.0,NED,28.6,7-6(4) 6-7(6) 6-4,3,R16,147.0,23.0,2.0,96.0,72.0,64.0,16.0,17.0,0.0,0.0,10.0,2.0,109.0,86.0,68.0,13.0,17.0,1.0,2.0,35.0,1430.0,51.0,1080.0,sackmann_archive_2025
2025-0451,Doha,Hard,32,A,2025-02-17,375,207733,8.0,,Jack Draper,L,193.0,GBR,23.1,106331,,Q,Christopher Oconnell,R,183.0,AUS,30.7,6-2 6-1,3,R16,58.0,5.0,1.0,33.0,18.0,15.0,13.0,7.0,0.0,0.0,5.0,0.0,55.0,38.0,19.0,6.0,8.0,4.0,9.0,16.0,2680.0,82.0,730.0,sackmann_archive_2025
2025-0451,Doha,Hard,32,A,2025-02-17,374,200000,,,Felix Auger Aliassime,R,193.0,CAN,24.5,209098,,SE,Hamad Medjedovic,R,188.0,SRB,21.5,W/O,3,R16,,0.0,0.0,0.0,0.0,0.0,0.0,0.0,0.0,0.0,0.0,0.0,0.0,0.0,0.0,0.0,0.0,0.0,0.0,23.0,1965.0,73.0,782.0,sackmann_archive_2025
2025-0451,Doha,Hard,32,A,2025-02-17,373,106421,4.0,,Daniil Medvedev,R,198.0,RUS,29.0,200267,,,Zizou Bergs,R,185.0,BEL,25.7,6-2 6-1,3,R16,56.0,4.0,2.0,36.0,27.0,23.0,5.0,7.0,0.0,0.0,2.0,2.0,44.0,31.0,17.0,3.0,8.0,4.0,9.0,6.0,3930.0,58.0,1007.0,sackmann_archive_2025
2025-0451,Doha,Hard,32,A,2025-02-17,372,126094,5.0,,Andrey Rublev,R,188.0,RUS,27.3,132686,,,Nuno Borges,R,185.0,POR,27.9,6-3 6-4,3,R16,61.0,11.0,0.0,49.0,40.0,33.0,8.0,10.0,0.0,0.0,6.0,2.0,52.0,40.0,28.0,5.0,9.0,4.0,6.0,10.0,3220.0,39.0,1345.0,sackmann_archive_2025
2025-0451,Doha,Hard,32,A,2025-02-17,371,200282,2.0,,Alex De Minaur,R,183.0,AUS,26.0,122298,,Q,Botic Van De Zandschulp,R,191.0,NED,29.3,6-4 6-4,3,R16,120.0,4.0,3.0,70.0,34.0,25.0,24.0,10.0,4.0,4.0,1.0,4.0,75.0,36.0,23.0,20.0,10.0,3.0,5.0,8.0,3735.0,87.0,672.0,sackmann_archive_2025
2025-0451,Doha,Hard,32,A,2025-02-17,370,207989,1.0,,Carlos Alcaraz,R,183.0,ESP,21.7,105227,,PR,Marin Cilic,R,198.0,CRO,36.3,6-4 6-4,3,R32,99.0,4.0,2.0,59.0,37.0,26.0,15.0,10.0,5.0,6.0,3.0,5.0,75.0,49.0,34.0,9.0,10.0,7.0,10.0,3.0,7410.0,192.0,313.0,sackmann_archive_2025
2025-0451,Doha,Hard,32,A,2025-02-17,369,208134,,Q,Luca Nardi,R,185.0,ITA,21.5,111190,,,Zhizhen Zhang,R,193.0,CHN,28.3,6-4 6-3,3,R32,76.0,5.0,2.0,59.0,38.0,29.0,11.0,10.0,1.0,2.0,5.0,1.0,53.0,37.0,23.0,8.0,9.0,2.0,5.0,85.0,674.0,49.0,1100.0,sackmann_archive_2025
2025-0451,Doha,Hard,32,A,2025-02-17,368,206681,,,Fabian Marozsan,R,193.0,HUN,25.3,144826,,WC,Aziz Dougaz,L,188.0,TUN,27.8,7-5 6-3,3,R32,88.0,7.0,0.0,63.0,38.0,29.0,18.0,11.0,1.0,1.0,6.0,2.0,73.0,54.0,37.0,8.0,10.0,11.0,13.0,57.0,1010.0,216.0,265.0,sackmann_archive_2025
2025-0451,Doha,Hard,32,A,2025-02-17,367,208103,,,Jiri Lehecka,R,185.0,CZE,23.2,105777,7.0,,Grigor Dimitrov,R,191.0,BUL,33.7,6-4 6-4,3,R32,75.0,8.0,0.0,54.0,40.0,35.0,6.0,10.0,2.0,2.0,11.0,1.0,55.0,30.0,23.0,12.0,10.0,1.0,3.0,25.0,1835.0,15.0,2745.0,sackmann_archive_2025
2025-0451,Doha,Hard,32,A,2025-02-17,366,126610,,,Matteo Berrettini,R,196.0,ITA,28.8,104925,3.0,,Novak Djokovic,R,188.0,SRB,37.7,7-6(4) 6-2,3,R32,93.0,13.0,1.0,63.0,47.0,40.0,8.0,10.0,3.0,3.0,9.0,1.0,65.0,45.0,38.0,6.0,10.0,4.0,6.0,35.0,1430.0,7.0,3900.0,sackmann_archive_2025
2025-0451,Doha,Hard,32,A,2025-02-17,365,134868,,,Tallon Griekspoor,R,188.0,NED,28.6,105526,,,Jan Lennard Struff,R,193.0,GER,34.8,7-6(5) 7-6(7),3,R32,126.0,8.0,5.0,92.0,65.0,50.0,14.0,12.0,5.0,6.0,10.0,1.0,98.0,71.0,52.0,12.0,12.0,6.0,7.0,51.0,1080.0,44.0,1200.0,sackmann_archive_2025
2025-0451,Doha,Hard,32,A,2025-02-17,364,106331,,Q,Christopher Oconnell,R,183.0,AUS,30.7,200273,,WC,Hady Habib,R,188.0,LIB,26.4,7-6(7) 7-6(3),3,R32,116.0,12.0,2.0,86.0,53.0,41.0,20.0,12.0,1.0,2.0,6.0,1.0,90.0,65.0,44.0,16.0,12.0,4.0,5.0,82.0,730.0,166.0,341.0,sackmann_archive_2025
2025-0451,Doha,Hard,32,A,2025-02-17,363,207733,8.0,,Jack Draper,L,193.0,GBR,23.1,200615,,,Alexei Popyrin,R,196.0,AUS,25.5,6-2 7-6(4),3,R32,84.0,8.0,0.0,63.0,45.0,34.0,12.0,10.0,1.0,1.0,4.0,1.0,60.0,41.0,27.0,13.0,10.0,2.0,4.0,16.0,2680.0,27.0,1800.0,sackmann_archive_2025
2025-0451,Doha,Hard,32,A,2025-02-17,362,209098,,SE,Hamad Medjedovic,R,188.0,SRB,21.5,126774,6.0,,Stefanos Tsitsipas,R,193.0,GRE,26.5,7-6(6) 5-7 7-6(5),3,R32,164.0,9.0,3.0,112.0,74.0,59.0,20.0,18.0,0.0,2.0,12.0,2.0,106.0,69.0,56.0,24.0,18.0,1.0,2.0,73.0,782.0,11.0,3095.0,sackmann_archive_2025
2025-0451,Doha,Hard,32,A,2025-02-17,361,200000,,,Felix Auger Aliassime,R,193.0,CAN,24.5,111460,,Q,Quentin Halys,R,191.0,FRA,28.3,4-6 6-4 7-6(2),3,R32,154.0,13.0,3.0,94.0,62.0,49.0,19.0,16.0,4.0,6.0,12.0,4.0,128.0,87.0,58.0,21.0,16.0,9.0,11.0,23.0,1965.0,79.0,734.0,sackmann_archive_2025
2025-0451,Doha,Hard,32,A,2025-02-17,360,200267,,,Zizou Bergs,R,185.0,BEL,25.7,105138,,,Roberto Bautista Agut,R,183.0,ESP,36.8,6-4 7-6(4),3,R32,114.0,7.0,0.0,61.0,34.0,25.0,17.0,11.0,0.0,2.0,1.0,2.0,77.0,43.0,31.0,15.0,11.0,5.0,8.0,58.0,1007.0,54.0,1052.0,sackmann_archive_2025
2025-0451,Doha,Hard,32,A,2025-02-17,359,106421,4.0,,Daniil Medvedev,R,198.0,RUS,29.0,111575,,,Karen Khachanov,R,198.0,RUS,28.7,4-6 7-5 6-3,3,R32,151.0,10.0,0.0,103.0,72.0,56.0,15.0,16.0,6.0,7.0,6.0,1.0,92.0,56.0,40.0,20.0,15.0,3.0,5.0,6.0,3930.0,21.0,2210.0,sackmann_archive_2025
2025-0451,Doha,Hard,32,A,2025-02-17,358,126094,5.0,,Andrey Rublev,R,188.0,RUS,27.3,122330,,,Alexander Bublik,R,196.0,KAZ,27.6,6-3 6-4,3,R32,70.0,6.0,3.0,62.0,46.0,33.0,9.0,10.0,2.0,3.0,11.0,4.0,55.0,35.0,25.0,7.0,9.0,2.0,5.0,10.0,3220.0,48.0,1105.0,sackmann_archive_2025
2025-0451,Doha,Hard,32,A,2025-02-17,357,132686,,,Nuno Borges,R,185.0,POR,27.9,202261,,LL,Otto Virtanen,R,193.0,FIN,23.6,7-6(6) 6-3,3,R32,82.0,3.0,0.0,69.0,55.0,40.0,5.0,11.0,1.0,3.0,6.0,2.0,71.0,53.0,36.0,7.0,10.0,4.0,7.0,39.0,1345.0,92.0,639.0,sackmann_archive_2025
2025-0451,Doha,Hard,32,A,2025-02-17,356,122298,,Q,Botic Van De Zandschulp,R,191.0,NED,29.3,209406,,WC,Abedallah Shelbayh,L,180.0,JOR,21.2,7-5 6-3,3,R32,97.0,3.0,2.0,60.0,43.0,32.0,9.0,11.0,2.0,4.0,1.0,4.0,64.0,34.0,20.0,14.0,10.0,6.0,10.0,87.0,672.0,267.0,201.0,sackmann_archive_2025
2025-0451,Doha,Hard,32,A,2025-02-17,355,200282,2.0,,Alex De Minaur,R,183.0,AUS,26.0,126128,,,Roman Safiullin,R,185.0,RUS,27.5,6-1 7-5,3,R32,98.0,3.0,2.0,68.0,38.0,29.0,15.0,10.0,4.0,5.0,6.0,0.0,63.0,43.0,24.0,11.0,9.0,4.0,8.0,8.0,3735.0,71.0,823.0,sackmann_archive_2025
2025-6932,Rio de Janeiro,Clay,32,A,2025-02-17,385,202104,5.0,,Sebastian Baez,R,170.0,ARG,24.1,124186,,,Alexandre Muller,R,183.0,FRA,28.0,6-2 6-3,3,F,86.0,3.0,0.0,47.0,33.0,24.0,7.0,8.0,4.0,5.0,2.0,3.0,69.0,47.0,28.0,7.0,9.0,7.0,12.0,31.0,1510.0,60.0,953.0,sackmann_archive_2025
2025-6932,Rio de Janeiro,Clay,32,A,2025-02-17,384,124186,,,Alexandre Muller,R,183.0,FRA,28.0,207681,,,Francisco Comesana,R,178.0,ARG,24.3,7-5 6-7(3) 6-3,3,SF,175.0,1.0,2.0,112.0,71.0,52.0,19.0,17.0,5.0,8.0,5.0,4.0,105.0,63.0,43.0,18.0,16.0,5.0,10.0,60.0,953.0,86.0,673.0,sackmann_archive_2025
2025-6932,Rio de Janeiro,Clay,32,A,2025-02-17,383,202104,5.0,,Sebastian Baez,R,170.0,ARG,24.1,200116,,LL,Camilo Ugo Carabelli,R,185.0,ARG,25.6,3-6 6-1 6-1,3,SF,105.0,7.0,0.0,65.0,49.0,31.0,11.0,11.0,3.0,5.0,1.0,1.0,70.0,43.0,29.0,7.0,12.0,4.0,10.0,31.0,1510.0,91.0,644.0,sackmann_archive_2025
2025-6932,Rio de Janeiro,Clay,32,A,2025-02-17,382,207681,,,Francisco Comesana,R,178.0,ARG,24.3,100644,1.0,,Alexander Zverev,R,198.0,GER,27.8,4-6 6-3 6-4,3,QF,151.0,4.0,1.0,94.0,56.0,40.0,21.0,15.0,3.0,6.0,8.0,4.0,76.0,48.0,31.0,17.0,14.0,3.0,7.0,86.0,673.0,2.0,8135.0,sackmann_archive_2025
2025-6932,Rio de Janeiro,Clay,32,A,2025-02-17,381,124186,,,Alexandre Muller,R,183.0,FRA,28.0,202103,4.0,,Francisco Cerundolo,R,185.0,ARG,26.5,7-5 6-1,3,QF,76.0,2.0,0.0,60.0,41.0,31.0,10.0,10.0,3.0,4.0,0.0,2.0,48.0,26.0,16.0,11.0,9.0,4.0,8.0,60.0,953.0,26.0,1825.0,sackmann_archive_2025
2025-6932,Rio de Janeiro,Clay,32,A,2025-02-17,380,202104,5.0,,Sebastian Baez,R,170.0,ARG,24.1,202358,,Q,Chun Hsin Tseng,R,175.0,TPE,23.5,6-4 6-1,3,QF,95.0,2.0,2.0,57.0,44.0,29.0,7.0,9.0,1.0,3.0,0.0,1.0,60.0,32.0,16.0,12.0,8.0,7.0,12.0,31.0,1510.0,125.0,480.0,sackmann_archive_2025
2025-6932,Rio de Janeiro,Clay,32,A,2025-02-17,379,200116,,LL,Camilo Ugo Carabelli,R,185.0,ARG,25.6,210262,,LL,Jaime Faria,R,188.0,POR,21.5,7-6(5) 6-4,3,QF,116.0,8.0,0.0,75.0,45.0,35.0,16.0,11.0,1.0,2.0,9.0,4.0,85.0,56.0,43.0,9.0,11.0,7.0,9.0,91.0,644.0,107.0,561.0,sackmann_archive_2025
2025-6932,Rio de Janeiro,Clay,32,A,2025-02-17,378,100644,1.0,,Alexander Zverev,R,198.0,GER,27.8,207686,,,Alexander Shevchenko,R,185.0,KAZ,24.2,7-6(1) 7-6(6),3,R16,148.0,6.0,4.0,78.0,51.0,34.0,18.0,12.0,2.0,5.0,5.0,7.0,115.0,68.0,45.0,18.0,12.0,9.0,12.0,2.0,8135.0,103.0,568.0,sackmann_archive_2025
2025-6932,Rio de Janeiro,Clay,32,A,2025-02-17,377,207681,,,Francisco Comesana,R,178.0,ARG,24.3,111797,6.0,,Nicolas Jarry,R,201.0,CHI,29.3,7-6(4) 6-7(1) 7-6(6),3,R16,194.0,12.0,4.0,128.0,80.0,61.0,26.0,18.0,5.0,7.0,11.0,3.0,108.0,66.0,53.0,29.0,18.0,2.0,4.0,86.0,673.0,47.0,1175.0,sackmann_archive_2025
2025-6932,Rio de Janeiro,Clay,32,A,2025-02-17,376,202103,4.0,,Francisco Cerundolo,R,185.0,ARG,26.5,209260,,,Luciano Darderi,R,183.0,ITA,23.0,6-7(1) 6-3 6-2,3,R16,129.0,6.0,4.0,90.0,58.0,48.0,14.0,15.0,2.0,3.0,4.0,2.0,81.0,51.0,36.0,14.0,14.0,5.0,9.0,26.0,1825.0,61.0,945.0,sackmann_archive_2025
2025-6932,Rio de Janeiro,Clay,32,A,2025-02-17,375,124186,,,Alexandre Muller,R,183.0,FRA,28.0,144869,8.0,,Tomas Martin Etcheverry,R,196.0,ARG,25.5,7-5 7-6(5),3,R16,128.0,5.0,1.0,78.0,47.0,37.0,17.0,12.0,5.0,7.0,5.0,0.0,74.0,45.0,34.0,11.0,12.0,2.0,5.0,60.0,953.0,43.0,1215.0,sackmann_archive_2025
2025-6932,Rio de Janeiro,Clay,32,A,2025-02-17,374,202104,5.0,,Sebastian Baez,R,170.0,ARG,24.1,208363,,,Mariano Navone,R,178.0,ARG,23.9,6-4 1-6 6-3,3,R16,128.0,0.0,3.0,88.0,61.0,38.0,11.0,13.0,10.0,15.0,2.0,3.0,76.0,49.0,29.0,15.0,13.0,7.0,12.0,31.0,1510.0,46.0,1195.0,sackmann_archive_2025
2025-6932,Rio de Janeiro,Clay,32,A,2025-02-17,373,202358,,Q,Chun Hsin Tseng,R,175.0,TPE,23.5,106329,,WC,Thiago Monteiro,L,183.0,BRA,30.7,6-7(4) 6-3 7-6(4),3,R16,200.0,12.0,4.0,131.0,72.0,52.0,30.0,17.0,6.0,9.0,5.0,5.0,98.0,60.0,43.0,18.0,16.0,4.0,8.0,125.0,480.0,99.0,590.0,sackmann_archive_2025
2025-6932,Rio de Janeiro,Clay,32,A,2025-02-17,372,200116,,LL,Camilo Ugo Carabelli,R,185.0,ARG,25.6,106000,,,Damir Dzumhur,R,175.0,BIH,32.7,6-4 6-4,3,R16,106.0,0.0,1.0,54.0,34.0,26.0,9.0,10.0,1.0,3.0,3.0,3.0,76.0,48.0,27.0,16.0,10.0,6.0,10.0,91.0,644.0,97.0,619.0,sackmann_archive_2025
2025-6932,Rio de Janeiro,Clay,32,A,2025-02-17,371,210262,,LL,Jaime Faria,R,188.0,POR,21.5,144719,,,Jaume Munar,R,183.0,ESP,27.7,6-4 2-6 6-3,3,R16,122.0,6.0,3.0,67.0,37.0,30.0,17.0,13.0,1.0,3.0,0.0,1.0,89.0,67.0,43.0,14.0,14.0,2.0,5.0,107.0,561.0,55.0,1032.0,sackmann_archive_2025
2025-6932,Rio de Janeiro,Clay,32,A,2025-02-17,370,100644,1.0,,Alexander Zverev,R,198.0,GER,27.8,207352,,,Bu Yunchaokete,R,185.0,CHN,23.0,7-6(4) 6-4,3,R32,124.0,3.0,3.0,75.0,45.0,32.0,17.0,11.0,2.0,4.0,5.0,1.0,74.0,46.0,33.0,11.0,11.0,3.0,6.0,2.0,8135.0,69.0,847.0,sackmann_archive_2025
2025-6932,Rio de Janeiro,Clay,32,A,2025-02-17,369,207686,,,Alexander Shevchenko,R,185.0,KAZ,24.2,200335,,WC,Felipe Meligeni Alves,R,185.0,BRA,26.9,6-4 6-2,3,R32,85.0,10.0,1.0,60.0,38.0,22.0,13.0,9.0,4.0,7.0,3.0,2.0,58.0,35.0,19.0,6.0,9.0,9.0,15.0,103.0,568.0,149.0,382.0,sackmann_archive_2025
2025-6932,Rio de Janeiro,Clay,32,A,2025-02-17,368,207681,,,Francisco Comesana,R,178.0,ARG,24.3,208361,,WC,Gustavo Heide,R,191.0,BRA,22.9,7-6(2) 6-7(7) 6-3,3,R32,201.0,16.0,4.0,106.0,66.0,57.0,21.0,17.0,6.0,7.0,10.0,12.0,139.0,78.0,57.0,29.0,16.0,16.0,18.0,86.0,673.0,162.0,359.0,sackmann_archive_2025
2025-6932,Rio de Janeiro,Clay,32,A,2025-02-17,367,111797,6.0,,Nicolas Jarry,R,201.0,CHI,29.3,207678,,Q,Juan Manuel Cerundolo,L,183.0,ARG,23.2,4-6 6-3 6-4,3,R32,145.0,12.0,3.0,92.0,59.0,43.0,19.0,15.0,3.0,5.0,4.0,7.0,100.0,64.0,44.0,18.0,14.0,9.0,12.0,47.0,1175.0,127.0,464.0,sackmann_archive_2025
2025-6932,Rio de Janeiro,Clay,32,A,2025-02-17,366,202103,4.0,,Francisco Cerundolo,R,185.0,ARG,26.5,200384,,,Hugo Gaston,L,173.0,FRA,24.3,7-6(9) 6-0,3,R32,101.0,4.0,3.0,70.0,40.0,28.0,14.0,9.0,6.0,9.0,2.0,4.0,78.0,43.0,26.0,13.0,9.0,8.0,14.0,26.0,1825.0,93.0,636.0,sackmann_archive_2025
2025-6932,Rio de Janeiro,Clay,32,A,2025-02-17,365,209260,,,Luciano Darderi,R,183.0,ITA,23.0,106198,,Q,Hugo Dellien,R,180.0,BOL,31.6,7-6(2) 2-2 RET,3,R32,87.0,11.0,2.0,57.0,36.0,23.0,14.0,8.0,0.0,2.0,1.0,1.0,56.0,43.0,28.0,5.0,8.0,3.0,5.0,61.0,945.0,108.0,553.0,sackmann_archive_2025
2025-6932,Rio de Janeiro,Clay,32,A,2025-02-17,364,124186,,,Alexandre Muller,R,183.0,FRA,28.0,211663,,SE,Joao Fonseca,R,185.0,BRA,18.4,6-1 7-6(4),3,R32,92.0,2.0,2.0,66.0,44.0,34.0,15.0,10.0,2.0,2.0,5.0,2.0,71.0,51.0,36.0,6.0,9.0,8.0,10.0,60.0,953.0,68.0,850.0,sackmann_archive_2025
2025-6932,Rio de Janeiro,Clay,32,A,2025-02-17,363,144869,8.0,,Tomas Martin Etcheverry,R,196.0,ARG,25.5,144895,,,Corentin Moutet,L,180.0,FRA,25.8,6-3 7-6(1),3,R32,111.0,2.0,3.0,65.0,50.0,39.0,7.0,10.0,5.0,6.0,4.0,1.0,67.0,42.0,27.0,13.0,11.0,3.0,6.0,43.0,1215.0,66.0,897.0,sackmann_archive_2025
2025-6932,Rio de Janeiro,Clay,32,A,2025-02-17,362,202104,5.0,,Sebastian Baez,R,170.0,ARG,24.1,208882,,LL,Roman Andres Burruchaga,R,183.0,ARG,23.0,6-3 7-5,3,R32,97.0,2.0,2.0,63.0,45.0,28.0,14.0,11.0,4.0,6.0,1.0,3.0,57.0,30.0,17.0,14.0,10.0,3.0,7.0,31.0,1510.0,137.0,435.0,sackmann_archive_2025
2025-6932,Rio de Janeiro,Clay,32,A,2025-02-17,361,208363,,,Mariano Navone,R,178.0,ARG,23.9,106148,,,Roberto Carballes Baena,R,183.0,ESP,31.9,6-4 6-3,3,R32,96.0,3.0,2.0,61.0,39.0,29.0,8.0,9.0,5.0,7.0,1.0,2.0,55.0,35.0,20.0,8.0,10.0,1.0,6.0,46.0,1195.0,53.0,1071.0,sackmann_archive_2025
2025-6932,Rio de Janeiro,Clay,32,A,2025-02-17,360,106329,,WC,Thiago Monteiro,L,183.0,BRA,30.7,207680,,,Facundo Diaz Acosta,L,183.0,ARG,24.1,3-6 6-3 7-6(3),3,R32,159.0,6.0,3.0,93.0,57.0,44.0,20.0,15.0,1.0,2.0,8.0,3.0,89.0,58.0,46.0,17.0,15.0,4.0,5.0,99.0,590.0,119.0,498.0,sackmann_archive_2025
2025-6932,Rio de Janeiro,Clay,32,A,2025-02-17,359,202358,,Q,Chun Hsin Tseng,R,175.0,TPE,23.5,126214,3.0,,Alejandro Tabilo,L,188.0,CHI,27.7,6-2 7-5,3,R32,96.0,6.0,2.0,64.0,39.0,29.0,13.0,10.0,7.0,9.0,0.0,4.0,72.0,37.0,22.0,13.0,10.0,8.0,13.0,125.0,480.0,28.0,1690.0,sackmann_archive_2025
2025-6932,Rio de Janeiro,Clay,32,A,2025-02-17,358,200116,,LL,Camilo Ugo Carabelli,R,185.0,ARG,25.6,124079,7.0,,Pedro Martinez,R,185.0,ESP,27.8,4-6 6-3 6-3,3,R32,143.0,5.0,2.0,96.0,67.0,46.0,10.0,14.0,5.0,9.0,0.0,5.0,76.0,59.0,35.0,7.0,14.0,2.0,8.0,91.0,644.0,37.0,1385.0,sackmann_archive_2025
2025-6932,Rio de Janeiro,Clay,32,A,2025-02-17,357,106000,,,Damir Dzumhur,R,175.0,BIH,32.7,105583,,,Dusan Lajovic,R,183.0,SRB,34.6,6-3 6-4,3,R32,89.0,3.0,1.0,59.0,38.0,26.0,17.0,10.0,1.0,1.0,3.0,1.0,69.0,52.0,33.0,7.0,9.0,7.0,9.0,97.0,619.0,83.0,692.0,sackmann_archive_2025
2025-6932,Rio de Janeiro,Clay,32,A,2025-02-17,356,144719,,,Jaume Munar,R,183.0,ESP,27.7,205734,,,Thiago Seyboth Wild,R,185.0,BRA,24.9,6-4 3-6 6-0,3,R32,115.0,3.0,3.0,71.0,47.0,34.0,11.0,12.0,5.0,7.0,1.0,2.0,70.0,44.0,28.0,13.0,13.0,2.0,7.0,55.0,1032.0,75.0,757.0,sackmann_archive_2025
2025-6932,Rio de Janeiro,Clay,32,A,2025-02-17,355,210262,,LL,Jaime Faria,R,188.0,POR,21.5,144642,,Q,Tomas Barrios Vera,R,191.0,CHI,27.1,6-2 7-5,3,R32,87.0,6.0,5.0,59.0,31.0,26.0,14.0,10.0,3.0,4.0,2.0,3.0,61.0,37.0,26.0,9.0,10.0,4.0,8.0,107.0,561.0,139.0,432.0,sackmann_archive_2025
2025-0807,Acapulco,Hard,32,A,2025-02-24,385,207830,8.0,,Tomas Machac,R,183.0,CZE,24.3,200221,,,Alejandro Davidovich Fokina,R,183.0,ESP,25.7,7-6(6) 6-2,3,F,97.0,11.0,2.0,61.0,39.0,37.0,12.0,10.0,1.0,1.0,4.0,2.0,71.0,42.0,26.0,18.0,10.0,1.0,3.0,25.0,1855.0,48.0,1095.0,sackmann_archive_2025
2025-0807,Acapulco,Hard,32,A,2025-02-24,384,207830,8.0,,Tomas Machac,R,183.0,CZE,24.3,206909,,,Brandon Nakashima,R,188.0,USA,23.5,6-4 1-6 6-4,3,SF,123.0,4.0,2.0,79.0,47.0,33.0,18.0,13.0,5.0,8.0,7.0,0.0,83.0,53.0,39.0,16.0,14.0,3.0,6.0,25.0,1855.0,42.0,1265.0,sackmann_archive_2025
2025-0807,Acapulco,Hard,32,A,2025-02-24,383,200221,,,Alejandro Davidovich Fokina,R,183.0,ESP,25.7,133430,9.0,,Denis Shapovalov,L,185.0,CAN,25.8,7-6(3) 7-6(1),3,SF,135.0,0.0,2.0,81.0,57.0,37.0,12.0,12.0,3.0,7.0,2.0,3.0,94.0,51.0,32.0,19.0,12.0,6.0,10.0,48.0,1095.0,32.0,1496.0,sackmann_archive_2025
2025-0807,Acapulco,Hard,32,A,2025-02-24,382,207830,8.0,,Tomas Machac,R,183.0,CZE,24.3,210530,,Q,Learner Tien,L,180.0,USA,19.2,6-3 7-5,3,QF,98.0,1.0,2.0,56.0,32.0,22.0,12.0,10.0,1.0,4.0,3.0,3.0,83.0,51.0,28.0,12.0,11.0,8.0,14.0,25.0,1855.0,83.0,732.0,sackmann_archive_2025
2025-0807,Acapulco,Hard,32,A,2025-02-24,381,206909,,,Brandon Nakashima,R,188.0,USA,23.5,105676,,,David Goffin,R,180.0,BEL,34.2,7-6(4) 6-2,3,QF,122.0,12.0,1.0,78.0,51.0,34.0,10.0,10.0,5.0,8.0,1.0,2.0,78.0,42.0,22.0,17.0,10.0,6.0,11.0,42.0,1265.0,63.0,906.0,sackmann_archive_2025
2025-0807,Acapulco,Hard,32,A,2025-02-24,380,133430,9.0,,Denis Shapovalov,L,185.0,CAN,25.8,106218,,,Marcos Giron,R,180.0,USA,31.5,4-6 6-3 6-2,3,QF,130.0,3.0,3.0,80.0,55.0,34.0,17.0,14.0,2.0,5.0,2.0,0.0,83.0,54.0,37.0,10.0,13.0,5.0,10.0,32.0,1496.0,52.0,1060.0,sackmann_archive_2025
2025-0807,Acapulco,Hard,32,A,2025-02-24,379,200221,,,Alejandro Davidovich Fokina,R,183.0,ESP,25.7,210202,,WC,Rodrigo Pacheco Mendez,L,188.0,MEX,19.8,6-2 6-2,3,QF,68.0,1.0,3.0,47.0,32.0,25.0,6.0,8.0,1.0,2.0,3.0,2.0,47.0,31.0,17.0,5.0,8.0,4.0,9.0,48.0,1095.0,356.0,142.0,sackmann_archive_2025
2025-0807,Acapulco,Hard,32,A,2025-02-24,378,210530,,Q,Learner Tien,L,180.0,USA,19.2,100644,1.0,,Alexander Zverev,R,198.0,GER,27.8,6-3 6-4,3,R16,88.0,4.0,0.0,58.0,40.0,28.0,11.0,10.0,2.0,3.0,6.0,0.0,59.0,44.0,30.0,5.0,9.0,3.0,6.0,83.0,732.0,2.0,8135.0,sackmann_archive_2025
2025-0807,Acapulco,Hard,32,A,2025-02-24,377,207830,8.0,,Tomas Machac,R,183.0,CZE,24.3,127157,,WC,Daniel Altmaier,R,188.0,GER,26.4,7-6(3) 6-1,3,R16,98.0,5.0,3.0,69.0,42.0,33.0,15.0,10.0,1.0,2.0,3.0,0.0,61.0,41.0,23.0,12.0,9.0,2.0,5.0,25.0,1855.0,76.0,768.0,sackmann_archive_2025
2025-0807,Acapulco,Hard,32,A,2025-02-24,376,206909,,,Brandon Nakashima,R,188.0,USA,23.5,208029,4.0,,Holger Rune,R,188.0,DEN,21.8,3-0 RET,3,R16,10.0,2.0,0.0,10.0,5.0,5.0,3.0,2.0,0.0,0.0,0.0,0.0,6.0,3.0,1.0,1.0,1.0,0.0,1.0,42.0,1265.0,13.0,2970.0,sackmann_archive_2025
2025-0807,Acapulco,Hard,32,A,2025-02-24,375,105676,,,David Goffin,R,180.0,BEL,34.2,210097,5.0,,Ben Shelton,L,193.0,USA,22.3,7-6(3) 6-3,3,R16,105.0,1.0,1.0,61.0,38.0,28.0,17.0,11.0,0.0,1.0,6.0,4.0,72.0,43.0,30.0,14.0,10.0,6.0,8.0,63.0,906.0,14.0,2930.0,sackmann_archive_2025
2025-0807,Acapulco,Hard,32,A,2025-02-24,374,133430,9.0,,Denis Shapovalov,L,185.0,CAN,25.8,210506,,,Alex Michelsen,R,193.0,USA,20.5,6-4 6-3,3,R16,84.0,3.0,3.0,53.0,30.0,20.0,17.0,10.0,3.0,5.0,0.0,5.0,56.0,34.0,16.0,11.0,9.0,2.0,6.0,32.0,1496.0,34.0,1420.0,sackmann_archive_2025
2025-0807,Acapulco,Hard,32,A,2025-02-24,373,106218,,,Marcos Giron,R,180.0,USA,31.5,126205,3.0,,Tommy Paul,R,185.0,USA,27.7,W/O,3,R16,,0.0,0.0,0.0,0.0,0.0,0.0,0.0,0.0,0.0,0.0,0.0,0.0,0.0,0.0,0.0,0.0,0.0,0.0,52.0,1060.0,10.0,3280.0,sackmann_archive_2025
2025-0807,Acapulco,Hard,32,A,2025-02-24,372,200221,,,Alejandro Davidovich Fokina,R,183.0,ESP,25.7,126207,7.0,,Frances Tiafoe,R,188.0,USA,27.0,6-3 6-7(6) 6-3,3,R16,147.0,10.0,2.0,96.0,69.0,51.0,14.0,16.0,3.0,6.0,10.0,3.0,98.0,59.0,42.0,17.0,14.0,10.0,15.0,48.0,1095.0,18.0,2485.0,sackmann_archive_2025
2025-0807,Acapulco,Hard,32,A,2025-02-24,371,210202,,WC,Rodrigo Pacheco Mendez,L,188.0,MEX,19.8,134770,2.0,,Casper Ruud,R,183.0,NOR,26.1,W/O,3,R16,,0.0,0.0,0.0,0.0,0.0,0.0,0.0,0.0,0.0,0.0,0.0,0.0,0.0,0.0,0.0,0.0,0.0,0.0,356.0,142.0,5.0,4325.0,sackmann_archive_2025
2025-0807,Acapulco,Hard,32,A,2025-02-24,370,100644,1.0,,Alexander Zverev,R,198.0,GER,27.8,208286,,,Matteo Arnaldi,R,185.0,ITA,24.0,6-7(2) 6-3 6-4,3,R32,164.0,8.0,1.0,98.0,63.0,49.0,21.0,16.0,3.0,3.0,6.0,1.0,86.0,55.0,43.0,19.0,15.0,2.0,4.0,2.0,8135.0,33.0,1430.0,sackmann_archive_2025
2025-0807,Acapulco,Hard,32,A,2025-02-24,369,210530,,Q,Learner Tien,L,180.0,USA,19.2,111815,,,Cameron Norrie,L,188.0,GBR,29.5,7-6(5) 6-3,3,R32,111.0,2.0,1.0,61.0,43.0,29.0,8.0,10.0,2.0,5.0,6.0,1.0,77.0,54.0,30.0,8.0,11.0,2.0,7.0,83.0,732.0,74.0,784.0,sackmann_archive_2025
2025-0807,Acapulco,Hard,32,A,2025-02-24,368,127157,,WC,Daniel Altmaier,R,188.0,GER,26.4,200175,,,Miomir Kecmanovic,R,183.0,SRB,25.4,4-6 6-4 6-3,3,R32,131.0,15.0,1.0,90.0,60.0,40.0,14.0,15.0,3.0,7.0,4.0,0.0,79.0,48.0,34.0,12.0,14.0,2.0,7.0,76.0,768.0,44.0,1236.0,sackmann_archive_2025
2025-0807,Acapulco,Hard,32,A,2025-02-24,367,207830,8.0,,Tomas Machac,R,183.0,CZE,24.3,210150,,,Jakub Mensik,R,193.0,CZE,19.4,6-4 2-6 6-3,3,R32,134.0,2.0,4.0,82.0,49.0,34.0,15.0,13.0,3.0,7.0,12.0,9.0,89.0,42.0,29.0,18.0,14.0,6.0,11.0,25.0,1855.0,54.0,1042.0,sackmann_archive_2025
2025-0807,Acapulco,Hard,32,A,2025-02-24,366,208029,4.0,,Holger Rune,R,188.0,DEN,21.8,106148,,,Roberto Carballes Baena,R,183.0,ESP,31.9,7-6(4) 6-3,3,R32,118.0,3.0,0.0,69.0,41.0,32.0,12.0,11.0,2.0,4.0,1.0,1.0,66.0,48.0,31.0,7.0,10.0,3.0,6.0,13.0,2970.0,50.0,1071.0,sackmann_archive_2025
2025-0807,Acapulco,Hard,32,A,2025-02-24,365,206909,,,Brandon Nakashima,R,188.0,USA,23.5,126127,,,Benjamin Bonzi,R,183.0,FRA,28.7,7-6(6) 7-5,3,R32,136.0,5.0,1.0,83.0,46.0,36.0,18.0,12.0,5.0,7.0,2.0,0.0,95.0,53.0,35.0,21.0,12.0,13.0,16.0,42.0,1265.0,62.0,910.0,sackmann_archive_2025
2025-0807,Acapulco,Hard,32,A,2025-02-24,364,105676,,,David Goffin,R,180.0,BEL,34.2,208014,,,Rinky Hijikata,R,178.0,AUS,24.0,6-2 6-3,3,R32,84.0,3.0,0.0,35.0,23.0,19.0,10.0,8.0,0.0,1.0,0.0,5.0,79.0,45.0,24.0,14.0,9.0,10.0,15.0,63.0,906.0,82.0,735.0,sackmann_archive_2025
2025-0807,Acapulco,Hard,32,A,2025-02-24,363,210097,5.0,,Ben Shelton,L,193.0,USA,22.3,207925,,,Flavio Cobolli,R,183.0,ITA,22.8,7-6(4) 7-6(4),3,R32,121.0,13.0,2.0,78.0,54.0,41.0,15.0,12.0,3.0,4.0,2.0,0.0,79.0,41.0,33.0,21.0,12.0,4.0,5.0,14.0,2930.0,39.0,1345.0,sackmann_archive_2025
2025-0807,Acapulco,Hard,32,A,2025-02-24,362,133430,9.0,,Denis Shapovalov,L,185.0,CAN,25.8,210460,,Q,Nishesh Basavareddy,R,180.0,USA,19.8,7-5 6-2,3,R32,98.0,6.0,9.0,57.0,26.0,20.0,17.0,10.0,3.0,5.0,1.0,2.0,74.0,47.0,26.0,11.0,10.0,7.0,12.0,32.0,1496.0,106.0,562.0,sackmann_archive_2025
2025-0807,Acapulco,Hard,32,A,2025-02-24,361,210506,,,Alex Michelsen,R,193.0,USA,20.5,207352,,WC,Bu Yunchaokete,R,185.0,CHN,23.0,2-6 7-6(5) 7-6(5),3,R32,173.0,6.0,3.0,121.0,83.0,53.0,14.0,16.0,6.0,13.0,10.0,3.0,105.0,65.0,46.0,15.0,16.0,4.0,9.0,34.0,1420.0,68.0,847.0,sackmann_archive_2025
2025-0807,Acapulco,Hard,32,A,2025-02-24,360,106218,,,Marcos Giron,R,180.0,USA,31.5,200443,,Q,Adam Walton,R,183.0,AUS,25.8,7-6(4) 6-2,3,R32,94.0,12.0,1.0,55.0,37.0,30.0,12.0,10.0,1.0,2.0,3.0,0.0,69.0,51.0,31.0,8.0,10.0,4.0,7.0,52.0,1060.0,97.0,616.0,sackmann_archive_2025
2025-0807,Acapulco,Hard,32,A,2025-02-24,359,126205,3.0,,Tommy Paul,R,185.0,USA,27.7,209113,,Q,Gabriel Diallo,R,203.0,CAN,23.4,6-2 6-2,3,R32,74.0,0.0,3.0,57.0,31.0,21.0,17.0,8.0,5.0,5.0,4.0,2.0,47.0,26.0,15.0,10.0,8.0,3.0,7.0,10.0,3280.0,89.0,665.0,sackmann_archive_2025
2025-0807,Acapulco,Hard,32,A,2025-02-24,358,126207,7.0,,Frances Tiafoe,R,188.0,USA,27.0,124186,,,Alexandre Muller,R,183.0,FRA,28.0,6-4 6-2,3,R32,70.0,5.0,3.0,57.0,29.0,23.0,12.0,9.0,3.0,5.0,1.0,0.0,55.0,36.0,17.0,10.0,9.0,2.0,7.0,18.0,2485.0,41.0,1270.0,sackmann_archive_2025
2025-0807,Acapulco,Hard,32,A,2025-02-24,357,200221,,,Alejandro Davidovich Fokina,R,183.0,ESP,25.7,208233,,LL,Mattia Bellucci,L,175.0,ITA,23.7,1-6 7-6(6) 6-2,3,R32,139.0,5.0,1.0,74.0,50.0,38.0,14.0,13.0,3.0,5.0,5.0,4.0,92.0,54.0,40.0,17.0,14.0,5.0,7.0,48.0,1095.0,70.0,833.0,sackmann_archive_2025
2025-0807,Acapulco,Hard,32,A,2025-02-24,356,210202,,WC,Rodrigo Pacheco Mendez,L,188.0,MEX,19.8,126846,,,Aleksandar Vukic,R,188.0,AUS,28.8,7-5 4-6 7-6(4),3,R32,181.0,12.0,1.0,102.0,71.0,55.0,18.0,17.0,6.0,8.0,16.0,3.0,128.0,79.0,56.0,23.0,17.0,10.0,12.0,356.0,142.0,66.0,868.0,sackmann_archive_2025
2025-0807,Acapulco,Hard,32,A,2025-02-24,355,134770,2.0,,Casper Ruud,R,183.0,NOR,26.1,126239,,,Arthur Rinderknech,R,196.0,FRA,29.5,6-4 6-3,3,R32,102.0,6.0,0.0,57.0,45.0,35.0,5.0,10.0,2.0,3.0,7.0,1.0,68.0,51.0,29.0,8.0,9.0,6.0,9.0,5.0,4325.0,61.0,911.0,sackmann_archive_2025
2025-0495,Dubai,Hard,32,A,2025-02-24,385,126774,4.0,,Stefanos Tsitsipas,R,193.0,GRE,26.5,200000,,,Felix Auger Aliassime,R,193.0,CAN,24.5,6-3 6-3,3,F,88.0,4.0,4.0,66.0,42.0,35.0,9.0,9.0,7.0,7.0,4.0,2.0,52.0,34.0,24.0,7.0,9.0,3.0,6.0,11.0,3005.0,21.0,2155.0,sackmann_archive_2025
2025-0495,Dubai,Hard,32,A,2025-02-24,384,126774,4.0,,Stefanos Tsitsipas,R,193.0,GRE,26.5,134868,,,Tallon Griekspoor,R,188.0,NED,28.6,6-4 6-4,3,SF,83.0,7.0,2.0,50.0,32.0,29.0,11.0,10.0,0.0,0.0,6.0,1.0,65.0,45.0,32.0,10.0,10.0,2.0,4.0,11.0,3005.0,47.0,1120.0,sackmann_archive_2025
2025-0495,Dubai,Hard,32,A,2025-02-24,383,200000,,,Felix Auger Aliassime,R,193.0,CAN,24.5,111460,,Q,Quentin Halys,R,191.0,FRA,28.3,5-7 6-4 6-3,3,SF,136.0,10.0,5.0,101.0,66.0,49.0,15.0,15.0,7.0,9.0,5.0,1.0,89.0,61.0,40.0,16.0,16.0,3.0,7.0,21.0,2155.0,77.0,751.0,sackmann_archive_2025
2025-0495,Dubai,Hard,32,A,2025-02-24,382,134868,,,Tallon Griekspoor,R,188.0,NED,28.6,106421,1.0,,Daniil Medvedev,R,198.0,RUS,29.0,2-6 7-6(7) 7-5,3,QF,156.0,5.0,1.0,112.0,81.0,55.0,16.0,16.0,11.0,14.0,15.0,4.0,109.0,78.0,55.0,19.0,16.0,5.0,7.0,47.0,1120.0,6.0,4030.0,sackmann_archive_2025
2025-0495,Dubai,Hard,32,A,2025-02-24,381,126774,4.0,,Stefanos Tsitsipas,R,193.0,GRE,26.5,126610,,,Matteo Berrettini,R,196.0,ITA,28.8,7-6(5) 1-6 6-4,3,QF,117.0,7.0,2.0,84.0,55.0,45.0,15.0,14.0,4.0,6.0,6.0,0.0,80.0,62.0,49.0,14.0,15.0,3.0,4.0,11.0,3005.0,30.0,1530.0,sackmann_archive_2025
2025-0495,Dubai,Hard,32,A,2025-02-24,380,111460,,Q,Quentin Halys,R,191.0,FRA,28.3,208134,,LL,Luca Nardi,R,185.0,ITA,21.5,2-6 6-3 7-6(5),3,QF,126.0,12.0,4.0,99.0,59.0,46.0,19.0,15.0,6.0,9.0,2.0,1.0,83.0,46.0,37.0,23.0,14.0,8.0,10.0,77.0,751.0,79.0,749.0,sackmann_archive_2025
2025-0495,Dubai,Hard,32,A,2025-02-24,379,200000,,,Felix Auger Aliassime,R,193.0,CAN,24.5,105227,,PR,Marin Cilic,R,198.0,CRO,36.4,6-4 3-6 6-2,3,QF,136.0,13.0,2.0,79.0,53.0,41.0,13.0,13.0,6.0,7.0,3.0,4.0,85.0,55.0,42.0,14.0,14.0,7.0,10.0,21.0,2155.0,187.0,313.0,sackmann_archive_2025
2025-0495,Dubai,Hard,32,A,2025-02-24,378,106421,1.0,,Daniil Medvedev,R,198.0,RUS,29.0,208659,,,Giovanni Mpetshi Perricard,R,203.0,FRA,21.6,6-4 6-4,3,R16,82.0,6.0,1.0,48.0,24.0,23.0,17.0,10.0,0.0,0.0,3.0,6.0,74.0,49.0,33.0,12.0,10.0,8.0,10.0,6.0,4030.0,29.0,1580.0,sackmann_archive_2025
2025-0495,Dubai,Hard,32,A,2025-02-24,377,134868,,,Tallon Griekspoor,R,188.0,NED,28.6,200005,5.0,,Ugo Humbert,L,188.0,FRA,26.6,4-6 6-3 6-2,3,R16,120.0,13.0,2.0,93.0,62.0,47.0,15.0,14.0,6.0,7.0,8.0,0.0,76.0,43.0,32.0,17.0,13.0,4.0,7.0,47.0,1120.0,15.0,2825.0,sackmann_archive_2025
2025-0495,Dubai,Hard,32,A,2025-02-24,376,126774,4.0,,Stefanos Tsitsipas,R,193.0,GRE,26.5,111575,,,Karen Khachanov,R,198.0,RUS,28.7,7-6(4) 2-6 6-4,3,R16,148.0,7.0,7.0,99.0,61.0,49.0,17.0,15.0,6.0,9.0,7.0,2.0,108.0,63.0,50.0,21.0,15.0,7.0,9.0,11.0,3005.0,24.0,1960.0,sackmann_archive_2025
2025-0495,Dubai,Hard,32,A,2025-02-24,375,126610,,,Matteo Berrettini,R,196.0,ITA,28.8,106331,,Q,Christopher Oconnell,R,183.0,AUS,30.7,7-6(2) 6-2,3,R16,90.0,15.0,0.0,52.0,35.0,31.0,14.0,10.0,0.0,0.0,4.0,0.0,74.0,51.0,27.0,16.0,10.0,5.0,7.0,30.0,1530.0,75.0,780.0,sackmann_archive_2025
2025-0495,Dubai,Hard,32,A,2025-02-24,374,208134,,LL,Luca Nardi,R,185.0,ITA,21.5,200267,,,Zizou Bergs,R,185.0,BEL,25.7,6-4 7-6(3),3,R16,100.0,5.0,2.0,73.0,45.0,33.0,15.0,11.0,5.0,7.0,4.0,3.0,64.0,31.0,24.0,14.0,11.0,0.0,3.0,79.0,749.0,56.0,1035.0,sackmann_archive_2025
2025-0495,Dubai,Hard,32,A,2025-02-24,373,111460,,Q,Quentin Halys,R,191.0,FRA,28.3,105138,,,Roberto Bautista Agut,R,183.0,ESP,36.8,7-6(5) 6-4,3,R16,99.0,15.0,3.0,73.0,40.0,36.0,16.0,11.0,5.0,6.0,4.0,4.0,69.0,49.0,39.0,8.0,11.0,3.0,5.0,77.0,751.0,53.0,1052.0,sackmann_archive_2025
2025-0495,Dubai,Hard,32,A,2025-02-24,372,200000,,,Felix Auger Aliassime,R,193.0,CAN,24.5,132686,,,Nuno Borges,R,185.0,POR,28.0,4-6 6-3 7-5,3,R16,139.0,9.0,1.0,92.0,67.0,52.0,12.0,16.0,4.0,6.0,9.0,3.0,94.0,67.0,48.0,11.0,15.0,7.0,10.0,21.0,2155.0,38.0,1345.0,sackmann_archive_2025
2025-0495,Dubai,Hard,32,A,2025-02-24,371,105227,,PR,Marin Cilic,R,198.0,CRO,36.4,200615,,,Alexei Popyrin,R,196.0,AUS,25.5,5-7 6-3 6-4,3,R16,134.0,6.0,1.0,98.0,63.0,50.0,16.0,16.0,3.0,4.0,16.0,1.0,78.0,55.0,46.0,11.0,15.0,4.0,6.0,187.0,313.0,27.0,1700.0,sackmann_archive_2025
2025-0495,Dubai,Hard,32,A,2025-02-24,370,106421,1.0,,Daniil Medvedev,R,198.0,RUS,29.0,105526,,,Jan Lennard Struff,R,193.0,GER,34.8,6-4 7-6(4),3,R32,104.0,7.0,3.0,71.0,39.0,31.0,20.0,11.0,4.0,4.0,2.0,2.0,94.0,62.0,44.0,14.0,11.0,9.0,10.0,6.0,4030.0,46.0,1200.0,sackmann_archive_2025
2025-0495,Dubai,Hard,32,A,2025-02-24,369,208659,,,Giovanni Mpetshi Perricard,R,203.0,FRA,21.6,111190,,,Zhizhen Zhang,R,193.0,CHN,28.3,6-3 7-6(3),3,R32,87.0,13.0,2.0,71.0,49.0,42.0,12.0,11.0,2.0,2.0,7.0,1.0,70.0,48.0,37.0,11.0,10.0,6.0,7.0,29.0,1580.0,49.0,1075.0,sackmann_archive_2025
2025-0495,Dubai,Hard,32,A,2025-02-24,368,134868,,,Tallon Griekspoor,R,188.0,NED,28.6,126128,,Q,Roman Safiullin,R,185.0,RUS,27.5,5-7 7-6(4) 7-6(1),3,R32,179.0,17.0,5.0,130.0,92.0,67.0,20.0,18.0,10.0,12.0,10.0,7.0,115.0,64.0,50.0,30.0,18.0,2.0,3.0,47.0,1120.0,72.0,823.0,sackmann_archive_2025
2025-0495,Dubai,Hard,32,A,2025-02-24,367,200005,5.0,,Ugo Humbert,L,188.0,FRA,26.6,208103,,,Jiri Lehecka,R,185.0,CZE,23.2,6-3 6-0,3,R32,68.0,6.0,0.0,48.0,29.0,24.0,11.0,8.0,2.0,2.0,1.0,1.0,55.0,36.0,19.0,6.0,7.0,6.0,10.0,15.0,2825.0,22.0,2035.0,sackmann_archive_2025
2025-0495,Dubai,Hard,32,A,2025-02-24,366,126774,4.0,,Stefanos Tsitsipas,R,193.0,GRE,26.5,132283,,,Lorenzo Sonego,R,191.0,ITA,29.7,7-6(4) 6-3,3,R32,97.0,3.0,1.0,60.0,42.0,34.0,13.0,11.0,1.0,2.0,1.0,1.0,67.0,42.0,30.0,12.0,10.0,4.0,6.0,11.0,3005.0,35.0,1401.0,sackmann_archive_2025
2025-0495,Dubai,Hard,32,A,2025-02-24,365,111575,,,Karen Khachanov,R,198.0,RUS,28.7,105554,,WC,Daniel Evans,R,175.0,GBR,34.7,6-1 6-3,3,R32,80.0,0.0,1.0,49.0,27.0,20.0,15.0,8.0,3.0,4.0,0.0,4.0,50.0,28.0,19.0,4.0,8.0,5.0,10.0,24.0,1960.0,178.0,321.0,sackmann_archive_2025
2025-0495,Dubai,Hard,32,A,2025-02-24,364,126610,,,Matteo Berrettini,R,196.0,ITA,28.8,104792,,,Gael Monfils,R,193.0,FRA,38.4,7-5 6-4,3,R32,83.0,9.0,2.0,53.0,39.0,35.0,5.0,11.0,4.0,6.0,5.0,4.0,63.0,37.0,24.0,12.0,11.0,0.0,4.0,30.0,1530.0,40.0,1280.0,sackmann_archive_2025
2025-0495,Dubai,Hard,32,A,2025-02-24,363,106331,,Q,Christopher Oconnell,R,183.0,AUS,30.7,105777,6.0,,Grigor Dimitrov,R,191.0,BUL,33.7,6-0 0-0 RET,3,R32,26.0,2.0,0.0,17.0,9.0,7.0,5.0,3.0,0.0,0.0,0.0,2.0,21.0,12.0,5.0,2.0,3.0,4.0,7.0,75.0,780.0,16.0,2745.0,sackmann_archive_2025
2025-0495,Dubai,Hard,32,A,2025-02-24,362,208134,,LL,Luca Nardi,R,185.0,ITA,21.5,105916,,Q,Marton Fucsovics,R,188.0,HUN,33.0,1-6 6-2 6-3,3,R32,132.0,2.0,6.0,111.0,56.0,38.0,25.0,12.0,12.0,15.0,4.0,6.0,69.0,39.0,26.0,14.0,12.0,2.0,6.0,79.0,749.0,88.0,666.0,sackmann_archive_2025
2025-0495,Dubai,Hard,32,A,2025-02-24,361,200267,,,Zizou Bergs,R,185.0,BEL,25.7,144826,,WC,Aziz Dougaz,L,188.0,TUN,27.9,6-3 6-3,3,R32,74.0,1.0,0.0,50.0,27.0,20.0,16.0,9.0,0.0,1.0,3.0,1.0,46.0,28.0,18.0,5.0,9.0,1.0,5.0,56.0,1035.0,212.0,265.0,sackmann_archive_2025
2025-0495,Dubai,Hard,32,A,2025-02-24,360,105138,,,Roberto Bautista Agut,R,183.0,ESP,36.8,206681,,,Fabian Marozsan,R,193.0,HUN,25.3,3-6 6-3 7-6(4),3,R32,156.0,10.0,3.0,116.0,87.0,62.0,10.0,15.0,8.0,10.0,9.0,3.0,97.0,49.0,39.0,24.0,15.0,1.0,3.0,53.0,1052.0,55.0,1035.0,sackmann_archive_2025
2025-0495,Dubai,Hard,32,A,2025-02-24,359,111460,,Q,Quentin Halys,R,191.0,FRA,28.3,126094,3.0,,Andrey Rublev,R,188.0,RUS,27.3,3-6 6-4 7-6(5),3,R32,132.0,18.0,6.0,98.0,54.0,43.0,25.0,15.0,10.0,12.0,5.0,2.0,91.0,54.0,44.0,21.0,16.0,4.0,6.0,77.0,751.0,9.0,3670.0,sackmann_archive_2025
2025-0495,Dubai,Hard,32,A,2025-02-24,358,132686,,,Nuno Borges,R,185.0,POR,28.0,209950,8.0,,Arthur Fils,R,185.0,FRA,20.7,6-2 6-1,3,R32,61.0,4.0,1.0,44.0,29.0,22.0,10.0,7.0,3.0,3.0,2.0,3.0,57.0,32.0,19.0,8.0,8.0,7.0,12.0,38.0,1345.0,19.0,2355.0,sackmann_archive_2025
2025-0495,Dubai,Hard,32,A,2025-02-24,357,200000,,,Felix Auger Aliassime,R,193.0,CAN,24.5,122330,,,Alexander Bublik,R,196.0,KAZ,27.6,7-6(7) 6-7(4) 6-3,3,R32,169.0,8.0,5.0,113.0,81.0,62.0,17.0,16.0,6.0,7.0,16.0,7.0,126.0,79.0,52.0,27.0,17.0,14.0,17.0,21.0,2155.0,51.0,1065.0,sackmann_archive_2025
2025-0495,Dubai,Hard,32,A,2025-02-24,356,200615,,,Alexei Popyrin,R,196.0,AUS,25.5,200273,,WC,Hady Habib,R,188.0,LIB,26.5,6-2 6-4,3,R32,65.0,8.0,1.0,45.0,30.0,28.0,9.0,9.0,0.0,0.0,9.0,1.0,52.0,27.0,20.0,12.0,9.0,3.0,6.0,27.0,1700.0,168.0,339.0,sackmann_archive_2025
2025-0495,Dubai,Hard,32,A,2025-02-24,355,105227,,PR,Marin Cilic,R,198.0,CRO,36.4,200282,2.0,,Alex De Minaur,R,183.0,AUS,26.0,6-2 3-6 6-3,3,R32,137.0,3.0,3.0,90.0,54.0,37.0,20.0,13.0,5.0,7.0,2.0,4.0,74.0,36.0,24.0,18.0,13.0,0.0,4.0,187.0,313.0,8.0,3785.0,sackmann_archive_2025
2025-8996,Santiago,Clay,28,A,2025-02-24,385,111513,,,Laslo Djere,R,188.0,SRB,29.7,202104,3.0,,Sebastian Baez,R,170.0,ARG,24.1,6-4 3-6 7-5,3,F,145.0,3.0,8.0,94.0,53.0,37.0,19.0,15.0,6.0,10.0,0.0,3.0,96.0,65.0,42.0,16.0,16.0,3.0,8.0,103.0,571.0,31.0,1510.0,sackmann_archive_2025
2025-8996,Santiago,Clay,28,A,2025-02-24,384,111513,,,Laslo Djere,R,188.0,SRB,29.7,202103,1.0,,Francisco Cerundolo,R,185.0,ARG,26.5,6-1 4-6 6-3,3,SF,121.0,4.0,3.0,83.0,50.0,36.0,19.0,13.0,5.0,6.0,2.0,3.0,87.0,55.0,38.0,13.0,13.0,5.0,9.0,103.0,571.0,26.0,1725.0,sackmann_archive_2025
2025-8996,Santiago,Clay,28,A,2025-02-24,383,202104,3.0,,Sebastian Baez,R,170.0,ARG,24.1,200116,,,Camilo Ugo Carabelli,R,185.0,ARG,25.6,6-1 3-6 6-2,3,SF,107.0,2.0,3.0,75.0,51.0,34.0,13.0,12.0,4.0,6.0,3.0,1.0,77.0,47.0,29.0,14.0,12.0,5.0,10.0,31.0,1510.0,69.0,847.0,sackmann_archive_2025
2025-8996,Santiago,Clay,28,A,2025-02-24,382,202103,1.0,,Francisco Cerundolo,R,185.0,ARG,26.5,144869,5.0,,Tomas Martin Etcheverry,R,196.0,ARG,25.6,4-6 6-3 7-5,3,QF,174.0,5.0,3.0,99.0,58.0,48.0,18.0,16.0,3.0,5.0,9.0,4.0,121.0,71.0,46.0,23.0,15.0,11.0,14.0,26.0,1725.0,43.0,1240.0,sackmann_archive_2025
2025-8996,Santiago,Clay,28,A,2025-02-24,381,111513,,,Laslo Djere,R,188.0,SRB,29.7,210262,,,Jaime Faria,R,188.0,POR,21.5,7-6(5) 4-6 6-4,3,QF,162.0,8.0,6.0,109.0,55.0,42.0,30.0,16.0,11.0,14.0,4.0,10.0,106.0,65.0,52.0,16.0,16.0,7.0,10.0,103.0,571.0,87.0,674.0,sackmann_archive_2025
2025-8996,Santiago,Clay,28,A,2025-02-24,380,202104,3.0,,Sebastian Baez,R,170.0,ARG,24.1,106000,,,Damir Dzumhur,R,175.0,BIH,32.7,6-4 6-4,3,QF,96.0,2.0,0.0,66.0,43.0,25.0,9.0,10.0,3.0,7.0,0.0,3.0,65.0,46.0,22.0,7.0,10.0,4.0,10.0,31.0,1510.0,90.0,662.0,sackmann_archive_2025
2025-8996,Santiago,Clay,28,A,2025-02-24,379,200116,,,Camilo Ugo Carabelli,R,185.0,ARG,25.6,105948,,,Federico Coria,R,180.0,ARG,32.9,6-4 6-3,3,QF,89.0,2.0,2.0,56.0,38.0,25.0,8.0,10.0,1.0,5.0,2.0,2.0,63.0,41.0,21.0,7.0,9.0,9.0,15.0,69.0,847.0,136.0,433.0,sackmann_archive_2025
2025-8996,Santiago,Clay,28,A,2025-02-24,378,202103,1.0,,Francisco Cerundolo,R,185.0,ARG,26.5,105870,,,Yannick Hanfmann,R,193.0,GER,33.2,6-2 4-6 7-6(5),3,R16,148.0,9.0,3.0,110.0,65.0,45.0,25.0,15.0,10.0,13.0,3.0,3.0,94.0,63.0,41.0,17.0,15.0,3.0,7.0,26.0,1725.0,109.0,534.0,sackmann_archive_2025
2025-8996,Santiago,Clay,28,A,2025-02-24,377,144869,5.0,,Tomas Martin Etcheverry,R,196.0,ARG,25.6,106426,,WC,Cristian Garin,R,185.0,CHI,28.7,6-2 6-4,3,R16,95.0,6.0,3.0,60.0,39.0,28.0,12.0,9.0,4.0,5.0,1.0,1.0,51.0,27.0,15.0,14.0,9.0,4.0,8.0,43.0,1240.0,147.0,402.0,sackmann_archive_2025
2025-8996,Santiago,Clay,28,A,2025-02-24,376,111513,,,Laslo Djere,R,188.0,SRB,29.7,124079,4.0,,Pedro Martinez,R,185.0,ESP,27.8,6-1 6-4,3,R16,82.0,13.0,3.0,55.0,39.0,33.0,7.0,9.0,4.0,4.0,0.0,3.0,57.0,41.0,25.0,4.0,8.0,7.0,10.0,103.0,571.0,36.0,1385.0,sackmann_archive_2025
2025-8996,Santiago,Clay,28,A,2025-02-24,375,210262,,,Jaime Faria,R,188.0,POR,21.5,208361,,Q,Gustavo Heide,R,191.0,BRA,22.9,6-7(2) 7-6(5) 6-4,3,R16,167.0,16.0,8.0,109.0,62.0,52.0,28.0,17.0,4.0,4.0,12.0,10.0,130.0,67.0,57.0,33.0,17.0,12.0,13.0,87.0,674.0,160.0,359.0,sackmann_archive_2025
2025-8996,Santiago,Clay,28,A,2025-02-24,374,106000,,,Damir Dzumhur,R,175.0,BIH,32.7,208363,6.0,,Mariano Navone,R,178.0,ARG,23.9,6-4 3-6 6-3,3,R16,156.0,0.0,3.0,110.0,74.0,44.0,20.0,14.0,7.0,10.0,3.0,5.0,87.0,61.0,39.0,14.0,14.0,3.0,7.0,90.0,662.0,64.0,890.0,sackmann_archive_2025
2025-8996,Santiago,Clay,28,A,2025-02-24,373,202104,3.0,,Sebastian Baez,R,170.0,ARG,24.1,207681,,,Francisco Comesana,R,178.0,ARG,24.3,6-3 5-7 7-6(5),3,R16,153.0,1.0,2.0,100.0,70.0,47.0,17.0,16.0,1.0,4.0,11.0,3.0,121.0,68.0,45.0,27.0,17.0,9.0,13.0,31.0,1510.0,67.0,848.0,sackmann_archive_2025
2025-8996,Santiago,Clay,28,A,2025-02-24,372,200116,,,Camilo Ugo Carabelli,R,185.0,ARG,25.6,106329,,,Thiago Monteiro,L,183.0,BRA,30.7,4-6 7-6(2) 6-3,3,R16,161.0,7.0,6.0,96.0,67.0,57.0,9.0,15.0,6.0,7.0,5.0,4.0,104.0,66.0,48.0,20.0,16.0,6.0,8.0,69.0,847.0,108.0,540.0,sackmann_archive_2025
2025-8996,Santiago,Clay,28,A,2025-02-24,371,105948,,,Federico Coria,R,180.0,ARG,32.9,126214,2.0,,Alejandro Tabilo,L,188.0,CHI,27.7,7-6(11) 4-6 6-3,3,R16,157.0,10.0,3.0,101.0,64.0,45.0,21.0,16.0,4.0,7.0,8.0,4.0,115.0,69.0,46.0,25.0,15.0,9.0,12.0,136.0,433.0,28.0,1690.0,sackmann_archive_2025
2025-8996,Santiago,Clay,28,A,2025-02-24,370,105870,,,Yannick Hanfmann,R,193.0,GER,33.2,207680,,,Facundo Diaz Acosta,L,183.0,ARG,24.1,7-5 6-3,3,R32,92.0,3.0,1.0,51.0,33.0,27.0,10.0,10.0,1.0,3.0,4.0,6.0,72.0,40.0,25.0,12.0,11.0,5.0,10.0,109.0,534.0,130.0,448.0,sackmann_archive_2025
2025-8996,Santiago,Clay,28,A,2025-02-24,369,106426,,WC,Cristian Garin,R,185.0,CHI,28.7,126663,,Q,Juan Pablo Ficovich,R,191.0,ARG,28.0,2-6 6-4 6-4,3,R32,150.0,9.0,2.0,87.0,58.0,39.0,17.0,14.0,4.0,7.0,3.0,1.0,110.0,66.0,43.0,24.0,14.0,13.0,16.0,147.0,402.0,175.0,330.0,sackmann_archive_2025
2025-8996,Santiago,Clay,28,A,2025-02-24,368,144869,5.0,,Tomas Martin Etcheverry,R,196.0,ARG,25.6,200384,,,Hugo Gaston,L,173.0,FRA,24.4,6-2 6-3,3,R32,92.0,4.0,0.0,49.0,26.0,16.0,17.0,8.0,6.0,7.0,0.0,6.0,65.0,30.0,17.0,14.0,9.0,9.0,14.0,43.0,1240.0,92.0,636.0,sackmann_archive_2025
2025-8996,Santiago,Clay,28,A,2025-02-24,367,111513,,,Laslo Djere,R,188.0,SRB,29.7,209860,,WC,Ignacio Buse,R,185.0,PER,20.9,6-3 6-4,3,R32,114.0,5.0,3.0,66.0,42.0,31.0,11.0,9.0,2.0,3.0,1.0,4.0,87.0,49.0,30.0,16.0,10.0,8.0,12.0,103.0,571.0,227.0,245.0,sackmann_archive_2025
2025-8996,Santiago,Clay,28,A,2025-02-24,366,208361,,Q,Gustavo Heide,R,191.0,BRA,22.9,205734,,,Thiago Seyboth Wild,R,185.0,BRA,24.9,7-5 6-2,3,R32,104.0,7.0,4.0,62.0,39.0,29.0,17.0,10.0,3.0,3.0,5.0,6.0,77.0,45.0,31.0,14.0,10.0,4.0,7.0,160.0,359.0,86.0,682.0,sackmann_archive_2025
2025-8996,Santiago,Clay,28,A,2025-02-24,365,210262,,,Jaime Faria,R,188.0,POR,21.5,209260,8.0,,Luciano Darderi,R,183.0,ITA,23.0,6-3 6-4,3,R32,79.0,12.0,3.0,59.0,40.0,33.0,11.0,10.0,4.0,4.0,1.0,2.0,60.0,33.0,24.0,13.0,9.0,5.0,7.0,87.0,674.0,59.0,985.0,sackmann_archive_2025
2025-8996,Santiago,Clay,28,A,2025-02-24,364,208363,6.0,,Mariano Navone,R,178.0,ARG,23.9,207686,,,Alexander Shevchenko,R,185.0,KAZ,24.2,6-2 6-2,3,R32,66.0,0.0,2.0,48.0,31.0,23.0,10.0,8.0,2.0,3.0,2.0,1.0,45.0,31.0,19.0,2.0,8.0,2.0,7.0,64.0,890.0,95.0,618.0,sackmann_archive_2025
2025-8996,Santiago,Clay,28,A,2025-02-24,363,106000,,,Damir Dzumhur,R,175.0,BIH,32.7,144895,,,Corentin Moutet,L,180.0,FRA,25.8,6-2 3-6 6-2,3,R32,139.0,0.0,4.0,87.0,66.0,44.0,10.0,12.0,5.0,7.0,2.0,3.0,76.0,51.0,29.0,16.0,13.0,6.0,11.0,90.0,662.0,65.0,872.0,sackmann_archive_2025
2025-8996,Santiago,Clay,28,A,2025-02-24,362,207681,,,Francisco Comesana,R,178.0,ARG,24.3,200335,,Q,Felipe Meligeni Alves,R,185.0,BRA,27.0,7-6(3) 7-6(4),3,R32,122.0,8.0,1.0,84.0,51.0,39.0,23.0,12.0,8.0,8.0,4.0,1.0,91.0,65.0,47.0,13.0,12.0,9.0,9.0,67.0,848.0,194.0,307.0,sackmann_archive_2025
2025-8996,Santiago,Clay,28,A,2025-02-24,361,200116,,,Camilo Ugo Carabelli,R,185.0,ARG,25.6,111797,7.0,,Nicolas Jarry,R,201.0,CHI,29.3,5-7 6-3 7-6(9),3,R32,173.0,3.0,4.0,119.0,73.0,56.0,27.0,17.0,6.0,7.0,7.0,6.0,108.0,57.0,48.0,27.0,16.0,2.0,3.0,69.0,847.0,45.0,1225.0,sackmann_archive_2025
2025-8996,Santiago,Clay,28,A,2025-02-24,360,106329,,,Thiago Monteiro,L,183.0,BRA,30.7,207678,,Q,Juan Manuel Cerundolo,L,183.0,ARG,23.2,6-3 3-6 7-6(2),3,R32,171.0,3.0,9.0,100.0,63.0,42.0,17.0,15.0,6.0,10.0,10.0,6.0,98.0,50.0,38.0,22.0,15.0,9.0,13.0,108.0,540.0,123.0,476.0,sackmann_archive_2025
2025-8996,Santiago,Clay,28,A,2025-02-24,359,105948,,,Federico Coria,R,180.0,ARG,32.9,144642,,WC,Tomas Barrios Vera,R,191.0,CHI,27.2,6-1 6-0,3,R32,69.0,2.0,3.0,36.0,22.0,18.0,7.0,6.0,0.0,0.0,3.0,1.0,54.0,34.0,17.0,4.0,7.0,3.0,9.0,136.0,433.0,145.0,407.0,sackmann_archive_2025
2025-0404,Indian Wells Masters,Hard,96,M,2025-03-05,369,207733,13.0,,Jack Draper,L,193.0,GBR,23.1,208029,12.0,,Holger Rune,R,188.0,DEN,21.8,6-2 6-2,3,F,69.0,10.0,0.0,46.0,26.0,24.0,10.0,8.0,0.0,0.0,1.0,2.0,52.0,34.0,20.0,7.0,8.0,3.0,7.0,14.0,2810.0,13.0,2820.0,sackmann_archive_2025
2025-0404,Indian Wells Masters,Hard,96,M,2025-03-05,368,208029,12.0,,Holger Rune,R,188.0,DEN,21.8,106421,5.0,,Daniil Medvedev,R,198.0,RUS,29.0,7-5 6-4,3,SF,99.0,1.0,2.0,70.0,47.0,34.0,14.0,11.0,1.0,2.0,2.0,0.0,60.0,30.0,20.0,16.0,11.0,1.0,4.0,13.0,2820.0,6.0,3930.0,sackmann_archive_2025
2025-0404,Indian Wells Masters,Hard,96,M,2025-03-05,367,207733,13.0,,Jack Draper,L,193.0,GBR,23.1,207989,2.0,,Carlos Alcaraz,R,183.0,ESP,21.8,6-1 0-6 6-4,3,SF,104.0,4.0,2.0,69.0,47.0,30.0,11.0,12.0,5.0,9.0,3.0,4.0,70.0,39.0,25.0,14.0,11.0,1.0,5.0,14.0,2810.0,3.0,7510.0,sackmann_archive_2025
2025-0404,Indian Wells Masters,Hard,96,M,2025-03-05,366,208029,12.0,,Holger Rune,R,188.0,DEN,21.8,134868,,,Tallon Griekspoor,R,188.0,NED,28.6,5-7 6-0 6-3,3,QF,128.0,6.0,0.0,74.0,51.0,39.0,11.0,14.0,1.0,4.0,3.0,3.0,95.0,60.0,38.0,10.0,13.0,9.0,15.0,13.0,2820.0,43.0,1270.0,sackmann_archive_2025
2025-0404,Indian Wells Masters,Hard,96,M,2025-03-05,365,106421,5.0,,Daniil Medvedev,R,198.0,RUS,29.0,209950,20.0,,Arthur Fils,R,185.0,FRA,20.7,6-4 2-6 7-6(7),3,QF,145.0,5.0,3.0,88.0,54.0,34.0,25.0,15.0,4.0,8.0,2.0,7.0,106.0,61.0,45.0,21.0,15.0,8.0,11.0,6.0,3930.0,21.0,2330.0,sackmann_archive_2025
2025-0404,Indian Wells Masters,Hard,96,M,2025-03-05,364,207733,13.0,,Jack Draper,L,193.0,GBR,23.1,210097,11.0,,Ben Shelton,L,193.0,USA,22.3,6-4 7-5,3,QF,99.0,3.0,1.0,68.0,49.0,33.0,14.0,11.0,0.0,1.0,3.0,5.0,75.0,42.0,28.0,16.0,11.0,2.0,5.0,14.0,2810.0,12.0,2880.0,sackmann_archive_2025
2025-0404,Indian Wells Masters,Hard,96,M,2025-03-05,363,207989,2.0,,Carlos Alcaraz,R,183.0,ESP,21.8,202103,25.0,,Francisco Cerundolo,R,185.0,ARG,26.5,6-3 7-6(4),3,QF,103.0,5.0,5.0,73.0,48.0,36.0,15.0,11.0,8.0,9.0,1.0,4.0,73.0,57.0,38.0,5.0,10.0,1.0,3.0,3.0,7510.0,26.0,1775.0,sackmann_archive_2025
2025-0404,Indian Wells Masters,Hard,96,M,2025-03-05,362,134868,,,Tallon Griekspoor,R,188.0,NED,28.6,133297,,Q,Yosuke Watanuki,R,180.0,JPN,26.8,7-6(4) 6-1,3,R16,86.0,3.0,0.0,61.0,42.0,34.0,13.0,10.0,1.0,1.0,5.0,1.0,54.0,23.0,19.0,13.0,9.0,2.0,4.0,43.0,1270.0,349.0,144.0,sackmann_archive_2025
2025-0404,Indian Wells Masters,Hard,96,M,2025-03-05,361,208029,12.0,,Holger Rune,R,188.0,DEN,21.8,126774,8.0,,Stefanos Tsitsipas,R,193.0,GRE,26.5,6-4 6-4,3,R16,88.0,3.0,0.0,58.0,41.0,30.0,11.0,10.0,5.0,6.0,2.0,1.0,61.0,37.0,22.0,13.0,10.0,2.0,5.0,13.0,2820.0,9.0,3405.0,sackmann_archive_2025
2025-0404,Indian Wells Masters,Hard,96,M,2025-03-05,360,209950,20.0,,Arthur Fils,R,185.0,FRA,20.7,106218,,,Marcos Giron,R,180.0,USA,31.6,6-2 2-6 6-3,3,R16,112.0,4.0,0.0,81.0,51.0,32.0,21.0,13.0,4.0,6.0,3.0,1.0,88.0,50.0,35.0,16.0,12.0,2.0,5.0,21.0,2330.0,48.0,1150.0,sackmann_archive_2025
2025-0404,Indian Wells Masters,Hard,96,M,2025-03-05,359,106421,5.0,,Daniil Medvedev,R,198.0,RUS,29.0,126205,10.0,,Tommy Paul,R,185.0,USA,27.7,6-4 6-0,3,R16,74.0,8.0,4.0,51.0,31.0,22.0,9.0,8.0,3.0,5.0,4.0,4.0,55.0,37.0,19.0,5.0,8.0,2.0,8.0,6.0,3930.0,11.0,3330.0,sackmann_archive_2025
2025-0404,Indian Wells Masters,Hard,96,M,2025-03-05,358,210097,11.0,,Ben Shelton,L,193.0,USA,22.3,206909,32.0,,Brandon Nakashima,R,188.0,USA,23.5,7-6(6) 6-1,3,R16,94.0,6.0,1.0,61.0,40.0,29.0,14.0,10.0,3.0,4.0,0.0,1.0,62.0,30.0,18.0,17.0,9.0,2.0,5.0,12.0,2880.0,33.0,1430.0,sackmann_archive_2025
2025-0404,Indian Wells Masters,Hard,96,M,2025-03-05,357,207733,13.0,,Jack Draper,L,193.0,GBR,23.1,126203,3.0,,Taylor Fritz,R,196.0,USA,27.3,7-5 6-4,3,R16,78.0,8.0,2.0,57.0,35.0,32.0,10.0,11.0,0.0,1.0,6.0,0.0,57.0,40.0,30.0,8.0,11.0,1.0,4.0,14.0,2810.0,4.0,4900.0,sackmann_archive_2025
2025-0404,Indian Wells Masters,Hard,96,M,2025-03-05,356,202103,25.0,,Francisco Cerundolo,R,185.0,ARG,26.5,200282,9.0,,Alex De Minaur,R,183.0,AUS,26.0,7-5 6-3,3,R16,110.0,2.0,5.0,78.0,45.0,27.0,18.0,10.0,11.0,14.0,2.0,1.0,67.0,34.0,22.0,9.0,11.0,1.0,7.0,26.0,1775.0,10.0,3335.0,sackmann_archive_2025
2025-0404,Indian Wells Masters,Hard,96,M,2025-03-05,355,207989,2.0,,Carlos Alcaraz,R,183.0,ESP,21.8,105777,14.0,,Grigor Dimitrov,R,191.0,BUL,33.7,6-1 6-1,3,R16,74.0,6.0,2.0,40.0,30.0,23.0,7.0,7.0,3.0,3.0,1.0,4.0,63.0,34.0,17.0,11.0,7.0,9.0,14.0,3.0,7510.0,15.0,2745.0,sackmann_archive_2025
2025-0404,Indian Wells Masters,Hard,96,M,2025-03-05,354,134868,,,Tallon Griekspoor,R,188.0,NED,28.6,208659,29.0,,Giovanni Mpetshi Perricard,R,203.0,FRA,21.6,7-6(3) 6-3,3,R32,76.0,10.0,1.0,60.0,32.0,26.0,21.0,11.0,1.0,2.0,5.0,5.0,55.0,28.0,22.0,17.0,10.0,3.0,5.0,43.0,1270.0,30.0,1616.0,sackmann_archive_2025
2025-0404,Indian Wells Masters,Hard,96,M,2025-03-05,353,133297,,Q,Yosuke Watanuki,R,180.0,JPN,26.8,126207,16.0,,Frances Tiafoe,R,188.0,USA,27.1,6-4 7-6(6),3,R32,113.0,16.0,2.0,71.0,37.0,28.0,22.0,11.0,4.0,6.0,4.0,2.0,87.0,50.0,32.0,17.0,11.0,9.0,12.0,349.0,144.0,17.0,2485.0,sackmann_archive_2025
2025-0404,Indian Wells Masters,Hard,96,M,2025-03-05,352,208029,12.0,,Holger Rune,R,188.0,DEN,21.8,200005,18.0,,Ugo Humbert,L,188.0,FRA,26.6,5-7 6-4 7-5,3,R32,155.0,6.0,9.0,110.0,56.0,42.0,28.0,17.0,7.0,10.0,10.0,5.0,104.0,55.0,39.0,24.0,17.0,6.0,10.0,13.0,2820.0,19.0,2375.0,sackmann_archive_2025
2025-0404,Indian Wells Masters,Hard,96,M,2025-03-05,351,126774,8.0,,Stefanos Tsitsipas,R,193.0,GRE,26.5,126610,28.0,,Matteo Berrettini,R,196.0,ITA,28.8,6-3 6-3,3,R32,68.0,0.0,2.0,44.0,26.0,24.0,12.0,9.0,0.0,0.0,6.0,1.0,52.0,37.0,26.0,4.0,9.0,3.0,6.0,9.0,3405.0,29.0,1620.0,sackmann_archive_2025
2025-0404,Indian Wells Masters,Hard,96,M,2025-03-05,350,106218,,,Marcos Giron,R,180.0,USA,31.6,200615,26.0,,Alexei Popyrin,R,196.0,AUS,25.5,5-7 6-3 6-3,3,R32,152.0,7.0,2.0,111.0,67.0,43.0,28.0,15.0,14.0,15.0,5.0,4.0,86.0,38.0,27.0,28.0,15.0,5.0,8.0,48.0,1150.0,27.0,1750.0,sackmann_archive_2025
2025-0404,Indian Wells Masters,Hard,96,M,2025-03-05,349,209950,20.0,,Arthur Fils,R,185.0,FRA,20.7,207518,15.0,,Lorenzo Musetti,R,185.0,ITA,23.0,3-6 7-6(4) 6-3,3,R32,151.0,6.0,3.0,103.0,65.0,44.0,20.0,16.0,3.0,7.0,6.0,3.0,90.0,54.0,38.0,19.0,14.0,3.0,6.0,21.0,2330.0,16.0,2650.0,sackmann_archive_2025
2025-0404,Indian Wells Masters,Hard,96,M,2025-03-05,348,126205,10.0,,Tommy Paul,R,185.0,USA,27.7,111815,,,Cameron Norrie,L,188.0,GBR,29.5,6-3 7-5,3,R32,92.0,6.0,3.0,58.0,30.0,21.0,14.0,10.0,0.0,3.0,1.0,7.0,70.0,35.0,21.0,13.0,11.0,6.0,12.0,11.0,3330.0,77.0,784.0,sackmann_archive_2025
2025-0404,Indian Wells Masters,Hard,96,M,2025-03-05,347,106421,5.0,,Daniil Medvedev,R,198.0,RUS,29.0,210506,31.0,,Alex Michelsen,R,193.0,USA,20.5,2-0 RET,3,R32,10.0,1.0,0.0,5.0,4.0,3.0,1.0,1.0,0.0,0.0,0.0,1.0,7.0,3.0,1.0,1.0,1.0,0.0,1.0,6.0,3930.0,32.0,1445.0,sackmann_archive_2025
2025-0404,Indian Wells Masters,Hard,96,M,2025-03-05,346,206909,32.0,,Brandon Nakashima,R,188.0,USA,23.5,208286,,,Matteo Arnaldi,R,185.0,ITA,24.0,6-2 6-4,3,R32,74.0,4.0,0.0,45.0,27.0,24.0,13.0,9.0,1.0,1.0,2.0,5.0,56.0,32.0,23.0,9.0,9.0,3.0,6.0,33.0,1430.0,35.0,1390.0,sackmann_archive_2025
2025-0404,Indian Wells Masters,Hard,96,M,2025-03-05,345,210097,11.0,,Ben Shelton,L,193.0,USA,22.3,111575,22.0,,Karen Khachanov,R,198.0,RUS,28.7,6-3 7-5,3,R32,95.0,8.0,3.0,77.0,48.0,33.0,16.0,11.0,4.0,5.0,7.0,3.0,61.0,40.0,28.0,8.0,10.0,7.0,10.0,12.0,2880.0,23.0,1960.0,sackmann_archive_2025
2025-0404,Indian Wells Masters,Hard,96,M,2025-03-05,344,207733,13.0,,Jack Draper,L,193.0,GBR,23.1,202385,,PR,Jenson Brooksby,R,188.0,USA,24.3,7-5 6-4,3,R32,101.0,4.0,3.0,56.0,30.0,27.0,16.0,11.0,1.0,2.0,1.0,4.0,81.0,44.0,25.0,21.0,11.0,2.0,5.0,14.0,2810.0,937.0,17.0,sackmann_archive_2025
2025-0404,Indian Wells Masters,Hard,96,M,2025-03-05,343,126203,3.0,,Taylor Fritz,R,196.0,USA,27.3,126214,30.0,,Alejandro Tabilo,L,188.0,CHI,27.7,4-6 6-3 6-1,3,R32,114.0,12.0,3.0,80.0,49.0,39.0,14.0,13.0,5.0,7.0,3.0,5.0,89.0,50.0,27.0,21.0,13.0,4.0,9.0,4.0,4900.0,31.0,1535.0,sackmann_archive_2025
2025-0404,Indian Wells Masters,Hard,96,M,2025-03-05,342,202103,25.0,,Francisco Cerundolo,R,185.0,ARG,26.5,122298,,LL,Botic Van De Zandschulp,R,191.0,NED,29.4,6-3 6-4,3,R32,101.0,2.0,2.0,71.0,38.0,25.0,20.0,10.0,4.0,5.0,1.0,2.0,57.0,37.0,24.0,9.0,9.0,1.0,4.0,26.0,1775.0,85.0,710.0,sackmann_archive_2025
2025-0404,Indian Wells Masters,Hard,96,M,2025-03-05,341,200282,9.0,,Alex De Minaur,R,183.0,AUS,26.0,128034,21.0,,Hubert Hurkacz,R,196.0,POL,28.0,6-4 6-0,3,R32,73.0,2.0,3.0,49.0,20.0,16.0,19.0,8.0,1.0,1.0,7.0,1.0,43.0,25.0,14.0,7.0,8.0,0.0,4.0,10.0,3335.0,22.0,2165.0,sackmann_archive_2025
2025-0404,Indian Wells Masters,Hard,96,M,2025-03-05,340,105777,14.0,,Grigor Dimitrov,R,191.0,BUL,33.7,104792,,,Gael Monfils,R,193.0,FRA,38.5,7-6(4) 4-6 7-6(2),3,R32,181.0,3.0,7.0,116.0,65.0,44.0,33.0,17.0,6.0,9.0,8.0,6.0,122.0,73.0,53.0,27.0,17.0,9.0,11.0,15.0,2745.0,42.0,1280.0,sackmann_archive_2025
2025-0404,Indian Wells Masters,Hard,96,M,2025-03-05,339,207989,2.0,,Carlos Alcaraz,R,183.0,ESP,21.8,133430,27.0,,Denis Shapovalov,L,185.0,CAN,25.8,6-2 6-4,3,R32,83.0,2.0,5.0,63.0,45.0,31.0,10.0,9.0,3.0,4.0,2.0,8.0,59.0,31.0,23.0,10.0,9.0,4.0,8.0,3.0,7510.0,28.0,1696.0,sackmann_archive_2025
2025-0404,Indian Wells Masters,Hard,96,M,2025-03-05,338,134868,,,Tallon Griekspoor,R,188.0,NED,28.6,100644,1.0,,Alexander Zverev,R,198.0,GER,27.8,4-6 7-6(5) 7-6(4),3,R64,187.0,10.0,9.0,135.0,90.0,63.0,19.0,17.0,9.0,14.0,6.0,2.0,106.0,66.0,44.0,24.0,17.0,5.0,9.0,43.0,1270.0,2.0,8135.0,sackmann_archive_2025
2025-0404,Indian Wells Masters,Hard,96,M,2025-03-05,337,208659,29.0,,Giovanni Mpetshi Perricard,R,203.0,FRA,21.6,206681,,,Fabian Marozsan,R,193.0,HUN,25.4,6-4 0-0 RET,3,R64,42.0,10.0,3.0,28.0,16.0,13.0,8.0,5.0,2.0,2.0,3.0,3.0,35.0,19.0,11.0,9.0,5.0,4.0,5.0,30.0,1616.0,54.0,1035.0,sackmann_archive_2025
2025-0404,Indian Wells Masters,Hard,96,M,2025-03-05,336,133297,,Q,Yosuke Watanuki,R,180.0,JPN,26.8,207830,19.0,,Tomas Machac,R,183.0,CZE,24.3,4-6 4-2 RET,3,R64,56.0,4.0,2.0,42.0,22.0,19.0,10.0,8.0,2.0,4.0,5.0,3.0,44.0,30.0,24.0,4.0,8.0,0.0,2.0,349.0,144.0,20.0,2330.0,sackmann_archive_2025
2025-0404,Indian Wells Masters,Hard,96,M,2025-03-05,335,126207,16.0,,Frances Tiafoe,R,188.0,USA,27.1,106000,,Q,Damir Dzumhur,R,175.0,BIH,32.7,7-6(4) 7-6(7),3,R64,129.0,5.0,5.0,99.0,55.0,38.0,22.0,12.0,2.0,7.0,2.0,3.0,89.0,57.0,31.0,18.0,12.0,5.0,10.0,17.0,2485.0,84.0,712.0,sackmann_archive_2025
2025-0404,Indian Wells Masters,Hard,96,M,2025-03-05,334,208029,12.0,,Holger Rune,R,188.0,DEN,21.8,144895,,,Corentin Moutet,L,180.0,FRA,25.8,6-2 6-4,3,R64,106.0,2.0,1.0,50.0,34.0,24.0,9.0,9.0,3.0,5.0,2.0,2.0,63.0,43.0,21.0,10.0,9.0,6.0,11.0,13.0,2820.0,79.0,759.0,sackmann_archive_2025
2025-0404,Indian Wells Masters,Hard,96,M,2025-03-05,333,200005,18.0,,Ugo Humbert,L,188.0,FRA,26.6,105453,,,Kei Nishikori,R,178.0,JPN,35.1,6-4 6-3,3,R64,88.0,7.0,3.0,70.0,35.0,27.0,17.0,10.0,4.0,6.0,1.0,2.0,47.0,29.0,17.0,8.0,9.0,1.0,5.0,19.0,2375.0,76.0,793.0,sackmann_archive_2025
2025-0404,Indian Wells Masters,Hard,96,M,2025-03-05,332,126610,28.0,,Matteo Berrettini,R,196.0,ITA,28.8,106331,,,Christopher Oconnell,R,183.0,AUS,30.7,6-2 7-6(2),3,R64,94.0,7.0,1.0,63.0,40.0,28.0,17.0,10.0,1.0,1.0,4.0,3.0,61.0,40.0,28.0,9.0,10.0,1.0,3.0,29.0,1620.0,75.0,805.0,sackmann_archive_2025
2025-0404,Indian Wells Masters,Hard,96,M,2025-03-05,331,126774,8.0,,Stefanos Tsitsipas,R,193.0,GRE,26.5,205734,,,Thiago Seyboth Wild,R,185.0,BRA,24.9,6-2 6-4,3,R64,87.0,4.0,1.0,49.0,34.0,26.0,12.0,9.0,2.0,2.0,2.0,5.0,71.0,42.0,33.0,8.0,9.0,5.0,8.0,9.0,3405.0,91.0,657.0,sackmann_archive_2025
2025-0404,Indian Wells Masters,Hard,96,M,2025-03-05,330,106218,,,Marcos Giron,R,180.0,USA,31.6,134770,4.0,,Casper Ruud,R,183.0,NOR,26.1,7-6(4) 3-6 6-2,3,R64,158.0,4.0,3.0,115.0,70.0,52.0,19.0,15.0,8.0,11.0,3.0,8.0,101.0,61.0,47.0,14.0,14.0,4.0,7.0,48.0,1150.0,5.0,4045.0,sackmann_archive_2025
2025-0404,Indian Wells Masters,Hard,96,M,2025-03-05,329,200615,26.0,,Alexei Popyrin,R,196.0,AUS,25.5,200267,,,Zizou Bergs,R,185.0,BEL,25.7,7-6(4) 7-5,3,R64,130.0,5.0,1.0,83.0,52.0,41.0,16.0,12.0,4.0,5.0,2.0,4.0,85.0,51.0,36.0,18.0,12.0,4.0,6.0,27.0,1750.0,53.0,1060.0,sackmann_archive_2025
2025-0404,Indian Wells Masters,Hard,96,M,2025-03-05,328,209950,20.0,,Arthur Fils,R,185.0,FRA,20.7,209113,,LL,Gabriel Diallo,R,203.0,CAN,23.4,6-2 6-2,3,R64,67.0,0.0,0.0,37.0,25.0,22.0,7.0,8.0,0.0,1.0,3.0,2.0,55.0,32.0,15.0,9.0,8.0,3.0,8.0,21.0,2330.0,88.0,690.0,sackmann_archive_2025
2025-0404,Indian Wells Masters,Hard,96,M,2025-03-05,327,207518,15.0,,Lorenzo Musetti,R,185.0,ITA,23.0,126128,,,Roman Safiullin,R,185.0,RUS,27.5,7-5 5-7 6-2,3,R64,162.0,5.0,4.0,107.0,68.0,46.0,17.0,16.0,4.0,8.0,2.0,7.0,100.0,57.0,34.0,20.0,16.0,6.0,12.0,16.0,2650.0,69.0,848.0,sackmann_archive_2025
2025-0404,Indian Wells Masters,Hard,96,M,2025-03-05,326,126205,10.0,,Tommy Paul,R,185.0,USA,27.7,207729,,WC,Tristan Boyer,R,188.0,USA,23.8,6-3 6-1,3,R64,69.0,4.0,1.0,41.0,22.0,16.0,14.0,8.0,1.0,2.0,1.0,3.0,60.0,34.0,21.0,7.0,8.0,2.0,7.0,11.0,3330.0,117.0,501.0,sackmann_archive_2025
2025-0404,Indian Wells Masters,Hard,96,M,2025-03-05,325,111815,,,Cameron Norrie,L,188.0,GBR,29.5,208103,23.0,,Jiri Lehecka,R,185.0,CZE,23.3,3-6 6-4 7-5,3,R64,143.0,3.0,2.0,110.0,66.0,45.0,23.0,15.0,10.0,12.0,4.0,3.0,93.0,47.0,34.0,28.0,16.0,3.0,6.0,77.0,784.0,24.0,1935.0,sackmann_archive_2025
2025-0404,Indian Wells Masters,Hard,96,M,2025-03-05,324,210506,31.0,,Alex Michelsen,R,193.0,USA,20.5,212256,,Q,Colton Smith,U,,USA,21.9,6-3 6-4,3,R64,108.0,2.0,3.0,88.0,52.0,35.0,20.0,10.0,5.0,6.0,3.0,1.0,62.0,37.0,25.0,12.0,9.0,4.0,7.0,32.0,1445.0,261.0,209.0,sackmann_archive_2025
2025-0404,Indian Wells Masters,Hard,96,M,2025-03-05,323,106421,5.0,,Daniil Medvedev,R,198.0,RUS,29.0,207352,,,Bu Yunchaokete,R,185.0,CHN,23.1,6-2 6-2,3,R64,96.0,3.0,1.0,52.0,21.0,19.0,14.0,8.0,1.0,2.0,0.0,1.0,62.0,29.0,18.0,12.0,8.0,9.0,14.0,6.0,3930.0,71.0,833.0,sackmann_archive_2025
2025-0404,Indian Wells Masters,Hard,96,M,2025-03-05,322,208286,,,Matteo Arnaldi,R,185.0,ITA,24.0,126094,7.0,,Andrey Rublev,R,188.0,RUS,27.3,6-4 7-5,3,R64,107.0,0.0,0.0,70.0,30.0,17.0,22.0,11.0,7.0,11.0,2.0,5.0,61.0,33.0,20.0,10.0,11.0,4.0,10.0,35.0,1390.0,8.0,3480.0,sackmann_archive_2025
2025-0404,Indian Wells Masters,Hard,96,M,2025-03-05,321,206909,32.0,,Brandon Nakashima,R,188.0,USA,23.5,208014,,,Rinky Hijikata,R,178.0,AUS,24.0,7-5 6-1,3,R64,92.0,14.0,0.0,71.0,43.0,33.0,15.0,10.0,3.0,3.0,4.0,0.0,63.0,40.0,24.0,11.0,9.0,1.0,4.0,33.0,1430.0,83.0,732.0,sackmann_archive_2025
2025-0404,Indian Wells Masters,Hard,96,M,2025-03-05,320,111575,22.0,,Karen Khachanov,R,198.0,RUS,28.7,210150,,,Jakub Mensik,R,193.0,CZE,19.5,3-6 6-0 6-3,3,R64,119.0,2.0,2.0,76.0,46.0,33.0,15.0,12.0,5.0,7.0,7.0,5.0,80.0,42.0,29.0,16.0,12.0,7.0,12.0,23.0,1960.0,57.0,992.0,sackmann_archive_2025
2025-0404,Indian Wells Masters,Hard,96,M,2025-03-05,319,210097,11.0,,Ben Shelton,L,193.0,USA,22.3,208363,,,Mariano Navone,R,178.0,ARG,24.0,6-3 6-2,3,R64,77.0,5.0,1.0,56.0,35.0,28.0,10.0,9.0,0.0,0.0,0.0,0.0,46.0,30.0,18.0,9.0,8.0,3.0,6.0,12.0,2880.0,63.0,905.0,sackmann_archive_2025
2025-0404,Indian Wells Masters,Hard,96,M,2025-03-05,318,207733,13.0,,Jack Draper,L,193.0,GBR,23.1,211663,,WC,Joao Fonseca,R,185.0,BRA,18.5,6-4 6-0,3,R64,75.0,6.0,6.0,60.0,33.0,25.0,12.0,8.0,6.0,7.0,0.0,1.0,46.0,24.0,14.0,8.0,8.0,3.0,8.0,14.0,2810.0,80.0,750.0,sackmann_archive_2025
2025-0404,Indian Wells Masters,Hard,96,M,2025-03-05,317,202385,,PR,Jenson Brooksby,R,188.0,USA,24.3,200000,17.0,,Felix Auger Aliassime,R,193.0,CAN,24.5,6-4 6-2,3,R64,88.0,1.0,3.0,56.0,33.0,26.0,13.0,9.0,2.0,2.0,2.0,3.0,52.0,30.0,20.0,12.0,9.0,3.0,6.0,937.0,17.0,18.0,2455.0,sackmann_archive_2025
2025-0404,Indian Wells Masters,Hard,96,M,2025-03-05,316,126214,30.0,,Alejandro Tabilo,L,188.0,CHI,27.7,105583,,,Dusan Lajovic,R,183.0,SRB,34.6,6-3 7-5,3,R64,92.0,6.0,2.0,74.0,41.0,30.0,21.0,11.0,2.0,2.0,3.0,2.0,66.0,41.0,28.0,12.0,10.0,2.0,4.0,31.0,1535.0,108.0,555.0,sackmann_archive_2025
2025-0404,Indian Wells Masters,Hard,96,M,2025-03-05,315,126203,3.0,,Taylor Fritz,R,196.0,USA,27.3,209263,,Q,Matteo Gigante,L,180.0,ITA,23.1,6-3 7-5,3,R64,88.0,5.0,1.0,64.0,39.0,35.0,10.0,11.0,5.0,6.0,2.0,5.0,58.0,27.0,20.0,15.0,10.0,2.0,5.0,4.0,4900.0,217.0,256.0,sackmann_archive_2025
2025-0404,Indian Wells Masters,Hard,96,M,2025-03-05,314,122298,,LL,Botic Van De Zandschulp,R,191.0,NED,29.4,104925,6.0,,Novak Djokovic,R,188.0,SRB,37.7,6-2 3-6 6-1,3,R64,121.0,4.0,4.0,82.0,58.0,35.0,17.0,12.0,2.0,4.0,0.0,3.0,73.0,49.0,31.0,7.0,12.0,3.0,8.0,85.0,710.0,7.0,3900.0,sackmann_archive_2025
2025-0404,Indian Wells Masters,Hard,96,M,2025-03-05,313,202103,25.0,,Francisco Cerundolo,R,185.0,ARG,26.5,111456,,WC,Mackenzie Mcdonald,R,178.0,USA,29.8,4-6 7-6(3) 6-1,3,R64,138.0,4.0,3.0,80.0,49.0,31.0,20.0,14.0,1.0,4.0,2.0,2.0,121.0,82.0,47.0,19.0,15.0,7.0,12.0,26.0,1775.0,109.0,555.0,sackmann_archive_2025
2025-0404,Indian Wells Masters,Hard,96,M,2025-03-05,312,128034,21.0,,Hubert Hurkacz,R,196.0,POL,28.0,200384,,Q,Hugo Gaston,L,173.0,FRA,24.4,7-5 6-3,3,R64,89.0,13.0,1.0,76.0,46.0,36.0,15.0,11.0,4.0,4.0,1.0,4.0,56.0,23.0,22.0,16.0,10.0,1.0,3.0,22.0,2165.0,93.0,636.0,sackmann_archive_2025
2025-0404,Indian Wells Masters,Hard,96,M,2025-03-05,311,200282,9.0,,Alex De Minaur,R,183.0,AUS,26.0,105676,,,David Goffin,R,180.0,BEL,34.2,6-2 6-2,3,R64,74.0,2.0,4.0,43.0,25.0,23.0,10.0,8.0,3.0,3.0,2.0,2.0,56.0,19.0,10.0,19.0,8.0,7.0,11.0,10.0,3335.0,56.0,1006.0,sackmann_archive_2025
2025-0404,Indian Wells Masters,Hard,96,M,2025-03-05,310,105777,14.0,,Grigor Dimitrov,R,191.0,BUL,33.7,132686,,,Nuno Borges,R,185.0,POR,28.0,6-3 6-4,3,R64,93.0,6.0,5.0,76.0,46.0,36.0,14.0,10.0,7.0,8.0,2.0,2.0,60.0,41.0,26.0,9.0,9.0,5.0,8.0,15.0,2745.0,36.0,1385.0,sackmann_archive_2025
2025-0404,Indian Wells Masters,Hard,96,M,2025-03-05,309,104792,,,Gael Monfils,R,193.0,FRA,38.5,200624,24.0,,Sebastian Korda,R,196.0,USA,24.6,7-6(2) 7-6(4),3,R64,120.0,4.0,9.0,80.0,42.0,34.0,22.0,12.0,4.0,6.0,4.0,2.0,89.0,55.0,38.0,18.0,12.0,5.0,7.0,42.0,1280.0,25.0,1900.0,sackmann_archive_2025
2025-0404,Indian Wells Masters,Hard,96,M,2025-03-05,308,133430,27.0,,Denis Shapovalov,L,185.0,CAN,25.8,200443,,Q,Adam Walton,R,183.0,AUS,25.8,6-3 6-2,3,R64,76.0,2.0,3.0,69.0,42.0,29.0,11.0,9.0,8.0,10.0,1.0,2.0,47.0,30.0,17.0,4.0,8.0,1.0,6.0,28.0,1696.0,96.0,629.0,sackmann_archive_2025
2025-0404,Indian Wells Masters,Hard,96,M,2025-03-05,307,207989,2.0,,Carlos Alcaraz,R,183.0,ESP,21.8,111460,,,Quentin Halys,R,191.0,FRA,28.3,6-4 6-2,3,R64,67.0,7.0,3.0,48.0,21.0,20.0,17.0,9.0,1.0,1.0,2.0,0.0,49.0,31.0,23.0,9.0,9.0,2.0,5.0,3.0,7510.0,59.0,976.0,sackmann_archive_2025
2025-0404,Indian Wells Masters,Hard,96,M,2025-03-05,306,134868,,,Tallon Griekspoor,R,188.0,NED,28.6,200175,,,Miomir Kecmanovic,R,183.0,SRB,25.5,6-7(5) 6-4 6-3,3,R128,135.0,12.0,6.0,99.0,59.0,46.0,23.0,15.0,3.0,3.0,6.0,3.0,93.0,55.0,43.0,19.0,16.0,2.0,5.0,43.0,1270.0,49.0,1146.0,sackmann_archive_2025
2025-0404,Indian Wells Masters,Hard,96,M,2025-03-05,305,206681,,,Fabian Marozsan,R,193.0,HUN,25.4,124079,,,Pedro Martinez,R,185.0,ESP,27.8,6-3 6-2,3,R128,63.0,10.0,0.0,46.0,31.0,25.0,12.0,9.0,1.0,1.0,1.0,3.0,49.0,31.0,22.0,5.0,8.0,5.0,8.0,54.0,1035.0,41.0,1295.0,sackmann_archive_2025
2025-0404,Indian Wells Masters,Hard,96,M,2025-03-05,304,133297,,Q,Yosuke Watanuki,R,180.0,JPN,26.8,122330,,,Alexander Bublik,R,196.0,KAZ,27.7,6-3 3-6 6-3,3,R128,98.0,13.0,2.0,76.0,49.0,37.0,18.0,14.0,3.0,4.0,13.0,8.0,81.0,43.0,35.0,17.0,13.0,9.0,11.0,349.0,144.0,82.0,745.0,sackmann_archive_2025
2025-0404,Indian Wells Masters,Hard,96,M,2025-03-05,303,106000,,Q,Damir Dzumhur,R,175.0,BIH,32.7,105138,,,Roberto Bautista Agut,R,183.0,ESP,36.8,6-4 1-6 7-6(4),3,R128,149.0,1.0,1.0,86.0,57.0,36.0,13.0,14.0,3.0,8.0,2.0,2.0,102.0,61.0,37.0,23.0,15.0,4.0,8.0,84.0,712.0,50.0,1089.0,sackmann_archive_2025
2025-0404,Indian Wells Masters,Hard,96,M,2025-03-05,302,144895,,,Corentin Moutet,L,180.0,FRA,25.8,111442,,,Jordan Thompson,R,183.0,AUS,30.8,6-4 4-6 6-3,3,R128,160.0,4.0,2.0,87.0,52.0,36.0,19.0,15.0,1.0,4.0,2.0,4.0,106.0,50.0,33.0,29.0,14.0,11.0,15.0,79.0,759.0,38.0,1375.0,sackmann_archive_2025
2025-0404,Indian Wells Masters,Hard,96,M,2025-03-05,301,105453,,,Kei Nishikori,R,178.0,JPN,35.1,144719,,,Jaume Munar,R,183.0,ESP,27.8,6-2 5-7 7-6(3),3,R128,177.0,2.0,6.0,128.0,86.0,55.0,20.0,16.0,10.0,14.0,6.0,6.0,98.0,65.0,40.0,17.0,16.0,3.0,8.0,76.0,793.0,58.0,992.0,sackmann_archive_2025
2025-0404,Indian Wells Masters,Hard,96,M,2025-03-05,300,106331,,,Christopher Oconnell,R,183.0,AUS,30.7,106148,,,Roberto Carballes Baena,R,183.0,ESP,31.9,6-3 0-6 6-1,3,R128,116.0,2.0,3.0,62.0,40.0,25.0,12.0,11.0,5.0,8.0,2.0,3.0,85.0,57.0,33.0,15.0,11.0,9.0,13.0,75.0,805.0,52.0,1071.0,sackmann_archive_2025
2025-0404,Indian Wells Masters,Hard,96,M,2025-03-05,299,205734,,,Thiago Seyboth Wild,R,185.0,BRA,24.9,124186,,,Alexandre Muller,R,183.0,FRA,28.0,4-6 7-5 7-6(6),3,R128,175.0,14.0,6.0,118.0,69.0,53.0,21.0,17.0,11.0,15.0,2.0,2.0,118.0,82.0,49.0,21.0,17.0,11.0,15.0,91.0,657.0,44.0,1270.0,sackmann_archive_2025
2025-0404,Indian Wells Masters,Hard,96,M,2025-03-05,298,106218,,,Marcos Giron,R,180.0,USA,31.6,105932,,Q,Nikoloz Basilashvili,R,185.0,GEO,33.0,7-5 7-6(3),3,R128,110.0,11.0,1.0,72.0,45.0,33.0,16.0,12.0,1.0,2.0,2.0,2.0,93.0,46.0,32.0,24.0,12.0,5.0,7.0,48.0,1150.0,152.0,383.0,sackmann_archive_2025
2025-0404,Indian Wells Masters,Hard,96,M,2025-03-05,297,200267,,,Zizou Bergs,R,185.0,BEL,25.7,210319,,Q,Ethan Quinn,R,191.0,USA,20.9,7-6(2) 6-3,3,R128,106.0,5.0,1.0,75.0,46.0,34.0,17.0,11.0,4.0,5.0,5.0,1.0,73.0,46.0,28.0,15.0,10.0,5.0,7.0,53.0,1060.0,137.0,432.0,sackmann_archive_2025
2025-0404,Indian Wells Masters,Hard,96,M,2025-03-05,296,209113,,LL,Gabriel Diallo,R,203.0,CAN,23.4,111190,,,Zhizhen Zhang,R,193.0,CHN,28.3,2-6 6-2 7-6(7),3,R128,168.0,9.0,3.0,100.0,69.0,48.0,17.0,14.0,6.0,8.0,11.0,2.0,96.0,64.0,49.0,16.0,14.0,7.0,9.0,88.0,690.0,51.0,1075.0,sackmann_archive_2025
2025-0404,Indian Wells Masters,Hard,96,M,2025-03-05,295,126128,,,Roman Safiullin,R,185.0,RUS,27.5,124187,,WC,Reilly Opelka,R,211.0,USA,27.5,7-5 6-4,3,R128,86.0,2.0,4.0,63.0,44.0,34.0,10.0,11.0,3.0,4.0,12.0,5.0,63.0,40.0,31.0,7.0,11.0,3.0,6.0,69.0,848.0,114.0,516.0,sackmann_archive_2025
2025-0404,Indian Wells Masters,Hard,96,M,2025-03-05,294,207729,,WC,Tristan Boyer,R,188.0,USA,23.8,126846,,,Aleksandar Vukic,R,188.0,AUS,28.9,4-6 6-2 7-6(4),3,R128,139.0,6.0,2.0,93.0,61.0,41.0,19.0,15.0,4.0,7.0,10.0,8.0,101.0,56.0,41.0,21.0,15.0,6.0,10.0,117.0,501.0,64.0,868.0,sackmann_archive_2025
2025-0404,Indian Wells Masters,Hard,96,M,2025-03-05,293,111815,,,Cameron Norrie,L,188.0,GBR,29.5,208134,,,Luca Nardi,R,185.0,ITA,21.5,6-0 6-3,3,R128,64.0,6.0,1.0,43.0,26.0,23.0,10.0,8.0,1.0,1.0,1.0,2.0,48.0,23.0,14.0,8.0,7.0,6.0,10.0,77.0,784.0,67.0,862.0,sackmann_archive_2025
2025-0404,Indian Wells Masters,Hard,96,M,2025-03-05,292,212256,,Q,Colton Smith,U,,USA,21.9,207925,,,Flavio Cobolli,R,183.0,ITA,22.8,3-6 6-2 6-2,3,R128,111.0,5.0,3.0,79.0,55.0,35.0,11.0,12.0,11.0,15.0,4.0,7.0,80.0,33.0,22.0,17.0,13.0,2.0,9.0,261.0,209.0,40.0,1295.0,sackmann_archive_2025
2025-0404,Indian Wells Masters,Hard,96,M,2025-03-05,291,207352,,,Bu Yunchaokete,R,185.0,CHN,23.1,210460,,WC,Nishesh Basavareddy,R,180.0,USA,19.8,7-5 6-4,3,R128,102.0,1.0,1.0,62.0,33.0,27.0,17.0,11.0,0.0,1.0,3.0,4.0,68.0,37.0,29.0,12.0,11.0,4.0,7.0,71.0,833.0,101.0,587.0,sackmann_archive_2025
2025-0404,Indian Wells Masters,Hard,96,M,2025-03-05,290,208286,,,Matteo Arnaldi,R,185.0,ITA,24.0,206499,,,Aleksandar Kovacevic,R,183.0,USA,26.5,6-3 5-7 6-4,3,R128,149.0,7.0,6.0,106.0,61.0,41.0,24.0,16.0,12.0,15.0,5.0,1.0,92.0,53.0,37.0,19.0,15.0,6.0,10.0,35.0,1390.0,94.0,630.0,sackmann_archive_2025
2025-0404,Indian Wells Masters,Hard,96,M,2025-03-05,289,208014,,,Rinky Hijikata,R,178.0,AUS,24.0,207686,,,Alexander Shevchenko,R,185.0,KAZ,24.2,6-1 6-3,3,R128,64.0,1.0,1.0,48.0,35.0,22.0,6.0,8.0,2.0,4.0,0.0,5.0,53.0,35.0,16.0,7.0,8.0,3.0,9.0,83.0,732.0,98.0,618.0,sackmann_archive_2025
2025-0404,Indian Wells Masters,Hard,96,M,2025-03-05,288,210150,,,Jakub Mensik,R,193.0,CZE,19.5,144869,,,Tomas Martin Etcheverry,R,196.0,ARG,25.6,6-4 7-6(6),3,R128,112.0,9.0,6.0,79.0,44.0,32.0,17.0,11.0,7.0,10.0,4.0,3.0,63.0,44.0,26.0,9.0,11.0,1.0,5.0,57.0,992.0,45.0,1265.0,sackmann_archive_2025
2025-0404,Indian Wells Masters,Hard,96,M,2025-03-05,287,208363,,,Mariano Navone,R,178.0,ARG,24.0,210530,,,Learner Tien,L,180.0,USA,19.2,7-5 6-4,3,R128,115.0,4.0,1.0,64.0,42.0,31.0,12.0,11.0,1.0,2.0,1.0,7.0,87.0,49.0,30.0,20.0,11.0,4.0,7.0,63.0,905.0,68.0,857.0,sackmann_archive_2025
2025-0404,Indian Wells Masters,Hard,96,M,2025-03-05,286,211663,,WC,Joao Fonseca,R,185.0,BRA,18.5,207985,,,Jacob Fearnley,R,183.0,GBR,23.6,6-2 1-6 6-3,3,R128,120.0,3.0,2.0,84.0,49.0,34.0,17.0,12.0,6.0,9.0,3.0,3.0,90.0,49.0,27.0,23.0,12.0,3.0,7.0,80.0,750.0,81.0,747.0,sackmann_archive_2025
2025-0404,Indian Wells Masters,Hard,96,M,2025-03-05,285,202385,,PR,Jenson Brooksby,R,188.0,USA,24.3,126127,,,Benjamin Bonzi,R,183.0,FRA,28.7,1-6 7-5 7-5,3,R128,150.0,1.0,2.0,100.0,51.0,36.0,24.0,15.0,11.0,15.0,0.0,1.0,102.0,72.0,44.0,18.0,16.0,4.0,8.0,937.0,17.0,62.0,910.0,sackmann_archive_2025
2025-0404,Indian Wells Masters,Hard,96,M,2025-03-05,284,105583,,,Dusan Lajovic,R,183.0,SRB,34.6,111454,,Q,Li Tu,R,183.0,AUS,28.7,6-2 6-0,3,R128,56.0,1.0,0.0,45.0,34.0,27.0,5.0,7.0,3.0,3.0,2.0,1.0,46.0,21.0,13.0,7.0,7.0,4.0,9.0,108.0,555.0,177.0,326.0,sackmann_archive_2025
2025-0404,Indian Wells Masters,Hard,96,M,2025-03-05,283,209263,,Q,Matteo Gigante,L,180.0,ITA,23.1,202104,,,Sebastian Baez,R,170.0,ARG,24.1,3-6 6-1 6-4,3,R128,117.0,3.0,6.0,76.0,46.0,28.0,16.0,13.0,3.0,7.0,0.0,3.0,89.0,56.0,32.0,13.0,13.0,7.0,13.0,217.0,256.0,34.0,1425.0,sackmann_archive_2025
2025-0404,Indian Wells Masters,Hard,96,M,2025-03-05,282,122298,,LL,Botic Van De Zandschulp,R,191.0,NED,29.4,106401,,PR,Nick Kyrgios,R,193.0,AUS,29.8,7-6(7) 3-0 RET,3,R128,83.0,2.0,3.0,59.0,35.0,25.0,13.0,8.0,5.0,7.0,6.0,2.0,59.0,34.0,23.0,9.0,7.0,1.0,4.0,85.0,710.0,1099.0,10.0,sackmann_archive_2025
2025-0404,Indian Wells Masters,Hard,96,M,2025-03-05,281,111456,,WC,Mackenzie Mcdonald,R,178.0,USA,29.8,200221,,,Alejandro Davidovich Fokina,R,183.0,ESP,25.7,2-6 6-3 6-2,3,R128,111.0,2.0,1.0,80.0,45.0,24.0,22.0,13.0,5.0,9.0,2.0,4.0,73.0,40.0,20.0,20.0,12.0,3.0,8.0,109.0,555.0,39.0,1325.0,sackmann_archive_2025
2025-0404,Indian Wells Masters,Hard,96,M,2025-03-05,280,200384,,Q,Hugo Gaston,L,173.0,FRA,24.4,209260,,,Luciano Darderi,R,183.0,ITA,23.0,6-3 6-3,3,R128,82.0,5.0,1.0,60.0,28.0,25.0,13.0,9.0,4.0,5.0,2.0,0.0,57.0,36.0,22.0,8.0,9.0,2.0,6.0,93.0,636.0,60.0,945.0,sackmann_archive_2025
2025-0404,Indian Wells Masters,Hard,96,M,2025-03-05,279,105676,,,David Goffin,R,180.0,BEL,34.2,132283,,,Lorenzo Sonego,R,191.0,ITA,29.8,6-4 7-5,3,R128,102.0,2.0,1.0,60.0,27.0,16.0,15.0,11.0,0.0,5.0,1.0,2.0,68.0,43.0,22.0,7.0,11.0,4.0,11.0,56.0,1006.0,37.0,1376.0,sackmann_archive_2025
2025-0404,Indian Wells Masters,Hard,96,M,2025-03-05,278,132686,,,Nuno Borges,R,185.0,POR,28.0,126239,,,Arthur Rinderknech,R,196.0,FRA,29.6,6-1 5-7 6-2,3,R128,140.0,6.0,2.0,108.0,78.0,53.0,15.0,14.0,11.0,13.0,5.0,1.0,104.0,67.0,37.0,18.0,13.0,7.0,12.0,36.0,1385.0,73.0,824.0,sackmann_archive_2025
2025-0404,Indian Wells Masters,Hard,96,M,2025-03-05,277,104792,,,Gael Monfils,R,193.0,FRA,38.5,105526,,,Jan Lennard Struff,R,193.0,GER,34.8,6-4 6-4,3,R128,84.0,7.0,4.0,62.0,35.0,29.0,14.0,10.0,5.0,6.0,4.0,1.0,68.0,36.0,29.0,12.0,10.0,4.0,7.0,42.0,1280.0,46.0,1200.0,sackmann_archive_2025
2025-0404,Indian Wells Masters,Hard,96,M,2025-03-05,276,200443,,Q,Adam Walton,R,183.0,AUS,25.8,206748,,Q,Giulio Zeppieri,L,183.0,ITA,23.2,7-5 6-1,3,R128,75.0,0.0,1.0,51.0,38.0,29.0,6.0,9.0,2.0,3.0,3.0,2.0,67.0,38.0,21.0,13.0,10.0,7.0,12.0,96.0,629.0,394.0,125.0,sackmann_archive_2025
2025-0404,Indian Wells Masters,Hard,96,M,2025-03-05,275,111460,,,Quentin Halys,R,191.0,FRA,28.3,105807,,Q,Pablo Carreno Busta,R,188.0,ESP,33.6,6-3 6-4,3,R128,90.0,9.0,3.0,59.0,39.0,33.0,7.0,10.0,5.0,7.0,2.0,1.0,60.0,39.0,22.0,11.0,9.0,4.0,8.0,59.0,976.0,112.0,524.0,sackmann_archive_2025
2025-0403,Miami Masters,Hard,96,M,2025-03-19,369,210150,,,Jakub Mensik,R,193.0,CZE,19.5,104925,4.0,,Novak Djokovic,R,188.0,SRB,37.8,7-6(4) 7-6(4),3,F,123.0,14.0,1.0,78.0,52.0,40.0,14.0,12.0,0.0,1.0,7.0,1.0,74.0,56.0,43.0,9.0,12.0,2.0,3.0,54.0,1042.0,5.0,3860.0,sackmann_archive_2025
2025-0403,Miami Masters,Hard,96,M,2025-03-19,368,210150,,,Jakub Mensik,R,193.0,CZE,19.5,126203,3.0,,Taylor Fritz,R,196.0,USA,27.3,7-6(4) 4-6 7-6(4),3,SF,145.0,25.0,4.0,101.0,73.0,60.0,15.0,17.0,1.0,2.0,14.0,3.0,114.0,79.0,63.0,16.0,17.0,2.0,2.0,54.0,1042.0,4.0,4900.0,sackmann_archive_2025
2025-0403,Miami Masters,Hard,96,M,2025-03-19,367,104925,4.0,,Novak Djokovic,R,188.0,SRB,37.8,105777,14.0,,Grigor Dimitrov,R,191.0,BUL,33.8,6-2 6-3,3,SF,70.0,5.0,1.0,45.0,39.0,31.0,2.0,9.0,1.0,2.0,3.0,3.0,43.0,23.0,16.0,6.0,8.0,2.0,6.0,5.0,3860.0,15.0,2745.0,sackmann_archive_2025
2025-0403,Miami Masters,Hard,96,M,2025-03-19,366,210150,,,Jakub Mensik,R,193.0,CZE,19.5,209950,17.0,,Arthur Fils,R,185.0,FRA,20.7,7-6(5) 6-1,3,QF,75.0,13.0,2.0,53.0,35.0,30.0,9.0,9.0,2.0,3.0,1.0,3.0,69.0,47.0,33.0,7.0,10.0,3.0,7.0,54.0,1042.0,18.0,2480.0,sackmann_archive_2025
2025-0403,Miami Masters,Hard,96,M,2025-03-19,365,126203,3.0,,Taylor Fritz,R,196.0,USA,27.3,126610,29.0,,Matteo Berrettini,R,196.0,ITA,28.9,7-5 6-7(7) 7-5,3,QF,164.0,16.0,3.0,102.0,78.0,62.0,15.0,18.0,4.0,5.0,17.0,0.0,123.0,96.0,72.0,10.0,18.0,8.0,11.0,4.0,4900.0,30.0,1580.0,sackmann_archive_2025
2025-0403,Miami Masters,Hard,96,M,2025-03-19,364,104925,4.0,,Novak Djokovic,R,188.0,SRB,37.8,200624,24.0,,Sebastian Korda,R,196.0,USA,24.6,6-3 7-6(4),3,QF,82.0,11.0,0.0,59.0,49.0,41.0,6.0,11.0,0.0,1.0,7.0,0.0,56.0,37.0,26.0,13.0,10.0,0.0,2.0,5.0,3860.0,25.0,1860.0,sackmann_archive_2025
2025-0403,Miami Masters,Hard,96,M,2025-03-19,363,105777,14.0,,Grigor Dimitrov,R,191.0,BUL,33.8,202103,23.0,,Francisco Cerundolo,R,185.0,ARG,26.5,6-7(6) 6-4 7-6(3),3,QF,168.0,7.0,3.0,108.0,66.0,53.0,21.0,17.0,3.0,5.0,7.0,1.0,115.0,73.0,51.0,23.0,17.0,10.0,13.0,15.0,2745.0,24.0,1925.0,sackmann_archive_2025
2025-0403,Miami Masters,Hard,96,M,2025-03-19,362,209950,17.0,,Arthur Fils,R,185.0,FRA,20.7,100644,1.0,,Alexander Zverev,R,198.0,GER,27.9,3-6 6-3 6-4,3,R16,120.0,4.0,2.0,75.0,51.0,35.0,16.0,14.0,1.0,3.0,9.0,0.0,80.0,55.0,38.0,14.0,14.0,2.0,5.0,18.0,2480.0,2.0,7945.0,sackmann_archive_2025
2025-0403,Miami Masters,Hard,96,M,2025-03-19,361,210150,,,Jakub Mensik,R,193.0,CZE,19.5,207830,20.0,,Tomas Machac,R,183.0,CZE,24.4,W/O,3,R16,,0.0,0.0,0.0,0.0,0.0,0.0,0.0,0.0,0.0,0.0,0.0,0.0,0.0,0.0,0.0,0.0,0.0,0.0,54.0,1042.0,21.0,2310.0,sackmann_archive_2025
2025-0403,Miami Masters,Hard,96,M,2025-03-19,360,126203,3.0,,Taylor Fritz,R,196.0,USA,27.3,200443,,LL,Adam Walton,R,183.0,AUS,25.9,6-3 7-5,3,R16,94.0,4.0,0.0,57.0,44.0,24.0,9.0,11.0,3.0,3.0,2.0,0.0,54.0,41.0,25.0,6.0,10.0,7.0,9.0,4.0,4900.0,89.0,666.0,sackmann_archive_2025
2025-0403,Miami Masters,Hard,96,M,2025-03-19,359,126610,29.0,,Matteo Berrettini,R,196.0,ITA,28.9,200282,10.0,,Alex De Minaur,R,183.0,AUS,26.0,6-3 7-6(7),3,R16,120.0,7.0,2.0,85.0,49.0,36.0,16.0,11.0,7.0,9.0,7.0,3.0,65.0,41.0,25.0,15.0,10.0,4.0,7.0,30.0,1580.0,11.0,3335.0,sackmann_archive_2025
2025-0403,Miami Masters,Hard,96,M,2025-03-19,358,200624,24.0,,Sebastian Korda,R,196.0,USA,24.6,104792,,,Gael Monfils,R,193.0,FRA,38.5,6-4 2-6 6-4,3,R16,132.0,6.0,3.0,83.0,49.0,39.0,15.0,14.0,1.0,3.0,8.0,4.0,83.0,56.0,43.0,12.0,14.0,4.0,6.0,25.0,1860.0,46.0,1230.0,sackmann_archive_2025
2025-0403,Miami Masters,Hard,96,M,2025-03-19,357,104925,4.0,,Novak Djokovic,R,188.0,SRB,37.8,207518,15.0,,Lorenzo Musetti,R,185.0,ITA,23.0,6-2 6-2,3,R16,83.0,1.0,1.0,46.0,32.0,24.0,8.0,8.0,0.0,1.0,1.0,3.0,56.0,39.0,20.0,6.0,8.0,7.0,12.0,5.0,3860.0,16.0,2650.0,sackmann_archive_2025
2025-0403,Miami Masters,Hard,96,M,2025-03-19,356,202103,23.0,,Francisco Cerundolo,R,185.0,ARG,26.5,134770,5.0,,Casper Ruud,R,183.0,NOR,26.2,6-4 6-2,3,R16,86.0,6.0,1.0,53.0,37.0,28.0,11.0,9.0,0.0,0.0,4.0,3.0,66.0,52.0,28.0,9.0,9.0,7.0,10.0,24.0,1925.0,6.0,3855.0,sackmann_archive_2025
2025-0403,Miami Masters,Hard,96,M,2025-03-19,355,105777,14.0,,Grigor Dimitrov,R,191.0,BUL,33.8,206909,31.0,,Brandon Nakashima,R,188.0,USA,23.6,6-4 7-5,3,R16,83.0,12.0,2.0,57.0,40.0,33.0,11.0,11.0,0.0,0.0,5.0,1.0,54.0,36.0,33.0,7.0,11.0,3.0,5.0,15.0,2745.0,32.0,1500.0,sackmann_archive_2025
2025-0403,Miami Masters,Hard,96,M,2025-03-19,354,100644,1.0,,Alexander Zverev,R,198.0,GER,27.9,111442,,,Jordan Thompson,R,183.0,AUS,30.9,7-5 6-4,3,R32,87.0,6.0,0.0,55.0,42.0,32.0,10.0,11.0,0.0,1.0,11.0,0.0,60.0,42.0,29.0,9.0,11.0,2.0,5.0,2.0,7945.0,37.0,1375.0,sackmann_archive_2025
2025-0403,Miami Masters,Hard,96,M,2025-03-19,353,209950,17.0,,Arthur Fils,R,185.0,FRA,20.7,126207,16.0,,Frances Tiafoe,R,188.0,USA,27.1,7-6(11) 5-7 6-2,3,R32,175.0,21.0,4.0,100.0,68.0,49.0,19.0,16.0,2.0,5.0,11.0,5.0,142.0,79.0,52.0,30.0,16.0,10.0,14.0,18.0,2480.0,17.0,2485.0,sackmann_archive_2025
2025-0403,Miami Masters,Hard,96,M,2025-03-19,352,207830,20.0,,Tomas Machac,R,183.0,CZE,24.4,124187,,PR,Reilly Opelka,R,211.0,USA,27.5,7-6(1) 6-3,3,R32,74.0,8.0,1.0,58.0,39.0,35.0,13.0,11.0,0.0,0.0,19.0,2.0,59.0,44.0,34.0,6.0,10.0,0.0,1.0,21.0,2310.0,114.0,529.0,sackmann_archive_2025
2025-0403,Miami Masters,Hard,96,M,2025-03-19,351,210150,,,Jakub Mensik,R,193.0,CZE,19.5,126128,,,Roman Safiullin,R,185.0,RUS,27.6,6-4 6-4,3,R32,72.0,15.0,1.0,55.0,41.0,36.0,6.0,10.0,0.0,0.0,5.0,0.0,50.0,36.0,29.0,8.0,10.0,0.0,2.0,54.0,1042.0,71.0,851.0,sackmann_archive_2025
2025-0403,Miami Masters,Hard,96,M,2025-03-19,350,126203,3.0,,Taylor Fritz,R,196.0,USA,27.3,133430,27.0,,Denis Shapovalov,L,185.0,CAN,25.9,7-5 6-3,3,R32,86.0,9.0,1.0,59.0,38.0,32.0,12.0,11.0,3.0,4.0,6.0,6.0,52.0,37.0,23.0,8.0,10.0,1.0,4.0,4.0,4900.0,28.0,1716.0,sackmann_archive_2025
2025-0403,Miami Masters,Hard,96,M,2025-03-19,349,200443,,LL,Adam Walton,R,183.0,AUS,25.9,209409,,WC,Coleman Wong,R,191.0,HKG,20.7,7-6(6) 4-6 6-4,3,R32,139.0,10.0,0.0,104.0,70.0,50.0,18.0,16.0,4.0,7.0,15.0,0.0,99.0,64.0,45.0,21.0,16.0,1.0,4.0,89.0,666.0,182.0,312.0,sackmann_archive_2025
2025-0403,Miami Masters,Hard,96,M,2025-03-19,348,200282,10.0,,Alex De Minaur,R,183.0,AUS,26.0,211663,,,Joao Fonseca,R,185.0,BRA,18.5,5-7 7-5 6-3,3,R32,151.0,1.0,3.0,99.0,54.0,38.0,28.0,17.0,5.0,8.0,4.0,1.0,92.0,61.0,42.0,14.0,16.0,1.0,5.0,11.0,3335.0,60.0,955.0,sackmann_archive_2025
2025-0403,Miami Masters,Hard,96,M,2025-03-19,347,126610,29.0,,Matteo Berrettini,R,196.0,ITA,28.9,200267,,,Zizou Bergs,R,185.0,BEL,25.7,6-4 6-4,3,R32,94.0,3.0,1.0,56.0,37.0,28.0,12.0,10.0,0.0,1.0,10.0,5.0,69.0,39.0,26.0,13.0,10.0,9.0,12.0,30.0,1580.0,51.0,1065.0,sackmann_archive_2025
2025-0403,Miami Masters,Hard,96,M,2025-03-19,346,104792,,,Gael Monfils,R,193.0,FRA,38.5,144719,,,Jaume Munar,R,183.0,ESP,27.8,7-5 5-7 7-6(1),3,R32,157.0,7.0,5.0,110.0,73.0,57.0,17.0,18.0,1.0,4.0,8.0,2.0,104.0,68.0,49.0,20.0,18.0,5.0,8.0,46.0,1230.0,56.0,992.0,sackmann_archive_2025
2025-0403,Miami Masters,Hard,96,M,2025-03-19,345,200624,24.0,,Sebastian Korda,R,196.0,USA,24.6,126774,9.0,,Stefanos Tsitsipas,R,193.0,GRE,26.5,7-6(4) 6-3,3,R32,95.0,8.0,2.0,74.0,45.0,34.0,14.0,11.0,4.0,6.0,5.0,1.0,58.0,35.0,25.0,10.0,10.0,1.0,4.0,25.0,1860.0,10.0,3405.0,sackmann_archive_2025
2025-0403,Miami Masters,Hard,96,M,2025-03-19,344,207518,15.0,,Lorenzo Musetti,R,185.0,ITA,23.0,200000,18.0,,Felix Auger Aliassime,R,193.0,CAN,24.6,4-6 6-2 6-3,3,R32,146.0,1.0,1.0,93.0,60.0,40.0,20.0,14.0,6.0,8.0,11.0,4.0,90.0,70.0,46.0,8.0,13.0,10.0,14.0,16.0,2650.0,19.0,2415.0,sackmann_archive_2025
2025-0403,Miami Masters,Hard,96,M,2025-03-19,343,104925,4.0,,Novak Djokovic,R,188.0,SRB,37.8,200116,,LL,Camilo Ugo Carabelli,R,185.0,ARG,25.7,6-1 7-6(1),3,R32,105.0,10.0,2.0,64.0,49.0,39.0,7.0,10.0,0.0,1.0,3.0,2.0,64.0,32.0,23.0,15.0,9.0,4.0,7.0,5.0,3860.0,65.0,870.0,sackmann_archive_2025
2025-0403,Miami Masters,Hard,96,M,2025-03-19,342,134770,5.0,,Casper Ruud,R,183.0,NOR,26.2,126214,30.0,,Alejandro Tabilo,L,188.0,CHI,27.7,6-4 7-6(4),3,R32,95.0,11.0,2.0,62.0,39.0,34.0,17.0,11.0,3.0,3.0,7.0,1.0,74.0,55.0,37.0,13.0,11.0,3.0,4.0,6.0,3855.0,31.0,1555.0,sackmann_archive_2025
2025-0403,Miami Masters,Hard,96,M,2025-03-19,341,202103,23.0,,Francisco Cerundolo,R,185.0,ARG,26.5,126205,12.0,,Tommy Paul,R,185.0,USA,27.8,6-2 7-6(4),3,R32,91.0,1.0,2.0,59.0,44.0,28.0,10.0,10.0,0.0,3.0,3.0,3.0,61.0,36.0,22.0,9.0,10.0,3.0,8.0,24.0,1925.0,13.0,3030.0,sackmann_archive_2025
2025-0403,Miami Masters,Hard,96,M,2025-03-19,340,105777,14.0,,Grigor Dimitrov,R,191.0,BUL,33.8,111575,22.0,,Karen Khachanov,R,198.0,RUS,28.8,6-7(3) 6-4 7-5,3,R32,157.0,13.0,5.0,95.0,67.0,54.0,20.0,17.0,5.0,5.0,11.0,1.0,110.0,70.0,53.0,20.0,17.0,8.0,10.0,15.0,2745.0,23.0,2000.0,sackmann_archive_2025
2025-0403,Miami Masters,Hard,96,M,2025-03-19,339,206909,31.0,,Brandon Nakashima,R,188.0,USA,23.6,105676,,,David Goffin,R,180.0,BEL,34.2,6-3 6-7(5) 6-3,3,R32,136.0,13.0,2.0,94.0,63.0,53.0,15.0,16.0,2.0,4.0,7.0,5.0,100.0,56.0,43.0,18.0,14.0,6.0,10.0,32.0,1500.0,55.0,1003.0,sackmann_archive_2025
2025-0403,Miami Masters,Hard,96,M,2025-03-19,338,100644,1.0,,Alexander Zverev,R,198.0,GER,27.9,207985,,Q,Jacob Fearnley,R,183.0,GBR,23.6,6-2 6-4,3,R64,74.0,8.0,1.0,49.0,44.0,36.0,2.0,9.0,2.0,2.0,4.0,3.0,59.0,40.0,23.0,10.0,9.0,2.0,5.0,2.0,7945.0,83.0,770.0,sackmann_archive_2025
2025-0403,Miami Masters,Hard,96,M,2025-03-19,337,111442,,,Jordan Thompson,R,183.0,AUS,30.9,208659,28.0,,Giovanni Mpetshi Perricard,R,203.0,FRA,21.6,7-6(4) 7-6(1),3,R64,97.0,7.0,1.0,66.0,43.0,38.0,16.0,12.0,0.0,1.0,15.0,2.0,82.0,59.0,43.0,12.0,12.0,2.0,3.0,37.0,1375.0,29.0,1656.0,sackmann_archive_2025
2025-0403,Miami Masters,Hard,96,M,2025-03-19,336,209950,17.0,,Arthur Fils,R,185.0,FRA,20.7,209113,,LL,Gabriel Diallo,R,203.0,CAN,23.4,6-4 2-3 RET,3,R64,70.0,1.0,2.0,40.0,28.0,24.0,6.0,7.0,1.0,1.0,5.0,2.0,48.0,32.0,27.0,5.0,8.0,1.0,2.0,18.0,2480.0,87.0,730.0,sackmann_archive_2025
2025-0403,Miami Masters,Hard,96,M,2025-03-19,335,126207,16.0,,Frances Tiafoe,R,188.0,USA,27.1,200221,,,Alejandro Davidovich Fokina,R,183.0,ESP,25.7,7-5 7-6(5),3,R64,119.0,10.0,1.0,74.0,43.0,37.0,15.0,12.0,5.0,6.0,3.0,2.0,95.0,67.0,45.0,12.0,12.0,8.0,10.0,17.0,2485.0,39.0,1325.0,sackmann_archive_2025
2025-0403,Miami Masters,Hard,96,M,2025-03-19,334,124187,,PR,Reilly Opelka,R,211.0,USA,27.5,208029,11.0,,Holger Rune,R,188.0,DEN,21.8,4-6 6-3 7-6(5),3,R64,123.0,21.0,4.0,93.0,63.0,48.0,20.0,16.0,1.0,2.0,1.0,5.0,93.0,59.0,45.0,20.0,15.0,2.0,3.0,114.0,529.0,12.0,3270.0,sackmann_archive_2025
2025-0403,Miami Masters,Hard,96,M,2025-03-19,333,207830,20.0,,Tomas Machac,R,183.0,CZE,24.4,208286,,,Matteo Arnaldi,R,185.0,ITA,24.0,6-2 1-6 6-3,3,R64,104.0,5.0,6.0,77.0,53.0,36.0,13.0,12.0,4.0,6.0,6.0,3.0,74.0,45.0,29.0,15.0,12.0,2.0,5.0,21.0,2310.0,35.0,1410.0,sackmann_archive_2025
2025-0403,Miami Masters,Hard,96,M,2025-03-19,332,126128,,,Roman Safiullin,R,185.0,RUS,27.6,200615,25.0,,Alexei Popyrin,R,196.0,AUS,25.6,6-7(4) 6-3 7-5,3,R64,154.0,7.0,4.0,93.0,60.0,51.0,16.0,16.0,1.0,2.0,20.0,5.0,113.0,71.0,55.0,18.0,17.0,8.0,12.0,71.0,851.0,26.0,1800.0,sackmann_archive_2025
2025-0403,Miami Masters,Hard,96,M,2025-03-19,331,210150,,,Jakub Mensik,R,193.0,CZE,19.5,207733,6.0,,Jack Draper,L,193.0,GBR,23.2,7-6(2) 7-6(3),3,R64,114.0,21.0,0.0,76.0,50.0,43.0,14.0,12.0,1.0,2.0,12.0,2.0,92.0,60.0,44.0,17.0,12.0,8.0,9.0,54.0,1042.0,7.0,3800.0,sackmann_archive_2025
2025-0403,Miami Masters,Hard,96,M,2025-03-19,330,126203,3.0,,Taylor Fritz,R,196.0,USA,27.3,132283,,,Lorenzo Sonego,R,191.0,ITA,29.8,7-6(2) 6-3,3,R64,108.0,9.0,0.0,62.0,39.0,32.0,16.0,11.0,0.0,0.0,10.0,0.0,87.0,66.0,46.0,7.0,10.0,6.0,7.0,4.0,4900.0,38.0,1356.0,sackmann_archive_2025
2025-0403,Miami Masters,Hard,96,M,2025-03-19,329,133430,27.0,,Denis Shapovalov,L,185.0,CAN,25.9,202058,,Q,Thiago Agustin Tirante,R,185.0,ARG,23.9,6-3 6-7(1) 7-6(3),3,R64,144.0,6.0,11.0,108.0,55.0,41.0,28.0,17.0,4.0,7.0,8.0,1.0,101.0,68.0,49.0,15.0,16.0,1.0,5.0,28.0,1716.0,117.0,512.0,sackmann_archive_2025
2025-0403,Miami Masters,Hard,96,M,2025-03-19,328,200443,,LL,Adam Walton,R,183.0,AUS,25.9,209260,,,Luciano Darderi,R,183.0,ITA,23.0,6-4 6-4,3,R64,92.0,15.0,0.0,66.0,40.0,32.0,16.0,10.0,3.0,3.0,7.0,0.0,66.0,41.0,27.0,14.0,10.0,6.0,8.0,89.0,666.0,61.0,945.0,sackmann_archive_2025
2025-0403,Miami Masters,Hard,96,M,2025-03-19,327,209409,,WC,Coleman Wong,R,191.0,HKG,20.7,210097,13.0,,Ben Shelton,L,193.0,USA,22.4,7-6(3) 2-6 7-6(5),3,R64,136.0,8.0,0.0,108.0,71.0,51.0,19.0,16.0,5.0,8.0,17.0,2.0,99.0,67.0,53.0,18.0,16.0,2.0,3.0,182.0,312.0,14.0,2980.0,sackmann_archive_2025
2025-0403,Miami Masters,Hard,96,M,2025-03-19,326,200282,10.0,,Alex De Minaur,R,183.0,AUS,26.0,207352,,,Bu Yunchaokete,R,185.0,CHN,23.1,6-4 6-4,3,R64,85.0,5.0,0.0,48.0,32.0,28.0,12.0,10.0,0.0,0.0,6.0,1.0,65.0,40.0,30.0,11.0,10.0,3.0,5.0,11.0,3335.0,69.0,855.0,sackmann_archive_2025
2025-0403,Miami Masters,Hard,96,M,2025-03-19,325,211663,,,Joao Fonseca,R,185.0,BRA,18.5,200005,19.0,,Ugo Humbert,L,188.0,FRA,26.7,6-4 6-3,3,R64,71.0,5.0,0.0,40.0,26.0,25.0,11.0,9.0,0.0,0.0,5.0,2.0,53.0,33.0,26.0,6.0,10.0,2.0,5.0,60.0,955.0,20.0,2375.0,sackmann_archive_2025
2025-0403,Miami Masters,Hard,96,M,2025-03-19,324,126610,29.0,,Matteo Berrettini,R,196.0,ITA,28.9,200384,,LL,Hugo Gaston,L,173.0,FRA,24.4,4-6 6-3 6-3,3,R64,117.0,10.0,2.0,71.0,53.0,43.0,11.0,14.0,0.0,1.0,5.0,1.0,96.0,53.0,38.0,20.0,14.0,7.0,10.0,30.0,1580.0,88.0,711.0,sackmann_archive_2025
2025-0403,Miami Masters,Hard,96,M,2025-03-19,323,200267,,,Zizou Bergs,R,185.0,BEL,25.7,126094,8.0,,Andrey Rublev,R,188.0,RUS,27.4,7-5 6-4,3,R64,99.0,6.0,4.0,74.0,45.0,34.0,8.0,11.0,5.0,8.0,8.0,1.0,68.0,45.0,32.0,15.0,11.0,1.0,2.0,51.0,1065.0,9.0,3440.0,sackmann_archive_2025
2025-0403,Miami Masters,Hard,96,M,2025-03-19,322,144719,,,Jaume Munar,R,183.0,ESP,27.8,106421,7.0,,Daniil Medvedev,R,198.0,RUS,29.0,6-2 6-3,3,R64,78.0,0.0,0.0,53.0,31.0,24.0,15.0,9.0,2.0,2.0,1.0,4.0,53.0,31.0,19.0,10.0,8.0,8.0,11.0,56.0,992.0,8.0,3680.0,sackmann_archive_2025
2025-0403,Miami Masters,Hard,96,M,2025-03-19,321,104792,,,Gael Monfils,R,193.0,FRA,38.5,208103,26.0,,Jiri Lehecka,R,185.0,CZE,23.3,6-1 3-6 7-6(8),3,R64,126.0,14.0,3.0,89.0,59.0,47.0,16.0,14.0,4.0,5.0,8.0,3.0,97.0,53.0,36.0,26.0,14.0,4.0,6.0,46.0,1230.0,27.0,1745.0,sackmann_archive_2025
2025-0403,Miami Masters,Hard,96,M,2025-03-19,320,200624,24.0,,Sebastian Korda,R,196.0,USA,24.6,208118,,WC,Eliot Spizzirri,R,183.0,USA,23.2,6-4 6-2,3,R64,71.0,5.0,2.0,57.0,36.0,27.0,10.0,9.0,3.0,4.0,3.0,0.0,57.0,44.0,27.0,5.0,9.0,2.0,6.0,25.0,1860.0,134.0,434.0,sackmann_archive_2025
2025-0403,Miami Masters,Hard,96,M,2025-03-19,319,126774,9.0,,Stefanos Tsitsipas,R,193.0,GRE,26.5,202358,,Q,Chun Hsin Tseng,R,175.0,TPE,23.6,4-6 7-5 6-3,3,R64,134.0,9.0,3.0,86.0,59.0,44.0,17.0,16.0,4.0,6.0,7.0,0.0,82.0,50.0,35.0,19.0,15.0,5.0,8.0,10.0,3405.0,115.0,529.0,sackmann_archive_2025
2025-0403,Miami Masters,Hard,96,M,2025-03-19,318,207518,15.0,,Lorenzo Musetti,R,185.0,ITA,23.0,111460,,,Quentin Halys,R,191.0,FRA,28.3,3-6 7-6(4) 7-5,3,R64,147.0,4.0,3.0,120.0,79.0,53.0,25.0,16.0,3.0,5.0,17.0,7.0,105.0,61.0,50.0,20.0,17.0,4.0,6.0,16.0,2650.0,57.0,981.0,sackmann_archive_2025
2025-0403,Miami Masters,Hard,96,M,2025-03-19,317,200000,18.0,,Felix Auger Aliassime,R,193.0,CAN,24.6,209262,,Q,Tristan Schoolkate,R,183.0,AUS,24.0,6-4 6-4,3,R64,87.0,6.0,2.0,50.0,37.0,32.0,9.0,10.0,1.0,1.0,4.0,3.0,71.0,50.0,35.0,8.0,10.0,7.0,9.0,19.0,2415.0,129.0,450.0,sackmann_archive_2025
2025-0403,Miami Masters,Hard,96,M,2025-03-19,316,200116,,LL,Camilo Ugo Carabelli,R,185.0,ARG,25.7,210506,32.0,,Alex Michelsen,R,193.0,USA,20.5,6-7(3) 7-5 6-3,3,R64,152.0,3.0,1.0,112.0,75.0,53.0,21.0,17.0,4.0,5.0,10.0,0.0,96.0,73.0,51.0,13.0,16.0,0.0,3.0,65.0,870.0,33.0,1465.0,sackmann_archive_2025
2025-0403,Miami Masters,Hard,96,M,2025-03-19,315,104925,4.0,,Novak Djokovic,R,188.0,SRB,37.8,208014,,,Rinky Hijikata,R,178.0,AUS,24.0,6-0 7-6(1),3,R64,79.0,9.0,1.0,49.0,39.0,33.0,8.0,9.0,2.0,2.0,2.0,1.0,63.0,43.0,29.0,7.0,9.0,7.0,10.0,5.0,3860.0,86.0,752.0,sackmann_archive_2025
2025-0403,Miami Masters,Hard,96,M,2025-03-19,314,134770,5.0,,Casper Ruud,R,183.0,NOR,26.2,200175,,,Miomir Kecmanovic,R,183.0,SRB,25.5,3-6 6-4 6-4,3,R64,125.0,9.0,0.0,99.0,71.0,54.0,12.0,15.0,7.0,9.0,4.0,0.0,81.0,49.0,36.0,20.0,14.0,3.0,5.0,6.0,3855.0,48.0,1161.0,sackmann_archive_2025
2025-0403,Miami Masters,Hard,96,M,2025-03-19,313,126214,30.0,,Alejandro Tabilo,L,188.0,CHI,27.7,144895,,,Corentin Moutet,L,180.0,FRA,25.9,5-7 6-3 7-5,3,R64,171.0,5.0,1.0,115.0,79.0,54.0,14.0,17.0,5.0,9.0,9.0,1.0,107.0,77.0,42.0,18.0,16.0,9.0,14.0,31.0,1555.0,76.0,814.0,sackmann_archive_2025
2025-0403,Miami Masters,Hard,96,M,2025-03-19,312,202103,23.0,,Francisco Cerundolo,R,185.0,ARG,26.5,124186,,,Alexandre Muller,R,183.0,FRA,28.1,6-1 6-2,3,R64,60.0,4.0,1.0,42.0,29.0,22.0,9.0,7.0,1.0,1.0,0.0,2.0,50.0,35.0,19.0,4.0,8.0,2.0,7.0,24.0,1925.0,41.0,1287.0,sackmann_archive_2025
2025-0403,Miami Masters,Hard,96,M,2025-03-19,311,126205,12.0,,Tommy Paul,R,185.0,USA,27.8,122330,,,Alexander Bublik,R,196.0,KAZ,27.7,5-7 7-5 6-4,3,R64,130.0,17.0,2.0,100.0,58.0,46.0,27.0,17.0,3.0,4.0,19.0,10.0,112.0,66.0,52.0,22.0,17.0,10.0,12.0,13.0,3030.0,80.0,785.0,sackmann_archive_2025
2025-0403,Miami Masters,Hard,96,M,2025-03-19,310,105777,14.0,,Grigor Dimitrov,R,191.0,BUL,33.8,210748,,WC,Federico Cina,R,183.0,ITA,17.9,6-1 6-4,3,R64,68.0,4.0,1.0,54.0,32.0,26.0,14.0,9.0,2.0,2.0,3.0,2.0,49.0,33.0,20.0,6.0,8.0,4.0,7.0,15.0,2745.0,441.0,105.0,sackmann_archive_2025
2025-0403,Miami Masters,Hard,96,M,2025-03-19,309,111575,22.0,,Karen Khachanov,R,198.0,RUS,28.8,106401,,PR,Nick Kyrgios,R,193.0,AUS,29.8,7-6(3) 6-0,3,R64,76.0,8.0,1.0,53.0,40.0,34.0,8.0,9.0,2.0,2.0,8.0,2.0,64.0,40.0,25.0,10.0,9.0,3.0,6.0,23.0,2000.0,892.0,20.0,sackmann_archive_2025
2025-0403,Miami Masters,Hard,96,M,2025-03-19,308,206909,31.0,,Brandon Nakashima,R,188.0,USA,23.6,106148,,,Roberto Carballes Baena,R,183.0,ESP,31.9,6-4 4-6 6-3,3,R64,142.0,14.0,3.0,101.0,69.0,52.0,14.0,15.0,5.0,7.0,5.0,1.0,86.0,48.0,35.0,18.0,14.0,2.0,5.0,32.0,1500.0,53.0,1051.0,sackmann_archive_2025
2025-0403,Miami Masters,Hard,96,M,2025-03-19,307,105676,,,David Goffin,R,180.0,BEL,34.2,207989,2.0,,Carlos Alcaraz,R,183.0,ESP,21.8,5-7 6-4 6-3,3,R64,138.0,3.0,2.0,89.0,58.0,40.0,17.0,15.0,3.0,5.0,8.0,2.0,100.0,67.0,43.0,18.0,16.0,3.0,7.0,55.0,1003.0,3.0,6910.0,sackmann_archive_2025
2025-0403,Miami Masters,Hard,96,M,2025-03-19,306,207985,,Q,Jacob Fearnley,R,183.0,GBR,23.6,126127,,,Benjamin Bonzi,R,183.0,FRA,28.7,7-6(6) 2-6 6-4,3,R128,139.0,13.0,4.0,100.0,65.0,47.0,16.0,15.0,4.0,7.0,6.0,1.0,98.0,64.0,49.0,17.0,15.0,1.0,3.0,83.0,770.0,63.0,920.0,sackmann_archive_2025
2025-0403,Miami Masters,Hard,96,M,2025-03-19,305,111442,,,Jordan Thompson,R,183.0,AUS,30.9,106218,,,Marcos Giron,R,180.0,USA,31.6,3-6 6-4 7-5,3,R128,136.0,12.0,2.0,95.0,58.0,42.0,22.0,16.0,5.0,7.0,10.0,4.0,106.0,65.0,48.0,20.0,15.0,9.0,11.0,37.0,1375.0,45.0,1240.0,sackmann_archive_2025
2025-0403,Miami Masters,Hard,96,M,2025-03-19,304,209113,,LL,Gabriel Diallo,R,203.0,CAN,23.4,144869,,,Tomas Martin Etcheverry,R,196.0,ARG,25.6,6-3 6-0,3,R128,74.0,6.0,1.0,49.0,35.0,27.0,5.0,8.0,3.0,4.0,0.0,1.0,42.0,20.0,9.0,9.0,7.0,3.0,8.0,87.0,730.0,44.0,1275.0,sackmann_archive_2025
2025-0403,Miami Masters,Hard,96,M,2025-03-19,303,200221,,,Alejandro Davidovich Fokina,R,183.0,ESP,25.7,105526,,,Jan Lennard Struff,R,193.0,GER,34.8,7-6(3) 6-3,3,R128,90.0,4.0,0.0,71.0,49.0,37.0,14.0,10.0,7.0,7.0,12.0,3.0,66.0,35.0,29.0,13.0,11.0,2.0,4.0,39.0,1325.0,49.0,1160.0,sackmann_archive_2025
2025-0403,Miami Masters,Hard,96,M,2025-03-19,302,124187,,PR,Reilly Opelka,R,211.0,USA,27.5,111153,,WC,Christopher Eubanks,R,201.0,USA,28.8,6-3 7-6(4),3,R128,85.0,15.0,5.0,66.0,42.0,39.0,13.0,11.0,1.0,1.0,6.0,0.0,65.0,45.0,37.0,9.0,10.0,3.0,4.0,114.0,529.0,104.0,563.0,sackmann_archive_2025
2025-0403,Miami Masters,Hard,96,M,2025-03-19,301,208286,,,Matteo Arnaldi,R,185.0,ITA,24.0,200059,,WC,Yibing Wu,R,183.0,CHN,25.4,7-6(3) 4-6 6-3,3,R128,150.0,16.0,3.0,91.0,50.0,41.0,24.0,16.0,0.0,2.0,5.0,0.0,114.0,84.0,56.0,15.0,15.0,10.0,12.0,35.0,1410.0,421.0,113.0,sackmann_archive_2025
2025-0403,Miami Masters,Hard,96,M,2025-03-19,300,126128,,,Roman Safiullin,R,185.0,RUS,27.6,202385,,PR,Jenson Brooksby,R,188.0,USA,24.3,6-3 3-6 6-3,3,R128,133.0,12.0,2.0,102.0,73.0,52.0,12.0,14.0,7.0,9.0,6.0,0.0,78.0,53.0,36.0,15.0,13.0,2.0,5.0,71.0,851.0,544.0,67.0,sackmann_archive_2025
2025-0403,Miami Masters,Hard,96,M,2025-03-19,299,210150,,,Jakub Mensik,R,193.0,CZE,19.5,105138,,,Roberto Bautista Agut,R,183.0,ESP,36.9,6-4 3-6 6-1,3,R128,113.0,23.0,3.0,86.0,57.0,48.0,9.0,13.0,7.0,8.0,1.0,1.0,71.0,53.0,38.0,7.0,13.0,2.0,5.0,54.0,1042.0,50.0,1089.0,sackmann_archive_2025
2025-0403,Miami Masters,Hard,96,M,2025-03-19,298,132283,,,Lorenzo Sonego,R,191.0,ITA,29.8,208363,,,Mariano Navone,R,178.0,ARG,24.0,7-5 7-5,3,R128,131.0,2.0,5.0,71.0,38.0,33.0,18.0,12.0,3.0,4.0,1.0,3.0,78.0,38.0,27.0,21.0,12.0,4.0,7.0,38.0,1356.0,62.0,925.0,sackmann_archive_2025
2025-0403,Miami Masters,Hard,96,M,2025-03-19,297,202058,,Q,Thiago Agustin Tirante,R,185.0,ARG,23.9,207925,,,Flavio Cobolli,R,183.0,ITA,22.8,6-1 3-6 6-3,3,R128,112.0,11.0,1.0,79.0,50.0,37.0,17.0,13.0,4.0,6.0,5.0,3.0,76.0,40.0,28.0,16.0,12.0,5.0,9.0,117.0,512.0,43.0,1280.0,sackmann_archive_2025
2025-0403,Miami Masters,Hard,96,M,2025-03-19,296,209260,,,Luciano Darderi,R,183.0,ITA,23.0,124079,,,Pedro Martinez,R,185.0,ESP,27.8,6-4 6-1,3,R128,63.0,6.0,1.0,43.0,31.0,30.0,6.0,9.0,0.0,0.0,1.0,3.0,41.0,22.0,14.0,11.0,8.0,2.0,5.0,61.0,945.0,40.0,1295.0,sackmann_archive_2025
2025-0403,Miami Masters,Hard,96,M,2025-03-19,295,209409,,WC,Coleman Wong,R,191.0,HKG,20.7,127157,,,Daniel Altmaier,R,188.0,GER,26.5,6-4 6-3,3,R128,71.0,5.0,1.0,52.0,35.0,32.0,10.0,10.0,4.0,4.0,6.0,0.0,48.0,36.0,27.0,5.0,9.0,1.0,3.0,182.0,312.0,82.0,783.0,sackmann_archive_2025
2025-0403,Miami Masters,Hard,96,M,2025-03-19,294,207352,,,Bu Yunchaokete,R,185.0,CHN,23.1,111815,,,Cameron Norrie,L,188.0,GBR,29.5,6-4 6-2,3,R128,79.0,8.0,0.0,53.0,31.0,25.0,13.0,9.0,0.0,0.0,4.0,3.0,62.0,39.0,26.0,9.0,9.0,7.0,10.0,69.0,855.0,81.0,784.0,sackmann_archive_2025
2025-0403,Miami Masters,Hard,96,M,2025-03-19,293,211663,,,Joao Fonseca,R,185.0,BRA,18.5,210530,,,Learner Tien,L,180.0,USA,19.2,6-7(1) 6-3 6-4,3,R128,143.0,10.0,3.0,99.0,63.0,45.0,23.0,16.0,3.0,4.0,10.0,3.0,108.0,67.0,47.0,22.0,15.0,9.0,12.0,60.0,955.0,66.0,867.0,sackmann_archive_2025
2025-0403,Miami Masters,Hard,96,M,2025-03-19,292,200384,,LL,Hugo Gaston,L,173.0,FRA,24.4,106415,,,Yoshihito Nishioka,L,170.0,JPN,29.4,6-4 3-1 RET,3,R128,61.0,2.0,2.0,45.0,22.0,14.0,15.0,7.0,1.0,2.0,1.0,3.0,47.0,27.0,18.0,8.0,7.0,2.0,5.0,88.0,711.0,68.0,859.0,sackmann_archive_2025
2025-0403,Miami Masters,Hard,96,M,2025-03-19,291,200267,,,Zizou Bergs,R,185.0,BEL,25.7,132686,,,Nuno Borges,R,185.0,POR,28.0,7-6(2) 7-5,3,R128,143.0,9.0,2.0,98.0,57.0,41.0,20.0,12.0,8.0,10.0,5.0,5.0,82.0,53.0,33.0,15.0,12.0,4.0,7.0,51.0,1065.0,42.0,1280.0,sackmann_archive_2025
2025-0403,Miami Masters,Hard,96,M,2025-03-19,290,144719,,,Jaume Munar,R,183.0,ESP,27.8,126239,,,Arthur Rinderknech,R,196.0,FRA,29.6,6-3 7-6(5),3,R128,106.0,3.0,2.0,71.0,43.0,34.0,14.0,11.0,0.0,0.0,13.0,3.0,75.0,51.0,36.0,11.0,10.0,4.0,5.0,56.0,992.0,74.0,821.0,sackmann_archive_2025
2025-0403,Miami Masters,Hard,96,M,2025-03-19,289,104792,,,Gael Monfils,R,193.0,FRA,38.5,206681,,,Fabian Marozsan,R,193.0,HUN,25.4,6-3 3-6 6-4,3,R128,105.0,15.0,3.0,83.0,54.0,42.0,15.0,14.0,5.0,7.0,5.0,0.0,93.0,71.0,45.0,12.0,14.0,4.0,7.0,46.0,1230.0,59.0,965.0,sackmann_archive_2025
2025-0403,Miami Masters,Hard,96,M,2025-03-19,288,208118,,WC,Eliot Spizzirri,R,183.0,USA,23.2,126129,,Q,Billy Harris,R,193.0,GBR,30.1,7-6(2) 3-6 6-2,3,R128,138.0,3.0,0.0,94.0,65.0,50.0,13.0,14.0,5.0,7.0,10.0,4.0,99.0,66.0,50.0,10.0,15.0,5.0,8.0,134.0,434.0,107.0,558.0,sackmann_archive_2025
2025-0403,Miami Masters,Hard,96,M,2025-03-19,287,202358,,Q,Chun Hsin Tseng,R,175.0,TPE,23.6,208233,,,Mattia Bellucci,L,175.0,ITA,23.7,7-6(5) 6-2,3,R128,92.0,2.0,0.0,56.0,28.0,23.0,22.0,10.0,1.0,1.0,6.0,4.0,67.0,35.0,28.0,13.0,10.0,2.0,4.0,115.0,529.0,72.0,838.0,sackmann_archive_2025
2025-0403,Miami Masters,Hard,96,M,2025-03-19,286,111460,,,Quentin Halys,R,191.0,FRA,28.3,205734,,,Thiago Seyboth Wild,R,185.0,BRA,25.0,6-3 6-4,3,R128,75.0,13.0,3.0,62.0,35.0,29.0,15.0,10.0,1.0,1.0,8.0,1.0,54.0,39.0,28.0,6.0,9.0,4.0,6.0,57.0,981.0,96.0,617.0,sackmann_archive_2025
2025-0403,Miami Masters,Hard,96,M,2025-03-19,285,209262,,Q,Tristan Schoolkate,R,183.0,AUS,24.0,210319,,Q,Ethan Quinn,R,191.0,USA,21.0,6-0 6-2,3,R128,61.0,11.0,1.0,42.0,28.0,24.0,6.0,7.0,0.0,0.0,5.0,2.0,42.0,25.0,13.0,5.0,7.0,1.0,6.0,129.0,450.0,135.0,432.0,sackmann_archive_2025
2025-0403,Miami Masters,Hard,96,M,2025-03-19,284,200116,,LL,Camilo Ugo Carabelli,R,185.0,ARG,25.7,200587,,Q,Brandon Holt,R,185.0,USA,26.9,2-6 7-6(5) 6-4,3,R128,144.0,8.0,6.0,100.0,65.0,43.0,14.0,15.0,6.0,12.0,8.0,2.0,98.0,72.0,41.0,17.0,15.0,7.0,12.0,65.0,870.0,116.0,528.0,sackmann_archive_2025
2025-0403,Miami Masters,Hard,96,M,2025-03-19,283,208014,,,Rinky Hijikata,R,178.0,AUS,24.0,209098,,,Hamad Medjedovic,R,188.0,SRB,21.6,7-5 3-6 7-5,3,R128,147.0,4.0,2.0,95.0,67.0,44.0,13.0,16.0,6.0,11.0,14.0,3.0,107.0,70.0,44.0,18.0,17.0,4.0,10.0,86.0,752.0,73.0,829.0,sackmann_archive_2025
2025-0403,Miami Masters,Hard,96,M,2025-03-19,282,200175,,,Miomir Kecmanovic,R,183.0,SRB,25.5,206499,,,Aleksandar Kovacevic,R,183.0,USA,26.5,6-4 6-4,3,R128,91.0,7.0,3.0,81.0,48.0,39.0,14.0,10.0,9.0,9.0,10.0,2.0,57.0,34.0,27.0,11.0,10.0,1.0,3.0,48.0,1161.0,79.0,800.0,sackmann_archive_2025
2025-0403,Miami Masters,Hard,96,M,2025-03-19,281,144895,,,Corentin Moutet,L,180.0,FRA,25.9,210696,,Q,Alexander Blockx,R,191.0,BEL,19.9,7-6(5) 6-4,3,R128,123.0,0.0,1.0,87.0,52.0,37.0,20.0,11.0,7.0,8.0,4.0,3.0,72.0,52.0,36.0,10.0,11.0,0.0,2.0,76.0,814.0,163.0,354.0,sackmann_archive_2025
2025-0403,Miami Masters,Hard,96,M,2025-03-19,280,124186,,,Alexandre Muller,R,183.0,FRA,28.1,210536,,Q,Rei Sakamoto,R,193.0,JPN,18.7,6-4 6-4,3,R128,81.0,2.0,1.0,55.0,43.0,36.0,7.0,10.0,1.0,1.0,5.0,0.0,77.0,59.0,39.0,9.0,10.0,5.0,7.0,41.0,1287.0,330.0,157.0,sackmann_archive_2025
2025-0403,Miami Masters,Hard,96,M,2025-03-19,279,122330,,,Alexander Bublik,R,196.0,KAZ,27.7,202104,,,Sebastian Baez,R,170.0,ARG,24.2,6-3 6-4,3,R128,69.0,9.0,3.0,54.0,34.0,30.0,10.0,10.0,2.0,3.0,0.0,1.0,51.0,40.0,25.0,6.0,9.0,3.0,6.0,80.0,785.0,36.0,1385.0,sackmann_archive_2025
2025-0403,Miami Masters,Hard,96,M,2025-03-19,278,210748,,WC,Federico Cina,R,183.0,ITA,17.9,207681,,Q,Francisco Comesana,R,178.0,ARG,24.4,7-6(4) 7-6(2),3,R128,107.0,3.0,1.0,84.0,64.0,46.0,10.0,12.0,3.0,5.0,15.0,2.0,79.0,53.0,36.0,16.0,12.0,2.0,4.0,441.0,105.0,67.0,866.0,sackmann_archive_2025
2025-0403,Miami Masters,Hard,96,M,2025-03-19,277,106401,,PR,Nick Kyrgios,R,193.0,AUS,29.8,111456,,Q,Mackenzie Mcdonald,R,178.0,USA,29.9,3-6 6-3 6-4,3,R128,103.0,13.0,3.0,75.0,58.0,45.0,7.0,14.0,1.0,3.0,7.0,2.0,84.0,60.0,39.0,13.0,14.0,4.0,7.0,892.0,20.0,101.0,575.0,sackmann_archive_2025
2025-0403,Miami Masters,Hard,96,M,2025-03-19,276,106148,,,Roberto Carballes Baena,R,183.0,ESP,31.9,106331,,Q,Christopher Oconnell,R,183.0,AUS,30.7,6-3 3-6 7-6(5),3,R128,154.0,7.0,3.0,93.0,56.0,42.0,18.0,15.0,2.0,5.0,12.0,3.0,113.0,74.0,46.0,23.0,15.0,7.0,10.0,53.0,1051.0,78.0,805.0,sackmann_archive_2025
2025-0403,Miami Masters,Hard,96,M,2025-03-19,275,105676,,,David Goffin,R,180.0,BEL,34.2,126846,,,Aleksandar Vukic,R,188.0,AUS,28.9,2-6 6-4 6-2,3,R128,103.0,12.0,2.0,76.0,43.0,34.0,15.0,13.0,3.0,6.0,4.0,2.0,77.0,45.0,34.0,11.0,13.0,2.0,6.0,55.0,1003.0,77.0,814.0,sackmann_archive_2025
2025-4462,Bucharest,Clay,28,A,2025-03-31,385,207925,3.0,,Flavio Cobolli,R,183.0,ITA,22.9,202104,1.0,,Sebastian Baez,R,170.0,ARG,24.2,6-4 6-4,3,F,106.0,3.0,3.0,69.0,31.0,23.0,18.0,10.0,2.0,4.0,1.0,0.0,74.0,62.0,33.0,9.0,10.0,7.0,11.0,45.0,1260.0,36.0,1385.0,sackmann_archive_2025
2025-4462,Bucharest,Clay,28,A,2025-03-31,384,202104,1.0,,Sebastian Baez,R,170.0,ARG,24.2,105916,,,Marton Fucsovics,R,188.0,HUN,33.1,6-2 6-2,3,SF,83.0,1.0,0.0,62.0,49.0,33.0,7.0,8.0,6.0,6.0,0.0,3.0,53.0,32.0,20.0,7.0,8.0,6.0,10.0,36.0,1385.0,90.0,655.0,sackmann_archive_2025
2025-4462,Bucharest,Clay,28,A,2025-03-31,383,207925,3.0,,Flavio Cobolli,R,183.0,ITA,22.9,106000,,,Damir Dzumhur,R,175.0,BIH,32.8,6-3 6-0,3,SF,63.0,3.0,2.0,47.0,28.0,22.0,12.0,8.0,0.0,0.0,1.0,1.0,50.0,33.0,16.0,7.0,7.0,8.0,12.0,45.0,1260.0,65.0,874.0,sackmann_archive_2025
2025-4462,Bucharest,Clay,28,A,2025-03-31,382,202104,1.0,,Sebastian Baez,R,170.0,ARG,24.2,207681,,,Francisco Comesana,R,178.0,ARG,24.4,7-6(5) 2-6 6-1,3,QF,138.0,2.0,0.0,90.0,63.0,40.0,16.0,13.0,7.0,10.0,3.0,4.0,101.0,58.0,37.0,20.0,14.0,3.0,7.0,36.0,1385.0,64.0,890.0,sackmann_archive_2025
2025-4462,Bucharest,Clay,28,A,2025-03-31,381,105916,,,Marton Fucsovics,R,188.0,HUN,33.1,106331,,,Christopher Oconnell,R,183.0,AUS,30.8,6-0 6-4,3,QF,79.0,2.0,0.0,43.0,29.0,21.0,9.0,8.0,0.0,1.0,2.0,0.0,57.0,35.0,20.0,6.0,8.0,4.0,9.0,90.0,655.0,87.0,735.0,sackmann_archive_2025
2025-4462,Bucharest,Clay,28,A,2025-03-31,380,207925,3.0,,Flavio Cobolli,R,183.0,ITA,22.9,209209,,Q,Filip Misolic,R,180.0,AUT,23.6,7-6(5) 6-4,3,QF,113.0,4.0,3.0,75.0,37.0,25.0,23.0,11.0,2.0,5.0,3.0,3.0,88.0,58.0,36.0,13.0,11.0,10.0,14.0,45.0,1260.0,232.0,235.0,sackmann_archive_2025
2025-4462,Bucharest,Clay,28,A,2025-03-31,379,106000,,,Damir Dzumhur,R,175.0,BIH,32.8,124079,2.0,,Pedro Martinez,R,185.0,ESP,27.9,6-1 2-0 RET,3,QF,54.0,0.0,1.0,40.0,26.0,17.0,8.0,4.0,5.0,5.0,0.0,2.0,32.0,22.0,10.0,2.0,5.0,2.0,6.0,65.0,874.0,47.0,1205.0,sackmann_archive_2025
2025-4462,Bucharest,Clay,28,A,2025-03-31,378,202104,1.0,,Sebastian Baez,R,170.0,ARG,24.2,209113,,,Gabriel Diallo,R,203.0,CAN,23.5,7-6(5) 2-6 6-2,3,R16,136.0,1.0,3.0,92.0,67.0,46.0,12.0,14.0,5.0,9.0,4.0,1.0,82.0,60.0,34.0,16.0,14.0,2.0,6.0,36.0,1385.0,81.0,770.0,sackmann_archive_2025
2025-4462,Bucharest,Clay,28,A,2025-03-31,377,207681,,,Francisco Comesana,R,178.0,ARG,24.4,105138,5.0,,Roberto Bautista Agut,R,183.0,ESP,36.9,6-4 3-6 6-3,3,R16,131.0,5.0,0.0,78.0,51.0,35.0,18.0,14.0,1.0,3.0,0.0,0.0,81.0,51.0,33.0,19.0,14.0,1.0,4.0,64.0,890.0,52.0,1049.0,sackmann_archive_2025
2025-4462,Bucharest,Clay,28,A,2025-03-31,376,106331,,,Christopher Oconnell,R,183.0,AUS,30.8,111797,4.0,,Nicolas Jarry,R,201.0,CHI,29.4,6-2 5-7 7-6(5),3,R16,179.0,5.0,6.0,114.0,67.0,50.0,21.0,16.0,7.0,9.0,2.0,4.0,102.0,70.0,47.0,16.0,16.0,4.0,7.0,87.0,735.0,58.0,965.0,sackmann_archive_2025
2025-4462,Bucharest,Clay,28,A,2025-03-31,375,105916,,,Marton Fucsovics,R,188.0,HUN,33.1,208363,7.0,,Mariano Navone,R,178.0,ARG,24.0,4-6 6-4 6-4,3,R16,161.0,0.0,1.0,74.0,49.0,35.0,9.0,15.0,1.0,7.0,1.0,2.0,109.0,71.0,38.0,16.0,15.0,14.0,21.0,90.0,655.0,61.0,925.0,sackmann_archive_2025
2025-4462,Bucharest,Clay,28,A,2025-03-31,374,209209,,Q,Filip Misolic,R,180.0,AUT,23.6,200116,8.0,,Camilo Ugo Carabelli,R,185.0,ARG,25.7,6-3 6-1,3,R16,71.0,3.0,0.0,54.0,41.0,27.0,6.0,8.0,3.0,5.0,0.0,2.0,43.0,30.0,13.0,3.0,8.0,0.0,6.0,232.0,235.0,63.0,918.0,sackmann_archive_2025
2025-4462,Bucharest,Clay,28,A,2025-03-31,373,207925,3.0,,Flavio Cobolli,R,183.0,ITA,22.9,104755,,WC,Richard Gasquet,R,183.0,FRA,38.7,6-4 4-6 6-1,3,R16,115.0,4.0,6.0,85.0,42.0,25.0,25.0,14.0,3.0,7.0,1.0,1.0,86.0,58.0,32.0,13.0,13.0,7.0,13.0,45.0,1260.0,148.0,386.0,sackmann_archive_2025
2025-4462,Bucharest,Clay,28,A,2025-03-31,372,106000,,,Damir Dzumhur,R,175.0,BIH,32.8,202262,,WC,Filip Cristian Jianu,R,180.0,ROU,23.5,6-4 3-6 6-3,3,R16,152.0,0.0,2.0,87.0,54.0,34.0,20.0,14.0,1.0,4.0,1.0,0.0,106.0,72.0,41.0,17.0,14.0,8.0,12.0,65.0,874.0,241.0,229.0,sackmann_archive_2025
2025-4462,Bucharest,Clay,28,A,2025-03-31,371,124079,2.0,,Pedro Martinez,R,185.0,ESP,27.9,104527,,WC,Stan Wawrinka,R,183.0,SUI,40.0,4-6 7-5 6-2,3,R16,159.0,0.0,0.0,100.0,80.0,48.0,13.0,15.0,7.0,11.0,3.0,3.0,97.0,55.0,31.0,21.0,15.0,4.0,10.0,47.0,1205.0,161.0,355.0,sackmann_archive_2025
2025-4462,Bucharest,Clay,28,A,2025-03-31,370,209113,,,Gabriel Diallo,R,203.0,CAN,23.5,202358,,,Chun Hsin Tseng,R,175.0,TPE,23.6,7-6(5) 7-6(2),3,R32,126.0,5.0,3.0,82.0,47.0,35.0,22.0,12.0,4.0,6.0,0.0,1.0,81.0,55.0,36.0,13.0,12.0,0.0,2.0,81.0,770.0,101.0,587.0,sackmann_archive_2025
2025-4462,Bucharest,Clay,28,A,2025-03-31,369,207681,,,Francisco Comesana,R,178.0,ARG,24.4,105373,,Q,Martin Klizan,L,191.0,SVK,35.7,4-6 7-5 7-5,3,R32,152.0,7.0,5.0,89.0,60.0,48.0,15.0,17.0,2.0,5.0,0.0,4.0,107.0,69.0,50.0,16.0,17.0,5.0,9.0,64.0,890.0,316.0,165.0,sackmann_archive_2025
2025-4462,Bucharest,Clay,28,A,2025-03-31,368,105138,5.0,,Roberto Bautista Agut,R,183.0,ESP,36.9,207352,,,Bu Yunchaokete,R,185.0,CHN,23.1,3-6 6-2 7-5,3,R32,172.0,2.0,5.0,113.0,62.0,34.0,28.0,15.0,12.0,17.0,5.0,1.0,94.0,55.0,32.0,19.0,14.0,4.0,10.0,52.0,1049.0,67.0,873.0,sackmann_archive_2025
2025-4462,Bucharest,Clay,28,A,2025-03-31,367,106331,,,Christopher Oconnell,R,183.0,AUS,30.8,105583,,,Dusan Lajovic,R,183.0,SRB,34.7,6-4 6-3,3,R32,101.0,4.0,0.0,65.0,38.0,22.0,18.0,10.0,6.0,8.0,0.0,0.0,71.0,43.0,25.0,11.0,9.0,7.0,11.0,87.0,735.0,109.0,570.0,sackmann_archive_2025
2025-4462,Bucharest,Clay,28,A,2025-03-31,366,105916,,,Marton Fucsovics,R,188.0,HUN,33.1,208134,,,Luca Nardi,R,185.0,ITA,21.6,6-3 6-1,3,R32,67.0,1.0,1.0,46.0,28.0,22.0,11.0,8.0,2.0,2.0,0.0,1.0,48.0,33.0,18.0,5.0,8.0,2.0,6.0,90.0,655.0,93.0,637.0,sackmann_archive_2025
2025-4462,Bucharest,Clay,28,A,2025-03-31,365,208363,7.0,,Mariano Navone,R,178.0,ARG,24.0,111513,,,Laslo Djere,R,188.0,SRB,29.8,6-1 4-6 6-2,3,R32,118.0,1.0,1.0,72.0,55.0,40.0,11.0,13.0,0.0,1.0,0.0,3.0,78.0,47.0,30.0,14.0,12.0,2.0,6.0,61.0,925.0,78.0,791.0,sackmann_archive_2025
2025-4462,Bucharest,Clay,28,A,2025-03-31,364,200116,8.0,,Camilo Ugo Carabelli,R,185.0,ARG,25.7,105430,,,Radu Albot,R,175.0,MDA,35.3,6-4 6-3,3,R32,92.0,0.0,0.0,50.0,38.0,26.0,8.0,9.0,2.0,3.0,0.0,1.0,65.0,39.0,20.0,14.0,10.0,1.0,5.0,63.0,918.0,223.0,248.0,sackmann_archive_2025
2025-4462,Bucharest,Clay,28,A,2025-03-31,363,209209,,Q,Filip Misolic,R,180.0,AUT,23.6,207686,,,Alexander Shevchenko,R,185.0,KAZ,24.3,6-3 6-4,3,R32,76.0,1.0,3.0,60.0,43.0,31.0,9.0,10.0,4.0,6.0,1.0,1.0,54.0,34.0,22.0,8.0,9.0,0.0,4.0,232.0,235.0,105.0,578.0,sackmann_archive_2025
2025-4462,Bucharest,Clay,28,A,2025-03-31,362,104755,,WC,Richard Gasquet,R,183.0,FRA,38.7,122298,,,Botic Van De Zandschulp,R,191.0,NED,29.4,4-6 7-5 6-1,3,R32,139.0,2.0,2.0,98.0,63.0,41.0,18.0,15.0,6.0,10.0,5.0,5.0,93.0,55.0,36.0,15.0,14.0,9.0,15.0,148.0,386.0,88.0,730.0,sackmann_archive_2025
2025-4462,Bucharest,Clay,28,A,2025-03-31,361,106000,,,Damir Dzumhur,R,175.0,BIH,32.8,200473,,Q,Valentin Vacherot,R,193.0,MON,26.3,6-2 6-1,3,R32,73.0,1.0,1.0,54.0,35.0,24.0,10.0,8.0,5.0,6.0,1.0,4.0,53.0,31.0,17.0,8.0,7.0,3.0,8.0,65.0,874.0,259.0,208.0,sackmann_archive_2025
2025-4462,Bucharest,Clay,28,A,2025-03-31,360,202262,,WC,Filip Cristian Jianu,R,180.0,ROU,23.5,210460,,,Nishesh Basavareddy,R,180.0,USA,19.9,6-3 6-4,3,R32,92.0,0.0,0.0,52.0,42.0,28.0,6.0,9.0,3.0,5.0,1.0,2.0,58.0,28.0,19.0,10.0,10.0,1.0,6.0,241.0,229.0,108.0,571.0,sackmann_archive_2025
2025-4462,Bucharest,Clay,28,A,2025-03-31,359,104527,,WC,Stan Wawrinka,R,183.0,SUI,40.0,207608,,Q,Timofey Skatov,R,175.0,KAZ,24.1,6-4 6-7(5) 7-6(1),3,R32,198.0,7.0,1.0,130.0,83.0,56.0,21.0,17.0,11.0,15.0,1.0,4.0,120.0,80.0,51.0,20.0,17.0,11.0,16.0,161.0,355.0,174.0,324.0,sackmann_archive_2025
2025-0717,Houston,Clay,28,A,2025-03-31,385,202385,,Q,Jenson Brooksby,R,188.0,USA,24.4,126207,2.0,,Frances Tiafoe,R,188.0,USA,27.1,6-4 6-2,3,F,87.0,5.0,1.0,58.0,41.0,26.0,12.0,9.0,4.0,6.0,0.0,2.0,55.0,28.0,17.0,9.0,9.0,1.0,6.0,507.0,77.0,17.0,2525.0,sackmann_archive_2025
2025-0717,Houston,Clay,28,A,2025-03-31,384,202385,,Q,Jenson Brooksby,R,188.0,USA,24.4,126205,1.0,,Tommy Paul,R,185.0,USA,27.8,7-6(5) 3-6 7-6(6),3,SF,162.0,0.0,2.0,109.0,74.0,46.0,18.0,16.0,6.0,11.0,6.0,5.0,111.0,62.0,42.0,27.0,17.0,5.0,9.0,507.0,77.0,13.0,3070.0,sackmann_archive_2025
2025-0717,Houston,Clay,28,A,2025-03-31,383,126207,2.0,,Frances Tiafoe,R,188.0,USA,27.1,206909,4.0,,Brandon Nakashima,R,188.0,USA,23.6,6-4 7-6(3),3,SF,101.0,4.0,1.0,60.0,36.0,25.0,13.0,11.0,1.0,5.0,6.0,1.0,81.0,53.0,33.0,9.0,11.0,5.0,10.0,17.0,2525.0,33.0,1570.0,sackmann_archive_2025
2025-0717,Houston,Clay,28,A,2025-03-31,382,126205,1.0,,Tommy Paul,R,185.0,USA,27.8,212256,,Q,Colton Smith,U,,USA,22.0,6-1 7-6(1),3,QF,89.0,3.0,2.0,51.0,24.0,22.0,19.0,9.0,3.0,3.0,2.0,2.0,71.0,44.0,27.0,13.0,10.0,4.0,7.0,13.0,3070.0,200.0,284.0,sackmann_archive_2025
2025-0717,Houston,Clay,28,A,2025-03-31,381,202385,,Q,Jenson Brooksby,R,188.0,USA,24.4,206499,,,Aleksandar Kovacevic,R,183.0,USA,26.5,2-6 6-3 6-4,3,QF,140.0,0.0,3.0,86.0,55.0,34.0,16.0,13.0,7.0,11.0,4.0,4.0,90.0,53.0,33.0,18.0,14.0,6.0,11.0,507.0,77.0,79.0,780.0,sackmann_archive_2025
2025-0717,Houston,Clay,28,A,2025-03-31,380,206909,4.0,,Brandon Nakashima,R,188.0,USA,23.6,111153,,,Christopher Eubanks,R,201.0,USA,28.9,6-4 6-4,3,QF,82.0,7.0,2.0,53.0,30.0,23.0,17.0,10.0,0.0,0.0,3.0,3.0,65.0,49.0,35.0,8.0,10.0,3.0,5.0,33.0,1570.0,117.0,515.0,sackmann_archive_2025
2025-0717,Houston,Clay,28,A,2025-03-31,379,126207,2.0,,Frances Tiafoe,R,188.0,USA,27.1,210506,5.0,,Alex Michelsen,R,193.0,USA,20.5,7-5 6-1,3,QF,92.0,4.0,2.0,58.0,33.0,26.0,14.0,10.0,2.0,3.0,4.0,5.0,76.0,44.0,28.0,12.0,9.0,12.0,16.0,17.0,2525.0,34.0,1445.0,sackmann_archive_2025
2025-0717,Houston,Clay,28,A,2025-03-31,378,126205,1.0,,Tommy Paul,R,185.0,USA,27.8,106426,,WC,Cristian Garin,R,185.0,CHI,28.8,2-6 6-2 7-6(5),3,R16,162.0,7.0,3.0,96.0,54.0,39.0,18.0,14.0,8.0,12.0,2.0,3.0,113.0,74.0,50.0,16.0,14.0,10.0,14.0,13.0,3070.0,133.0,439.0,sackmann_archive_2025
2025-0717,Houston,Clay,28,A,2025-03-31,377,212256,,Q,Colton Smith,U,,USA,22.0,210319,,WC,Ethan Quinn,R,191.0,USA,21.0,6-3 6-4,3,R16,74.0,3.0,4.0,54.0,31.0,27.0,16.0,10.0,1.0,1.0,2.0,3.0,48.0,30.0,23.0,8.0,9.0,2.0,4.0,200.0,284.0,130.0,456.0,sackmann_archive_2025
2025-0717,Houston,Clay,28,A,2025-03-31,376,202385,,Q,Jenson Brooksby,R,188.0,USA,24.4,126214,3.0,,Alejandro Tabilo,L,188.0,CHI,27.8,3-6 6-4 7-6(6),3,R16,169.0,4.0,3.0,99.0,57.0,45.0,19.0,15.0,4.0,7.0,5.0,1.0,115.0,58.0,43.0,28.0,16.0,7.0,10.0,507.0,77.0,32.0,1575.0,sackmann_archive_2025
2025-0717,Houston,Clay,28,A,2025-03-31,375,206499,,,Aleksandar Kovacevic,R,183.0,USA,26.5,144656,,Q,Corentin Denolly,L,188.0,FRA,27.8,6-3 6-3,3,R16,79.0,8.0,4.0,54.0,31.0,28.0,11.0,9.0,2.0,2.0,2.0,8.0,70.0,38.0,26.0,12.0,9.0,6.0,9.0,79.0,780.0,328.0,159.0,sackmann_archive_2025
2025-0717,Houston,Clay,28,A,2025-03-31,374,111153,,,Christopher Eubanks,R,201.0,USA,28.9,105453,8.0,,Kei Nishikori,R,178.0,JPN,35.2,6-1 0-0 RET,3,R16,24.0,2.0,1.0,22.0,15.0,11.0,5.0,4.0,0.0,0.0,1.0,0.0,20.0,17.0,9.0,0.0,3.0,2.0,4.0,117.0,515.0,66.0,873.0,sackmann_archive_2025
2025-0717,Houston,Clay,28,A,2025-03-31,373,206909,4.0,,Brandon Nakashima,R,188.0,USA,23.6,111456,,,Mackenzie Mcdonald,R,178.0,USA,29.9,6-1 7-5,3,R16,78.0,7.0,1.0,49.0,32.0,26.0,14.0,10.0,0.0,0.0,5.0,1.0,61.0,41.0,26.0,9.0,9.0,2.0,5.0,33.0,1570.0,100.0,592.0,sackmann_archive_2025
2025-0717,Houston,Clay,28,A,2025-03-31,372,210506,5.0,,Alex Michelsen,R,193.0,USA,20.5,105173,,LL,Adrian Mannarino,L,180.0,FRA,36.7,6-7(0) 6-4 6-2,3,R16,148.0,3.0,3.0,95.0,62.0,38.0,19.0,15.0,5.0,9.0,1.0,3.0,99.0,69.0,39.0,14.0,15.0,9.0,16.0,34.0,1445.0,144.0,409.0,sackmann_archive_2025
2025-0717,Houston,Clay,28,A,2025-03-31,371,126207,2.0,,Frances Tiafoe,R,188.0,USA,27.1,200443,,,Adam Walton,R,183.0,AUS,25.9,7-5 6-3,3,R16,90.0,4.0,2.0,53.0,26.0,22.0,17.0,10.0,1.0,2.0,5.0,3.0,73.0,42.0,24.0,16.0,11.0,4.0,8.0,17.0,2525.0,85.0,746.0,sackmann_archive_2025
2025-0717,Houston,Clay,28,A,2025-03-31,370,106426,,WC,Cristian Garin,R,185.0,CHI,28.8,106310,,,Alexander Ritschard,R,193.0,SUI,31.0,6-3 6-4,3,R32,100.0,5.0,1.0,51.0,30.0,26.0,14.0,10.0,0.0,0.0,1.0,4.0,75.0,41.0,24.0,21.0,9.0,5.0,7.0,133.0,439.0,125.0,466.0,sackmann_archive_2025
2025-0717,Houston,Clay,28,A,2025-03-31,369,212256,,Q,Colton Smith,U,,USA,22.0,105902,,,James Duckworth,R,183.0,AUS,33.1,6-2 6-2,3,R32,69.0,5.0,2.0,44.0,28.0,22.0,11.0,8.0,1.0,1.0,3.0,3.0,58.0,34.0,20.0,10.0,8.0,6.0,10.0,200.0,284.0,89.0,698.0,sackmann_archive_2025
2025-0717,Houston,Clay,28,A,2025-03-31,368,210319,,WC,Ethan Quinn,R,191.0,USA,21.0,111442,6.0,,Jordan Thompson,R,183.0,AUS,30.9,4-6 6-4 6-3,3,R32,156.0,4.0,4.0,96.0,54.0,38.0,23.0,15.0,9.0,13.0,3.0,3.0,95.0,58.0,36.0,18.0,14.0,5.0,10.0,130.0,456.0,35.0,1415.0,sackmann_archive_2025
2025-0717,Houston,Clay,28,A,2025-03-31,367,202385,,Q,Jenson Brooksby,R,188.0,USA,24.4,106121,,,Taro Daniel,R,191.0,JPN,32.1,6-4 6-4,3,R32,88.0,4.0,1.0,53.0,30.0,23.0,18.0,10.0,0.0,0.0,1.0,1.0,66.0,36.0,24.0,16.0,10.0,3.0,5.0,507.0,77.0,124.0,478.0,sackmann_archive_2025
2025-0717,Houston,Clay,28,A,2025-03-31,366,144656,,Q,Corentin Denolly,L,188.0,FRA,27.8,200587,,,Brandon Holt,R,185.0,USA,26.9,7-6(7) 7-6(8),3,R32,139.0,1.0,6.0,109.0,74.0,56.0,13.0,12.0,5.0,7.0,5.0,0.0,89.0,61.0,43.0,17.0,12.0,2.0,4.0,328.0,159.0,115.0,533.0,sackmann_archive_2025
2025-0717,Houston,Clay,28,A,2025-03-31,365,206499,,,Aleksandar Kovacevic,R,183.0,USA,26.5,144869,7.0,,Tomas Martin Etcheverry,R,196.0,ARG,25.7,6-3 6-4,3,R32,98.0,3.0,4.0,65.0,31.0,26.0,20.0,10.0,4.0,4.0,7.0,0.0,52.0,28.0,24.0,11.0,9.0,5.0,7.0,79.0,780.0,44.0,1260.0,sackmann_archive_2025
2025-0717,Houston,Clay,28,A,2025-03-31,364,105453,8.0,,Kei Nishikori,R,178.0,JPN,35.2,106283,,Q,Mitchell Krueger,R,188.0,USA,31.2,6-4 6-2,3,R32,74.0,4.0,2.0,57.0,44.0,34.0,5.0,9.0,3.0,4.0,2.0,2.0,48.0,31.0,19.0,8.0,9.0,3.0,7.0,66.0,873.0,141.0,416.0,sackmann_archive_2025
2025-0717,Houston,Clay,28,A,2025-03-31,363,111153,,,Christopher Eubanks,R,201.0,USA,28.9,208014,,,Rinky Hijikata,R,178.0,AUS,24.0,6-2 4-6 6-3,3,R32,115.0,8.0,0.0,80.0,53.0,39.0,16.0,14.0,4.0,6.0,3.0,4.0,85.0,50.0,30.0,17.0,13.0,3.0,7.0,117.0,515.0,82.0,769.0,sackmann_archive_2025
2025-0717,Houston,Clay,28,A,2025-03-31,362,111456,,,Mackenzie Mcdonald,R,178.0,USA,29.9,123755,,,Daniel Elahi Galan,R,191.0,COL,28.7,6-2 6-7(3) 6-4,3,R32,135.0,4.0,2.0,84.0,53.0,42.0,21.0,15.0,1.0,1.0,7.0,0.0,90.0,60.0,46.0,13.0,15.0,2.0,5.0,100.0,592.0,114.0,538.0,sackmann_archive_2025
2025-0717,Houston,Clay,28,A,2025-03-31,361,210506,5.0,,Alex Michelsen,R,193.0,USA,20.5,210530,,,Learner Tien,L,180.0,USA,19.3,6-4 6-2,3,R32,70.0,7.0,3.0,45.0,30.0,26.0,8.0,9.0,0.0,1.0,1.0,2.0,57.0,37.0,25.0,6.0,9.0,4.0,8.0,34.0,1445.0,69.0,865.0,sackmann_archive_2025
2025-0717,Houston,Clay,28,A,2025-03-31,360,105173,,LL,Adrian Mannarino,L,180.0,FRA,36.7,105870,,,Yannick Hanfmann,R,193.0,GER,33.3,7-6(5) 6-3,3,R32,110.0,2.0,0.0,82.0,51.0,34.0,15.0,11.0,12.0,14.0,4.0,2.0,57.0,40.0,26.0,7.0,10.0,0.0,3.0,144.0,409.0,123.0,479.0,sackmann_archive_2025
2025-0717,Houston,Clay,28,A,2025-03-31,359,200443,,,Adam Walton,R,183.0,AUS,25.9,111581,,WC,Michael Mmoh,R,188.0,USA,27.2,6-3 7-6(5),3,R32,104.0,8.0,5.0,71.0,45.0,35.0,6.0,11.0,4.0,8.0,5.0,4.0,61.0,37.0,22.0,7.0,10.0,0.0,5.0,85.0,746.0,282.0,186.0,sackmann_archive_2025
2025-0360,Marrakech,Clay,28,A,2025-03-31,385,209260,7.0,,Luciano Darderi,R,183.0,ITA,23.1,134868,1.0,,Tallon Griekspoor,R,188.0,NED,28.7,7-6(3) 7-6(4),3,F,123.0,3.0,3.0,83.0,51.0,37.0,21.0,12.0,3.0,4.0,10.0,6.0,81.0,51.0,39.0,18.0,12.0,0.0,1.0,57.0,989.0,37.0,1370.0,sackmann_archive_2025
2025-0360,Marrakech,Clay,28,A,2025-03-31,384,134868,1.0,,Tallon Griekspoor,R,188.0,NED,28.7,111794,,Q,Kamil Majchrzak,R,180.0,POL,29.2,7-5 7-6(3),3,SF,107.0,10.0,1.0,75.0,45.0,38.0,16.0,12.0,4.0,5.0,5.0,1.0,71.0,42.0,33.0,14.0,12.0,1.0,3.0,37.0,1370.0,122.0,482.0,sackmann_archive_2025
2025-0360,Marrakech,Clay,28,A,2025-03-31,383,209260,7.0,,Luciano Darderi,R,183.0,ITA,23.1,106148,5.0,,Roberto Carballes Baena,R,183.0,ESP,32.0,6-3 6-2,3,SF,92.0,5.0,1.0,58.0,29.0,23.0,16.0,9.0,2.0,3.0,0.0,2.0,55.0,38.0,20.0,5.0,8.0,5.0,9.0,57.0,989.0,51.0,1051.0,sackmann_archive_2025
2025-0360,Marrakech,Clay,28,A,2025-03-31,382,134868,1.0,,Tallon Griekspoor,R,188.0,NED,28.7,208233,8.0,,Mattia Bellucci,L,175.0,ITA,23.8,6-3 6-4,3,QF,84.0,5.0,1.0,62.0,35.0,27.0,18.0,10.0,4.0,4.0,6.0,8.0,59.0,34.0,26.0,9.0,9.0,1.0,3.0,37.0,1370.0,71.0,842.0,sackmann_archive_2025
2025-0360,Marrakech,Clay,28,A,2025-03-31,381,111794,,Q,Kamil Majchrzak,R,180.0,POL,29.2,124186,3.0,,Alexandre Muller,R,183.0,FRA,28.1,7-5 6-4,3,QF,96.0,4.0,0.0,68.0,48.0,35.0,10.0,11.0,8.0,10.0,6.0,4.0,84.0,58.0,36.0,9.0,11.0,4.0,8.0,122.0,482.0,41.0,1304.0,sackmann_archive_2025
2025-0360,Marrakech,Clay,28,A,2025-03-31,380,106148,5.0,,Roberto Carballes Baena,R,183.0,ESP,32.0,132686,4.0,,Nuno Borges,R,185.0,POR,28.1,6-4 6-4,3,QF,106.0,1.0,3.0,90.0,60.0,38.0,13.0,10.0,15.0,17.0,3.0,6.0,56.0,26.0,20.0,11.0,10.0,1.0,5.0,51.0,1051.0,43.0,1265.0,sackmann_archive_2025
2025-0360,Marrakech,Clay,28,A,2025-03-31,379,209260,7.0,,Luciano Darderi,R,183.0,ITA,23.1,200240,,,Vit Kopriva,R,178.0,CZE,27.7,7-5 6-2,3,QF,116.0,5.0,2.0,76.0,43.0,29.0,19.0,10.0,5.0,6.0,3.0,2.0,80.0,49.0,29.0,14.0,10.0,10.0,14.0,57.0,989.0,106.0,576.0,sackmann_archive_2025
2025-0360,Marrakech,Clay,28,A,2025-03-31,378,134868,1.0,,Tallon Griekspoor,R,188.0,NED,28.7,105807,,,Pablo Carreno Busta,R,188.0,ESP,33.7,7-6(1) 3-6 6-3,3,R16,143.0,13.0,5.0,108.0,71.0,55.0,17.0,15.0,4.0,6.0,8.0,4.0,94.0,57.0,43.0,19.0,15.0,8.0,10.0,37.0,1370.0,110.0,568.0,sackmann_archive_2025
2025-0360,Marrakech,Clay,28,A,2025-03-31,377,208233,8.0,,Mattia Bellucci,L,175.0,ITA,23.8,105732,,Q,Pierre Hugues Herbert,R,188.0,FRA,34.0,6-2 7-5,3,R16,84.0,4.0,0.0,50.0,28.0,21.0,16.0,10.0,0.0,1.0,2.0,4.0,63.0,39.0,26.0,9.0,10.0,4.0,8.0,71.0,842.0,169.0,335.0,sackmann_archive_2025
2025-0360,Marrakech,Clay,28,A,2025-03-31,376,124186,3.0,,Alexandre Muller,R,183.0,FRA,28.1,106198,,,Hugo Dellien,R,180.0,BOL,31.7,6-7(5) 6-1 6-4,3,R16,145.0,9.0,1.0,94.0,63.0,43.0,22.0,15.0,1.0,3.0,2.0,4.0,105.0,75.0,46.0,14.0,14.0,8.0,13.0,41.0,1304.0,102.0,582.0,sackmann_archive_2025
2025-0360,Marrakech,Clay,28,A,2025-03-31,375,111794,,Q,Kamil Majchrzak,R,180.0,POL,29.2,207411,,,Jesper De Jong,R,180.0,NED,24.8,7-6(3) 6-1,3,R16,88.0,3.0,1.0,53.0,33.0,26.0,15.0,10.0,0.0,1.0,2.0,4.0,57.0,28.0,18.0,14.0,9.0,5.0,8.0,122.0,482.0,98.0,609.0,sackmann_archive_2025
2025-0360,Marrakech,Clay,28,A,2025-03-31,374,106148,5.0,,Roberto Carballes Baena,R,183.0,ESP,32.0,202261,,,Otto Virtanen,R,193.0,FIN,23.7,6-4 6-4,3,R16,80.0,1.0,0.0,58.0,45.0,30.0,8.0,10.0,2.0,4.0,5.0,2.0,57.0,33.0,23.0,9.0,10.0,2.0,6.0,51.0,1051.0,135.0,430.0,sackmann_archive_2025
2025-0360,Marrakech,Clay,28,A,2025-03-31,373,132686,4.0,,Nuno Borges,R,185.0,POR,28.1,209920,,,Raphael Collignon,R,191.0,BEL,23.2,6-2 3-6 7-6(0),3,R16,119.0,12.0,0.0,89.0,64.0,52.0,10.0,14.0,4.0,5.0,12.0,3.0,108.0,68.0,45.0,21.0,15.0,5.0,7.0,43.0,1265.0,92.0,644.0,sackmann_archive_2025
2025-0360,Marrakech,Clay,28,A,2025-03-31,372,209260,7.0,,Luciano Darderi,R,183.0,ITA,23.1,200384,,,Hugo Gaston,L,173.0,FRA,24.5,2-6 6-2 6-3,3,R16,111.0,1.0,1.0,72.0,43.0,30.0,14.0,13.0,0.0,3.0,3.0,2.0,93.0,43.0,31.0,23.0,12.0,10.0,14.0,57.0,989.0,84.0,751.0,sackmann_archive_2025
2025-0360,Marrakech,Clay,28,A,2025-03-31,371,200240,,,Vit Kopriva,R,178.0,CZE,27.7,132283,2.0,,Lorenzo Sonego,R,191.0,ITA,29.8,6-2 5-7 6-4,3,R16,162.0,2.0,5.0,104.0,67.0,42.0,18.0,15.0,6.0,10.0,3.0,2.0,88.0,55.0,34.0,14.0,15.0,9.0,15.0,106.0,576.0,38.0,1361.0,sackmann_archive_2025
2025-0360,Marrakech,Clay,28,A,2025-03-31,370,105807,,,Pablo Carreno Busta,R,188.0,ESP,33.7,207794,,WC,Younes Lalami Laaroussi,R,188.0,MAR,23.9,6-1 6-3,3,R32,77.0,2.0,1.0,44.0,26.0,22.0,13.0,8.0,1.0,1.0,1.0,5.0,58.0,35.0,23.0,6.0,8.0,5.0,9.0,110.0,568.0,1193.0,8.0,sackmann_archive_2025
2025-0360,Marrakech,Clay,28,A,2025-03-31,369,105732,,Q,Pierre Hugues Herbert,R,188.0,FRA,34.0,105948,,Q,Federico Coria,R,180.0,ARG,33.0,4-6 6-3 6-2,3,R32,129.0,7.0,12.0,87.0,51.0,39.0,13.0,14.0,4.0,8.0,1.0,7.0,84.0,57.0,36.0,7.0,13.0,4.0,10.0,169.0,335.0,126.0,464.0,sackmann_archive_2025
2025-0360,Marrakech,Clay,28,A,2025-03-31,368,208233,8.0,,Mattia Bellucci,L,175.0,ITA,23.8,200303,,,Pavel Kotov,R,191.0,RUS,26.3,6-4 6-4,3,R32,103.0,9.0,3.0,56.0,32.0,26.0,15.0,10.0,1.0,2.0,3.0,2.0,64.0,46.0,31.0,7.0,10.0,4.0,7.0,71.0,842.0,107.0,573.0,sackmann_archive_2025
2025-0360,Marrakech,Clay,28,A,2025-03-31,367,106198,,,Hugo Dellien,R,180.0,BOL,31.7,126846,,,Aleksandar Vukic,R,188.0,AUS,28.9,7-5 4-6 7-5,3,R32,152.0,5.0,0.0,110.0,85.0,57.0,17.0,17.0,3.0,5.0,11.0,0.0,116.0,72.0,53.0,19.0,17.0,11.0,14.0,102.0,582.0,76.0,808.0,sackmann_archive_2025
2025-0360,Marrakech,Clay,28,A,2025-03-31,366,207411,,,Jesper De Jong,R,180.0,NED,24.8,200611,,WC,Elliot Benchetrit,R,193.0,MAR,26.4,7-5 6-1,3,R32,92.0,3.0,1.0,45.0,25.0,23.0,17.0,10.0,0.0,0.0,3.0,2.0,74.0,42.0,28.0,12.0,9.0,7.0,10.0,98.0,609.0,608.0,54.0,sackmann_archive_2025
2025-0360,Marrakech,Clay,28,A,2025-03-31,365,111794,,Q,Kamil Majchrzak,R,180.0,POL,29.2,144719,6.0,,Jaume Munar,R,183.0,ESP,27.9,6-4 6-3,3,R32,89.0,4.0,1.0,55.0,35.0,27.0,13.0,10.0,2.0,3.0,5.0,5.0,54.0,23.0,20.0,10.0,9.0,4.0,7.0,122.0,482.0,55.0,1029.0,sackmann_archive_2025
2025-0360,Marrakech,Clay,28,A,2025-03-31,364,106148,5.0,,Roberto Carballes Baena,R,183.0,ESP,32.0,207220,,WC,Taha Baadi,R,183.0,CAN,23.6,7-6(3) 6-3,3,R32,121.0,1.0,7.0,79.0,48.0,35.0,14.0,11.0,3.0,5.0,1.0,0.0,82.0,54.0,33.0,14.0,10.0,9.0,12.0,51.0,1051.0,703.0,40.0,sackmann_archive_2025
2025-0360,Marrakech,Clay,28,A,2025-03-31,363,202261,,,Otto Virtanen,R,193.0,FIN,23.7,127157,,,Daniel Altmaier,R,188.0,GER,26.5,6-2 4-6 7-6(3),3,R32,149.0,5.0,6.0,94.0,56.0,40.0,23.0,15.0,1.0,3.0,4.0,5.0,112.0,67.0,45.0,22.0,15.0,8.0,11.0,135.0,430.0,83.0,763.0,sackmann_archive_2025
2025-0360,Marrakech,Clay,28,A,2025-03-31,362,209920,,,Raphael Collignon,R,191.0,BEL,23.2,104926,,,Fabio Fognini,R,178.0,ITA,37.8,6-3 6-3,3,R32,82.0,2.0,4.0,55.0,40.0,30.0,7.0,9.0,3.0,4.0,1.0,4.0,55.0,24.0,14.0,16.0,9.0,4.0,8.0,92.0,644.0,99.0,607.0,sackmann_archive_2025
2025-0360,Marrakech,Clay,28,A,2025-03-31,361,209260,7.0,,Luciano Darderi,R,183.0,ITA,23.1,207729,,,Tristan Boyer,R,188.0,USA,23.9,6-4 6-4,3,R32,99.0,2.0,4.0,73.0,41.0,30.0,19.0,10.0,4.0,4.0,3.0,1.0,62.0,38.0,23.0,16.0,10.0,7.0,9.0,57.0,989.0,121.0,491.0,sackmann_archive_2025
2025-0360,Marrakech,Clay,28,A,2025-03-31,360,200384,,,Hugo Gaston,L,173.0,FRA,24.5,207678,,Q,Juan Manuel Cerundolo,L,183.0,ARG,23.3,5-7 6-3 6-4,3,R32,138.0,5.0,4.0,95.0,49.0,34.0,21.0,16.0,3.0,8.0,6.0,4.0,108.0,60.0,34.0,24.0,15.0,11.0,17.0,84.0,751.0,128.0,461.0,sackmann_archive_2025
2025-0360,Marrakech,Clay,28,A,2025-03-31,359,200240,,,Vit Kopriva,R,178.0,CZE,27.7,127339,,PR,Borna Gojo,R,196.0,CRO,27.0,2-6 6-2 6-4,3,R32,118.0,3.0,3.0,84.0,53.0,34.0,16.0,13.0,5.0,9.0,5.0,4.0,73.0,45.0,29.0,13.0,13.0,0.0,5.0,106.0,576.0,414.0,116.0,sackmann_archive_2025
2025-0410,Monte Carlo Masters,Clay,56,M,2025-04-07,373,207989,2.0,,Carlos Alcaraz,R,183.0,ESP,21.9,207518,13.0,,Lorenzo Musetti,R,185.0,ITA,23.0,3-6 6-1 6-0,3,F,107.0,3.0,3.0,78.0,56.0,39.0,11.0,11.0,7.0,9.0,3.0,1.0,68.0,43.0,21.0,13.0,11.0,2.0,8.0,3.0,6720.0,16.0,2650.0,sackmann_archive_2025
2025-0410,Monte Carlo Masters,Clay,56,M,2025-04-07,372,207518,13.0,,Lorenzo Musetti,R,185.0,ITA,23.0,200282,8.0,,Alex De Minaur,R,183.0,AUS,26.1,1-6 6-4 7-6(4),3,SF,158.0,2.0,1.0,93.0,62.0,37.0,12.0,15.0,5.0,12.0,1.0,3.0,94.0,49.0,36.0,18.0,14.0,4.0,9.0,16.0,2650.0,10.0,3335.0,sackmann_archive_2025
2025-0410,Monte Carlo Masters,Clay,56,M,2025-04-07,371,207989,2.0,,Carlos Alcaraz,R,183.0,ESP,21.9,200221,,,Alejandro Davidovich Fokina,R,183.0,ESP,25.8,7-6(2) 6-4,3,SF,129.0,0.0,1.0,73.0,48.0,31.0,16.0,11.0,5.0,7.0,3.0,3.0,109.0,74.0,47.0,12.0,11.0,16.0,19.0,3.0,6720.0,42.0,1305.0,sackmann_archive_2025
2025-0410,Monte Carlo Masters,Clay,56,M,2025-04-07,370,207518,13.0,,Lorenzo Musetti,R,185.0,ITA,23.0,126774,6.0,,Stefanos Tsitsipas,R,193.0,GRE,26.6,1-6 6-3 6-4,3,QF,141.0,1.0,1.0,102.0,75.0,47.0,15.0,13.0,14.0,17.0,1.0,7.0,85.0,42.0,28.0,23.0,13.0,3.0,6.0,16.0,2650.0,8.0,3445.0,sackmann_archive_2025
2025-0410,Monte Carlo Masters,Clay,56,M,2025-04-07,369,200282,8.0,,Alex De Minaur,R,183.0,AUS,26.1,105777,15.0,,Grigor Dimitrov,R,191.0,BUL,33.8,6-0 6-0,3,QF,44.0,0.0,0.0,31.0,16.0,12.0,12.0,6.0,0.0,0.0,0.0,1.0,32.0,19.0,6.0,2.0,6.0,2.0,8.0,10.0,3335.0,18.0,2495.0,sackmann_archive_2025
2025-0410,Monte Carlo Masters,Clay,56,M,2025-04-07,368,200221,,,Alejandro Davidovich Fokina,R,183.0,ESP,25.8,200615,,,Alexei Popyrin,R,196.0,AUS,25.6,6-3 6-2,3,QF,69.0,1.0,0.0,47.0,32.0,26.0,11.0,9.0,0.0,0.0,9.0,4.0,57.0,38.0,24.0,8.0,8.0,6.0,9.0,42.0,1305.0,27.0,1760.0,sackmann_archive_2025
2025-0410,Monte Carlo Masters,Clay,56,M,2025-04-07,367,207989,2.0,,Carlos Alcaraz,R,183.0,ESP,21.9,209950,12.0,,Arthur Fils,R,185.0,FRA,20.8,4-6 7-5 6-3,3,QF,143.0,3.0,7.0,101.0,62.0,43.0,19.0,16.0,7.0,11.0,0.0,5.0,103.0,62.0,45.0,13.0,15.0,9.0,14.0,3.0,6720.0,15.0,2670.0,sackmann_archive_2025
2025-0410,Monte Carlo Masters,Clay,56,M,2025-04-07,366,207518,13.0,,Lorenzo Musetti,R,185.0,ITA,23.0,126610,,,Matteo Berrettini,R,196.0,ITA,28.9,6-3 6-3,3,R16,94.0,0.0,1.0,50.0,37.0,27.0,10.0,9.0,0.0,0.0,3.0,2.0,68.0,46.0,31.0,7.0,9.0,7.0,10.0,16.0,2650.0,34.0,1530.0,sackmann_archive_2025
2025-0410,Monte Carlo Masters,Clay,56,M,2025-04-07,365,126774,6.0,,Stefanos Tsitsipas,R,193.0,GRE,26.6,132686,,,Nuno Borges,R,185.0,POR,28.1,6-1 6-1,3,R16,67.0,3.0,2.0,56.0,32.0,23.0,11.0,7.0,5.0,6.0,0.0,2.0,46.0,29.0,12.0,6.0,7.0,1.0,7.0,8.0,3445.0,43.0,1280.0,sackmann_archive_2025
2025-0410,Monte Carlo Masters,Clay,56,M,2025-04-07,364,105777,15.0,,Grigor Dimitrov,R,191.0,BUL,33.8,126214,,,Alejandro Tabilo,L,188.0,CHI,27.8,6-3 3-6 6-2,3,R16,116.0,7.0,1.0,68.0,47.0,36.0,11.0,13.0,2.0,5.0,0.0,5.0,106.0,68.0,37.0,18.0,13.0,11.0,16.0,18.0,2495.0,32.0,1575.0,sackmann_archive_2025
2025-0410,Monte Carlo Masters,Clay,56,M,2025-04-07,363,200282,8.0,,Alex De Minaur,R,183.0,AUS,26.1,106421,9.0,,Daniil Medvedev,R,198.0,RUS,29.1,6-2 6-2,3,R16,72.0,3.0,3.0,46.0,24.0,14.0,12.0,8.0,1.0,4.0,3.0,3.0,52.0,29.0,13.0,6.0,8.0,5.0,12.0,10.0,3335.0,11.0,3290.0,sackmann_archive_2025
2025-0410,Monte Carlo Masters,Clay,56,M,2025-04-07,362,200221,,,Alejandro Davidovich Fokina,R,183.0,ESP,25.8,207733,5.0,,Jack Draper,L,193.0,GBR,23.2,6-3 6-7(6) 6-4,3,R16,166.0,1.0,0.0,118.0,74.0,44.0,26.0,16.0,12.0,16.0,5.0,10.0,98.0,47.0,30.0,25.0,15.0,7.0,13.0,42.0,1305.0,6.0,3780.0,sackmann_archive_2025
2025-0410,Monte Carlo Masters,Clay,56,M,2025-04-07,361,200615,,,Alexei Popyrin,R,196.0,AUS,25.6,134770,4.0,,Casper Ruud,R,183.0,NOR,26.2,6-4 3-6 7-5,3,R16,177.0,4.0,5.0,117.0,73.0,54.0,19.0,15.0,12.0,14.0,2.0,2.0,123.0,85.0,58.0,18.0,16.0,12.0,15.0,27.0,1760.0,7.0,3765.0,sackmann_archive_2025
2025-0410,Monte Carlo Masters,Clay,56,M,2025-04-07,360,209950,12.0,,Arthur Fils,R,185.0,FRA,20.8,126094,7.0,,Andrey Rublev,R,188.0,RUS,27.4,6-2 6-3,3,R16,61.0,4.0,2.0,42.0,26.0,21.0,9.0,8.0,0.0,1.0,2.0,3.0,53.0,32.0,19.0,6.0,9.0,4.0,9.0,15.0,2670.0,9.0,3440.0,sackmann_archive_2025
2025-0410,Monte Carlo Masters,Clay,56,M,2025-04-07,359,207989,2.0,,Carlos Alcaraz,R,183.0,ESP,21.9,127157,,Q,Daniel Altmaier,R,188.0,GER,26.5,6-3 6-1,3,R16,86.0,0.0,2.0,59.0,35.0,21.0,15.0,8.0,9.0,10.0,0.0,2.0,52.0,24.0,12.0,13.0,8.0,2.0,7.0,3.0,6720.0,84.0,763.0,sackmann_archive_2025
2025-0410,Monte Carlo Masters,Clay,56,M,2025-04-07,358,126610,,,Matteo Berrettini,R,196.0,ITA,28.9,100644,1.0,,Alexander Zverev,R,198.0,GER,27.9,2-6 6-3 7-5,3,R32,148.0,4.0,0.0,87.0,56.0,39.0,17.0,15.0,2.0,5.0,6.0,6.0,85.0,60.0,38.0,16.0,14.0,4.0,7.0,34.0,1530.0,2.0,7645.0,sackmann_archive_2025
2025-0410,Monte Carlo Masters,Clay,56,M,2025-04-07,357,207518,13.0,,Lorenzo Musetti,R,185.0,ITA,23.0,208103,,,Jiri Lehecka,R,185.0,CZE,23.4,1-6 7-5 6-2,3,R32,139.0,3.0,0.0,76.0,53.0,32.0,16.0,14.0,2.0,6.0,4.0,8.0,105.0,60.0,40.0,17.0,13.0,14.0,18.0,16.0,2650.0,28.0,1745.0,sackmann_archive_2025
2025-0410,Monte Carlo Masters,Clay,56,M,2025-04-07,356,132686,,,Nuno Borges,R,185.0,POR,28.1,124079,,,Pedro Martinez,R,185.0,ESP,27.9,7-5 6-7(4) 6-4,3,R32,188.0,10.0,4.0,113.0,67.0,45.0,26.0,17.0,6.0,9.0,3.0,5.0,132.0,94.0,57.0,20.0,17.0,12.0,17.0,43.0,1280.0,51.0,1090.0,sackmann_archive_2025
2025-0410,Monte Carlo Masters,Clay,56,M,2025-04-07,355,126774,6.0,,Stefanos Tsitsipas,R,193.0,GRE,26.6,111442,,,Jordan Thompson,R,183.0,AUS,30.9,4-6 6-4 6-2,3,R32,121.0,6.0,2.0,82.0,40.0,32.0,25.0,14.0,5.0,7.0,5.0,1.0,78.0,48.0,34.0,15.0,14.0,5.0,9.0,8.0,3445.0,38.0,1365.0,sackmann_archive_2025
2025-0410,Monte Carlo Masters,Clay,56,M,2025-04-07,354,126214,,,Alejandro Tabilo,L,188.0,CHI,27.8,104925,3.0,,Novak Djokovic,R,188.0,SRB,37.8,6-3 6-4,3,R32,87.0,2.0,2.0,59.0,37.0,30.0,11.0,10.0,2.0,3.0,3.0,2.0,56.0,30.0,20.0,11.0,9.0,5.0,8.0,32.0,1575.0,5.0,4510.0,sackmann_archive_2025
2025-0410,Monte Carlo Masters,Clay,56,M,2025-04-07,353,105777,15.0,,Grigor Dimitrov,R,191.0,BUL,33.8,200473,,WC,Valentin Vacherot,R,193.0,MON,26.3,4-6 6-3 6-1,3,R32,111.0,4.0,3.0,79.0,45.0,31.0,16.0,13.0,7.0,11.0,0.0,1.0,75.0,56.0,30.0,5.0,13.0,3.0,10.0,18.0,2495.0,255.0,214.0,sackmann_archive_2025
2025-0410,Monte Carlo Masters,Clay,56,M,2025-04-07,352,106421,9.0,,Daniil Medvedev,R,198.0,RUS,29.1,124186,,,Alexandre Muller,R,183.0,FRA,28.1,7-6(6) 5-7 6-2,3,R32,168.0,7.0,8.0,103.0,58.0,42.0,19.0,16.0,2.0,6.0,1.0,4.0,122.0,69.0,42.0,26.0,16.0,5.0,10.0,11.0,3290.0,39.0,1344.0,sackmann_archive_2025
2025-0410,Monte Carlo Masters,Clay,56,M,2025-04-07,351,200282,8.0,,Alex De Minaur,R,183.0,AUS,26.1,207830,,,Tomas Machac,R,183.0,CZE,24.4,3-6 6-0 6-3,3,R32,108.0,3.0,2.0,80.0,42.0,33.0,20.0,12.0,4.0,5.0,5.0,3.0,75.0,47.0,33.0,10.0,12.0,1.0,5.0,10.0,3335.0,21.0,2210.0,sackmann_archive_2025
2025-0410,Monte Carlo Masters,Clay,56,M,2025-04-07,350,207733,5.0,,Jack Draper,L,193.0,GBR,23.2,106218,,,Marcos Giron,R,180.0,USA,31.7,6-1 6-1,3,R32,61.0,5.0,2.0,43.0,27.0,22.0,9.0,7.0,4.0,4.0,0.0,0.0,46.0,21.0,14.0,6.0,7.0,5.0,10.0,6.0,3780.0,45.0,1200.0,sackmann_archive_2025
2025-0410,Monte Carlo Masters,Clay,56,M,2025-04-07,349,200221,,,Alejandro Davidovich Fokina,R,183.0,ESP,25.8,144869,,,Tomas Martin Etcheverry,R,196.0,ARG,25.7,7-6(2) 6-3,3,R32,113.0,4.0,2.0,70.0,41.0,31.0,17.0,10.0,7.0,8.0,6.0,2.0,82.0,44.0,28.0,17.0,11.0,6.0,9.0,42.0,1305.0,46.0,1185.0,sackmann_archive_2025
2025-0410,Monte Carlo Masters,Clay,56,M,2025-04-07,348,200615,,,Alexei Popyrin,R,196.0,AUS,25.6,126207,14.0,,Frances Tiafoe,R,188.0,USA,27.2,3-6 6-3 6-3,3,R32,124.0,7.0,6.0,79.0,52.0,35.0,9.0,13.0,4.0,8.0,7.0,2.0,99.0,51.0,32.0,23.0,14.0,10.0,16.0,27.0,1760.0,17.0,2525.0,sackmann_archive_2025
2025-0410,Monte Carlo Masters,Clay,56,M,2025-04-07,347,134770,4.0,,Casper Ruud,R,183.0,NOR,26.2,105138,,,Roberto Bautista Agut,R,183.0,ESP,36.9,6-2 6-1,3,R32,68.0,6.0,0.0,39.0,29.0,25.0,7.0,8.0,0.0,0.0,0.0,1.0,51.0,31.0,15.0,9.0,7.0,4.0,8.0,7.0,3765.0,52.0,1049.0,sackmann_archive_2025
2025-0410,Monte Carlo Masters,Clay,56,M,2025-04-07,346,126094,7.0,,Andrey Rublev,R,188.0,RUS,27.4,104792,,,Gael Monfils,R,193.0,FRA,38.5,6-4 7-6(2),3,R32,103.0,5.0,1.0,66.0,36.0,26.0,19.0,11.0,3.0,5.0,10.0,6.0,77.0,41.0,33.0,12.0,11.0,5.0,8.0,9.0,3440.0,44.0,1255.0,sackmann_archive_2025
2025-0410,Monte Carlo Masters,Clay,56,M,2025-04-07,345,209950,12.0,,Arthur Fils,R,185.0,FRA,20.8,207925,,,Flavio Cobolli,R,183.0,ITA,22.9,6-2 6-4,3,R32,70.0,1.0,1.0,53.0,32.0,24.0,14.0,9.0,2.0,2.0,0.0,2.0,54.0,28.0,15.0,15.0,9.0,5.0,8.0,15.0,2670.0,36.0,1500.0,sackmann_archive_2025
2025-0410,Monte Carlo Masters,Clay,56,M,2025-04-07,344,127157,,Q,Daniel Altmaier,R,188.0,GER,26.5,104755,,WC,Richard Gasquet,R,183.0,FRA,38.8,7-5 5-7 6-2,3,R32,156.0,6.0,4.0,104.0,55.0,43.0,18.0,16.0,8.0,13.0,1.0,6.0,89.0,48.0,30.0,19.0,16.0,4.0,11.0,84.0,763.0,164.0,354.0,sackmann_archive_2025
2025-0410,Monte Carlo Masters,Clay,56,M,2025-04-07,343,207989,2.0,,Carlos Alcaraz,R,183.0,ESP,21.9,202103,,,Francisco Cerundolo,R,185.0,ARG,26.6,3-6 6-0 6-1,3,R32,98.0,1.0,3.0,76.0,41.0,28.0,19.0,11.0,5.0,7.0,2.0,5.0,55.0,33.0,17.0,9.0,11.0,2.0,8.0,3.0,6720.0,22.0,2075.0,sackmann_archive_2025
2025-0410,Monte Carlo Masters,Clay,56,M,2025-04-07,342,126610,,,Matteo Berrettini,R,196.0,ITA,28.9,208363,,Q,Mariano Navone,R,178.0,ARG,24.1,6-4 6-4,3,R64,106.0,2.0,4.0,69.0,44.0,29.0,9.0,10.0,4.0,7.0,0.0,2.0,66.0,43.0,24.0,9.0,10.0,6.0,11.0,34.0,1530.0,70.0,850.0,sackmann_archive_2025
2025-0410,Monte Carlo Masters,Clay,56,M,2025-04-07,341,208103,,,Jiri Lehecka,R,185.0,CZE,23.4,200624,,,Sebastian Korda,R,196.0,USA,24.7,6-3 7-6(7),3,R64,86.0,5.0,0.0,65.0,41.0,36.0,13.0,11.0,1.0,2.0,5.0,1.0,68.0,48.0,31.0,14.0,10.0,1.0,3.0,28.0,1745.0,24.0,2010.0,sackmann_archive_2025
2025-0410,Monte Carlo Masters,Clay,56,M,2025-04-07,340,207518,13.0,,Lorenzo Musetti,R,185.0,ITA,23.0,207352,,Q,Bu Yunchaokete,R,185.0,CHN,23.2,4-6 7-5 6-3,3,R64,159.0,1.0,1.0,90.0,69.0,49.0,11.0,16.0,0.0,2.0,4.0,3.0,101.0,56.0,39.0,22.0,15.0,3.0,6.0,16.0,2650.0,67.0,873.0,sackmann_archive_2025
2025-0410,Monte Carlo Masters,Clay,56,M,2025-04-07,339,132686,,,Nuno Borges,R,185.0,POR,28.1,208029,10.0,,Holger Rune,R,188.0,DEN,21.9,6-2 3-0 RET,3,R64,42.0,6.0,0.0,37.0,27.0,22.0,4.0,6.0,2.0,2.0,0.0,2.0,30.0,16.0,11.0,3.0,5.0,1.0,4.0,43.0,1280.0,12.0,3270.0,sackmann_archive_2025
2025-0410,Monte Carlo Masters,Clay,56,M,2025-04-07,338,124079,,,Pedro Martinez,R,185.0,ESP,27.9,132283,,,Lorenzo Sonego,R,191.0,ITA,29.9,6-4 1-6 6-2,3,R64,133.0,0.0,1.0,66.0,51.0,36.0,7.0,12.0,1.0,3.0,7.0,4.0,87.0,53.0,41.0,12.0,13.0,8.0,11.0,51.0,1090.0,41.0,1336.0,sackmann_archive_2025
2025-0410,Monte Carlo Masters,Clay,56,M,2025-04-07,337,111442,,,Jordan Thompson,R,183.0,AUS,30.9,208659,,,Giovanni Mpetshi Perricard,R,203.0,FRA,21.7,6-4 6-3,3,R64,92.0,1.0,1.0,49.0,29.0,22.0,15.0,9.0,0.0,0.0,9.0,4.0,81.0,53.0,30.0,17.0,10.0,10.0,13.0,38.0,1365.0,30.0,1644.0,sackmann_archive_2025
2025-0410,Monte Carlo Masters,Clay,56,M,2025-04-07,336,126214,,,Alejandro Tabilo,L,188.0,CHI,27.8,104527,,WC,Stan Wawrinka,R,183.0,SUI,40.0,1-6 7-5 7-5,3,R64,147.0,3.0,5.0,101.0,57.0,38.0,19.0,15.0,7.0,12.0,8.0,4.0,115.0,68.0,42.0,24.0,16.0,8.0,13.0,32.0,1575.0,163.0,355.0,sackmann_archive_2025
2025-0410,Monte Carlo Masters,Clay,56,M,2025-04-07,335,200473,,WC,Valentin Vacherot,R,193.0,MON,26.3,105526,,,Jan Lennard Struff,R,193.0,GER,34.9,6-2 6-1,3,R64,58.0,5.0,0.0,41.0,27.0,23.0,9.0,8.0,0.0,0.0,3.0,3.0,48.0,31.0,16.0,7.0,7.0,6.0,10.0,255.0,214.0,49.0,1120.0,sackmann_archive_2025
2025-0410,Monte Carlo Masters,Clay,56,M,2025-04-07,334,105777,15.0,,Grigor Dimitrov,R,191.0,BUL,33.8,111797,,,Nicolas Jarry,R,201.0,CHI,29.4,6-3 6-4,3,R64,106.0,1.0,4.0,75.0,39.0,28.0,17.0,10.0,7.0,9.0,4.0,3.0,63.0,41.0,22.0,12.0,9.0,8.0,12.0,18.0,2495.0,58.0,965.0,sackmann_archive_2025
2025-0410,Monte Carlo Masters,Clay,56,M,2025-04-07,333,106421,9.0,,Daniil Medvedev,R,198.0,RUS,29.1,111575,,,Karen Khachanov,R,198.0,RUS,28.8,7-5 4-6 6-4,3,R64,172.0,4.0,5.0,96.0,48.0,35.0,16.0,16.0,8.0,16.0,1.0,2.0,119.0,85.0,44.0,13.0,16.0,11.0,20.0,11.0,3290.0,25.0,1950.0,sackmann_archive_2025
2025-0410,Monte Carlo Masters,Clay,56,M,2025-04-07,332,124186,,,Alexandre Muller,R,183.0,FRA,28.1,200116,,Q,Camilo Ugo Carabelli,R,185.0,ARG,25.8,6-4 6-4,3,R64,92.0,2.0,2.0,63.0,42.0,31.0,14.0,10.0,3.0,3.0,0.0,2.0,63.0,40.0,28.0,11.0,10.0,2.0,4.0,39.0,1344.0,63.0,917.0,sackmann_archive_2025
2025-0410,Monte Carlo Masters,Clay,56,M,2025-04-07,331,207830,,,Tomas Machac,R,183.0,CZE,24.4,202104,,,Sebastian Baez,R,170.0,ARG,24.2,3-6 6-3 6-2,3,R64,114.0,4.0,3.0,85.0,45.0,31.0,15.0,13.0,5.0,10.0,2.0,2.0,78.0,54.0,30.0,9.0,13.0,5.0,12.0,21.0,2210.0,33.0,1540.0,sackmann_archive_2025
2025-0410,Monte Carlo Masters,Clay,56,M,2025-04-07,330,106218,,,Marcos Giron,R,180.0,USA,31.7,133430,,,Denis Shapovalov,L,185.0,CAN,25.9,6-3 7-6(5),3,R64,108.0,1.0,0.0,95.0,54.0,33.0,25.0,11.0,5.0,6.0,6.0,4.0,60.0,31.0,23.0,16.0,10.0,0.0,2.0,45.0,1200.0,29.0,1716.0,sackmann_archive_2025
2025-0410,Monte Carlo Masters,Clay,56,M,2025-04-07,329,144869,,,Tomas Martin Etcheverry,R,196.0,ARG,25.7,144895,,Q,Corentin Moutet,L,180.0,FRA,25.9,4-6 6-1 6-4,3,R64,140.0,3.0,2.0,80.0,52.0,37.0,17.0,14.0,5.0,7.0,2.0,2.0,84.0,49.0,31.0,18.0,13.0,3.0,7.0,46.0,1185.0,75.0,809.0,sackmann_archive_2025
2025-0410,Monte Carlo Masters,Clay,56,M,2025-04-07,328,200221,,,Alejandro Davidovich Fokina,R,183.0,ESP,25.8,210097,11.0,,Ben Shelton,L,193.0,USA,22.4,6-7(2) 6-2 6-1,3,R64,120.0,2.0,0.0,90.0,52.0,30.0,23.0,14.0,3.0,7.0,5.0,3.0,74.0,48.0,24.0,10.0,13.0,3.0,11.0,42.0,1305.0,14.0,2690.0,sackmann_archive_2025
2025-0410,Monte Carlo Masters,Clay,56,M,2025-04-07,327,126207,14.0,,Frances Tiafoe,R,188.0,USA,27.2,200175,,,Miomir Kecmanovic,R,183.0,SRB,25.6,6-2 5-7 7-6(5),3,R64,151.0,7.0,3.0,109.0,62.0,41.0,26.0,16.0,5.0,8.0,6.0,4.0,112.0,62.0,41.0,26.0,16.0,7.0,11.0,17.0,2525.0,47.0,1166.0,sackmann_archive_2025
2025-0410,Monte Carlo Masters,Clay,56,M,2025-04-07,326,200615,,,Alexei Popyrin,R,196.0,AUS,25.6,200005,,,Ugo Humbert,L,188.0,FRA,26.7,3-6 7-6(2) 6-4,3,R64,170.0,3.0,6.0,107.0,68.0,52.0,19.0,15.0,5.0,6.0,7.0,3.0,116.0,67.0,50.0,25.0,16.0,8.0,9.0,27.0,1760.0,20.0,2335.0,sackmann_archive_2025
2025-0410,Monte Carlo Masters,Clay,56,M,2025-04-07,325,105138,,,Roberto Bautista Agut,R,183.0,ESP,36.9,206909,,,Brandon Nakashima,R,188.0,USA,23.6,6-2 6-4,3,R64,86.0,3.0,2.0,58.0,42.0,31.0,8.0,9.0,3.0,4.0,1.0,0.0,53.0,35.0,19.0,7.0,9.0,4.0,8.0,52.0,1049.0,31.0,1620.0,sackmann_archive_2025
2025-0410,Monte Carlo Masters,Clay,56,M,2025-04-07,324,104792,,,Gael Monfils,R,193.0,FRA,38.5,206681,,Q,Fabian Marozsan,R,193.0,HUN,25.4,4-6 6-1 6-1,3,R64,102.0,4.0,3.0,72.0,39.0,30.0,20.0,12.0,4.0,5.0,2.0,3.0,81.0,53.0,32.0,11.0,12.0,9.0,14.0,44.0,1255.0,81.0,775.0,sackmann_archive_2025
2025-0410,Monte Carlo Masters,Clay,56,M,2025-04-07,323,207925,,,Flavio Cobolli,R,183.0,ITA,22.9,105583,,Q,Dusan Lajovic,R,183.0,SRB,34.7,6-4 6-2,3,R64,73.0,2.0,3.0,54.0,28.0,19.0,14.0,9.0,1.0,3.0,3.0,1.0,57.0,42.0,20.0,7.0,9.0,5.0,10.0,36.0,1500.0,109.0,570.0,sackmann_archive_2025
2025-0410,Monte Carlo Masters,Clay,56,M,2025-04-07,322,209950,12.0,,Arthur Fils,R,185.0,FRA,20.8,134868,,,Tallon Griekspoor,R,188.0,NED,28.7,6-7(3) 6-4 6-2,3,R64,159.0,7.0,6.0,111.0,69.0,54.0,23.0,15.0,5.0,5.0,6.0,7.0,120.0,75.0,55.0,18.0,15.0,13.0,16.0,15.0,2670.0,35.0,1525.0,sackmann_archive_2025
2025-0410,Monte Carlo Masters,Clay,56,M,2025-04-07,321,127157,,Q,Daniel Altmaier,R,188.0,GER,26.5,200000,16.0,,Felix Auger Aliassime,R,193.0,CAN,24.6,7-6(5) 6-3,3,R64,119.0,6.0,0.0,79.0,50.0,37.0,11.0,11.0,6.0,9.0,4.0,3.0,70.0,50.0,33.0,7.0,10.0,5.0,9.0,84.0,763.0,19.0,2415.0,sackmann_archive_2025
2025-0410,Monte Carlo Masters,Clay,56,M,2025-04-07,320,104755,,WC,Richard Gasquet,R,183.0,FRA,38.8,208286,,,Matteo Arnaldi,R,185.0,ITA,24.1,6-3 4-6 6-4,3,R64,154.0,1.0,5.0,99.0,48.0,34.0,29.0,14.0,8.0,11.0,5.0,3.0,95.0,50.0,34.0,21.0,15.0,5.0,10.0,164.0,354.0,40.0,1340.0,sackmann_archive_2025
2025-0410,Monte Carlo Masters,Clay,56,M,2025-04-07,319,202103,,,Francisco Cerundolo,R,185.0,ARG,26.6,104926,,WC,Fabio Fognini,R,178.0,ITA,37.8,6-0 6-3,3,R64,62.0,4.0,0.0,37.0,27.0,22.0,8.0,7.0,2.0,2.0,0.0,6.0,59.0,31.0,16.0,12.0,8.0,3.0,8.0,22.0,2075.0,113.0,544.0,sackmann_archive_2025
2025-0425,Barcelona,Clay,32,A,2025-04-14,385,208029,6.0,,Holger Rune,R,188.0,DEN,21.9,207989,1.0,,Carlos Alcaraz,R,183.0,ESP,21.9,7-6(6) 6-2,3,F,100.0,0.0,1.0,72.0,52.0,36.0,11.0,10.0,4.0,5.0,1.0,0.0,57.0,40.0,26.0,9.0,10.0,2.0,5.0,13.0,3080.0,2.0,7720.0,sackmann_archive_2025
2025-0425,Barcelona,Clay,32,A,2025-04-14,384,207989,1.0,,Carlos Alcaraz,R,183.0,ESP,21.9,209950,7.0,,Arthur Fils,R,185.0,FRA,20.8,6-2 6-4,3,SF,75.0,2.0,2.0,53.0,39.0,30.0,9.0,9.0,1.0,1.0,3.0,4.0,56.0,36.0,21.0,10.0,9.0,2.0,5.0,2.0,7720.0,14.0,2820.0,sackmann_archive_2025
2025-0425,Barcelona,Clay,32,A,2025-04-14,383,208029,6.0,,Holger Rune,R,188.0,DEN,21.9,111575,,,Karen Khachanov,R,198.0,RUS,28.8,6-3 6-2,3,SF,67.0,2.0,1.0,43.0,30.0,22.0,11.0,8.0,0.0,0.0,0.0,2.0,47.0,28.0,13.0,11.0,9.0,2.0,6.0,13.0,3080.0,27.0,1760.0,sackmann_archive_2025
2025-0425,Barcelona,Clay,32,A,2025-04-14,382,207989,1.0,,Carlos Alcaraz,R,183.0,ESP,21.9,200282,5.0,,Alex De Minaur,R,183.0,AUS,26.1,7-5 6-3,3,QF,99.0,0.0,2.0,62.0,43.0,31.0,9.0,11.0,1.0,3.0,1.0,6.0,77.0,40.0,23.0,19.0,10.0,4.0,8.0,2.0,7720.0,7.0,3535.0,sackmann_archive_2025
2025-0425,Barcelona,Clay,32,A,2025-04-14,381,209950,7.0,,Arthur Fils,R,185.0,FRA,20.8,126774,3.0,,Stefanos Tsitsipas,R,193.0,GRE,26.6,2-0 RET,3,QF,17.0,0.0,0.0,6.0,4.0,3.0,1.0,1.0,0.0,0.0,0.0,1.0,10.0,5.0,2.0,1.0,1.0,1.0,2.0,14.0,2820.0,16.0,2645.0,sackmann_archive_2025
2025-0425,Barcelona,Clay,32,A,2025-04-14,380,111575,,,Karen Khachanov,R,198.0,RUS,28.8,200221,,,Alejandro Davidovich Fokina,R,183.0,ESP,25.8,6-4 7-5,3,QF,105.0,6.0,1.0,71.0,45.0,30.0,12.0,11.0,7.0,10.0,4.0,1.0,68.0,40.0,25.0,14.0,11.0,7.0,12.0,27.0,1760.0,30.0,1680.0,sackmann_archive_2025
2025-0425,Barcelona,Clay,32,A,2025-04-14,379,208029,6.0,,Holger Rune,R,188.0,DEN,21.9,134770,2.0,,Casper Ruud,R,183.0,NOR,26.3,6-4 6-2,3,QF,87.0,0.0,2.0,55.0,29.0,23.0,13.0,9.0,3.0,4.0,2.0,3.0,58.0,30.0,18.0,13.0,9.0,3.0,7.0,13.0,3080.0,10.0,3215.0,sackmann_archive_2025
2025-0425,Barcelona,Clay,32,A,2025-04-14,378,207989,1.0,,Carlos Alcaraz,R,183.0,ESP,21.9,111513,,Q,Laslo Djere,R,188.0,SRB,29.8,6-2 6-4,3,R16,71.0,4.0,0.0,49.0,35.0,27.0,8.0,9.0,2.0,3.0,2.0,3.0,50.0,31.0,18.0,7.0,9.0,2.0,6.0,2.0,7720.0,80.0,797.0,sackmann_archive_2025
2025-0425,Barcelona,Clay,32,A,2025-04-14,377,200282,5.0,,Alex De Minaur,R,183.0,AUS,26.1,207985,,LL,Jacob Fearnley,R,183.0,GBR,23.7,6-1 6-2,3,R16,62.0,2.0,2.0,45.0,23.0,20.0,13.0,8.0,2.0,2.0,0.0,4.0,42.0,17.0,10.0,11.0,7.0,3.0,7.0,7.0,3535.0,74.0,820.0,sackmann_archive_2025
2025-0425,Barcelona,Clay,32,A,2025-04-14,376,126774,3.0,,Stefanos Tsitsipas,R,193.0,GRE,26.6,200624,,,Sebastian Korda,R,196.0,USA,24.7,7-6(4) 6-4,3,R16,97.0,1.0,3.0,67.0,38.0,28.0,22.0,11.0,0.0,0.0,5.0,2.0,77.0,44.0,33.0,20.0,11.0,6.0,7.0,16.0,2645.0,24.0,1970.0,sackmann_archive_2025
2025-0425,Barcelona,Clay,32,A,2025-04-14,375,209950,7.0,,Arthur Fils,R,185.0,FRA,20.8,124079,,,Pedro Martinez,R,185.0,ESP,27.9,6-3 6-2,3,R16,68.0,5.0,0.0,51.0,25.0,20.0,18.0,9.0,1.0,1.0,2.0,3.0,48.0,36.0,21.0,7.0,8.0,2.0,5.0,14.0,2820.0,49.0,1130.0,sackmann_archive_2025
2025-0425,Barcelona,Clay,32,A,2025-04-14,374,111575,,,Karen Khachanov,R,198.0,RUS,28.8,144719,,,Jaume Munar,R,183.0,ESP,27.9,7-5 6-4,3,R16,128.0,1.0,2.0,71.0,40.0,29.0,15.0,11.0,4.0,6.0,1.0,3.0,84.0,50.0,32.0,15.0,11.0,11.0,15.0,27.0,1760.0,57.0,977.0,sackmann_archive_2025
2025-0425,Barcelona,Clay,32,A,2025-04-14,373,200221,,,Alejandro Davidovich Fokina,R,183.0,ESP,25.8,126094,4.0,,Andrey Rublev,R,188.0,RUS,27.4,7-5 6-4,3,R16,114.0,1.0,4.0,86.0,63.0,38.0,11.0,11.0,8.0,11.0,0.0,2.0,73.0,44.0,28.0,11.0,11.0,5.0,10.0,30.0,1680.0,8.0,3490.0,sackmann_archive_2025
2025-0425,Barcelona,Clay,32,A,2025-04-14,372,208029,6.0,,Holger Rune,R,188.0,DEN,21.9,202104,,,Sebastian Baez,R,170.0,ARG,24.2,4-6 6-1 6-2,3,R16,108.0,1.0,2.0,80.0,53.0,33.0,14.0,13.0,7.0,10.0,1.0,1.0,73.0,55.0,32.0,7.0,12.0,5.0,11.0,13.0,3080.0,35.0,1540.0,sackmann_archive_2025
2025-0425,Barcelona,Clay,32,A,2025-04-14,371,134770,2.0,,Casper Ruud,R,183.0,NOR,26.3,209098,,Q,Hamad Medjedovic,R,188.0,SRB,21.7,7-5 7-5,3,R16,128.0,3.0,5.0,93.0,55.0,34.0,21.0,12.0,9.0,11.0,4.0,1.0,89.0,59.0,37.0,13.0,12.0,6.0,10.0,10.0,3215.0,72.0,843.0,sackmann_archive_2025
2025-0425,Barcelona,Clay,32,A,2025-04-14,370,207989,1.0,,Carlos Alcaraz,R,183.0,ESP,21.9,210319,,Q,Ethan Quinn,R,191.0,USA,21.0,6-2 7-6(6),3,R32,106.0,0.0,0.0,66.0,46.0,30.0,9.0,10.0,5.0,8.0,2.0,3.0,83.0,51.0,27.0,11.0,10.0,7.0,12.0,2.0,7720.0,126.0,475.0,sackmann_archive_2025
2025-0425,Barcelona,Clay,32,A,2025-04-14,369,111513,,Q,Laslo Djere,R,188.0,SRB,29.8,126239,,LL,Arthur Rinderknech,R,196.0,FRA,29.7,6-7(2) 6-1 6-2,3,R32,127.0,6.0,3.0,77.0,52.0,39.0,17.0,14.0,2.0,3.0,5.0,5.0,88.0,52.0,36.0,15.0,13.0,2.0,7.0,80.0,797.0,75.0,815.0,sackmann_archive_2025
2025-0425,Barcelona,Clay,32,A,2025-04-14,368,207985,,LL,Jacob Fearnley,R,183.0,GBR,23.7,106148,,,Roberto Carballes Baena,R,183.0,ESP,32.0,6-1 7-5,3,R32,113.0,4.0,1.0,69.0,40.0,26.0,15.0,9.0,7.0,9.0,2.0,2.0,71.0,38.0,19.0,14.0,10.0,10.0,16.0,74.0,820.0,55.0,1001.0,sackmann_archive_2025
2025-0425,Barcelona,Clay,32,A,2025-04-14,367,200282,5.0,,Alex De Minaur,R,183.0,AUS,26.1,144869,,,Tomas Martin Etcheverry,R,196.0,ARG,25.7,6-4 6-4,3,R32,85.0,4.0,1.0,52.0,40.0,33.0,7.0,10.0,0.0,0.0,0.0,0.0,50.0,26.0,21.0,15.0,10.0,0.0,2.0,7.0,3535.0,46.0,1185.0,sackmann_archive_2025
2025-0425,Barcelona,Clay,32,A,2025-04-14,366,126774,3.0,,Stefanos Tsitsipas,R,193.0,GRE,26.6,124187,,PR,Reilly Opelka,R,211.0,USA,27.6,6-2 6-2,3,R32,70.0,2.0,1.0,48.0,24.0,18.0,18.0,8.0,3.0,3.0,4.0,3.0,54.0,33.0,19.0,7.0,8.0,5.0,9.0,16.0,2645.0,105.0,579.0,sackmann_archive_2025
2025-0425,Barcelona,Clay,32,A,2025-04-14,365,200624,,,Sebastian Korda,R,196.0,USA,24.7,208286,,,Matteo Arnaldi,R,185.0,ITA,24.1,3-6 6-3 6-2,3,R32,116.0,5.0,2.0,75.0,52.0,36.0,15.0,13.0,4.0,6.0,0.0,0.0,74.0,46.0,29.0,16.0,13.0,2.0,6.0,24.0,1970.0,42.0,1340.0,sackmann_archive_2025
2025-0425,Barcelona,Clay,32,A,2025-04-14,364,124079,,,Pedro Martinez,R,185.0,ESP,27.9,206909,,,Brandon Nakashima,R,188.0,USA,23.6,7-5 5-7 6-4,3,R32,198.0,2.0,2.0,117.0,79.0,53.0,19.0,17.0,2.0,4.0,11.0,1.0,114.0,72.0,48.0,22.0,17.0,3.0,6.0,49.0,1130.0,32.0,1620.0,sackmann_archive_2025
2025-0425,Barcelona,Clay,32,A,2025-04-14,363,209950,7.0,,Arthur Fils,R,185.0,FRA,20.8,105807,,WC,Pablo Carreno Busta,R,188.0,ESP,33.7,7-6(6) 6-3,3,R32,93.0,4.0,1.0,71.0,52.0,38.0,13.0,11.0,3.0,4.0,2.0,2.0,64.0,40.0,27.0,12.0,10.0,2.0,4.0,14.0,2820.0,99.0,607.0,sackmann_archive_2025
2025-0425,Barcelona,Clay,32,A,2025-04-14,362,144719,,,Jaume Munar,R,183.0,ESP,27.9,126207,9.0,,Frances Tiafoe,R,188.0,USA,27.2,2-6 7-5 6-1,3,R32,161.0,3.0,4.0,93.0,53.0,35.0,20.0,13.0,6.0,9.0,0.0,2.0,94.0,52.0,33.0,17.0,14.0,9.0,14.0,57.0,977.0,18.0,2550.0,sackmann_archive_2025
2025-0425,Barcelona,Clay,32,A,2025-04-14,361,111575,,,Karen Khachanov,R,198.0,RUS,28.8,111815,,Q,Cameron Norrie,L,188.0,GBR,29.6,6-7(3) 6-4 6-3,3,R32,138.0,6.0,2.0,87.0,50.0,40.0,21.0,16.0,2.0,5.0,7.0,1.0,105.0,71.0,48.0,11.0,15.0,7.0,12.0,27.0,1760.0,88.0,742.0,sackmann_archive_2025
2025-0425,Barcelona,Clay,32,A,2025-04-14,360,200221,,,Alejandro Davidovich Fokina,R,183.0,ESP,25.8,104527,,WC,Stan Wawrinka,R,183.0,SUI,40.0,6-1 6-4,3,R32,71.0,3.0,4.0,48.0,28.0,22.0,10.0,8.0,4.0,5.0,0.0,4.0,57.0,23.0,15.0,13.0,9.0,2.0,7.0,30.0,1680.0,162.0,355.0,sackmann_archive_2025
2025-0425,Barcelona,Clay,32,A,2025-04-14,359,126094,4.0,,Andrey Rublev,R,188.0,RUS,27.4,207411,,Q,Jesper De Jong,R,180.0,NED,24.8,6-1 6-3,3,R32,64.0,3.0,1.0,42.0,22.0,17.0,12.0,8.0,1.0,2.0,2.0,3.0,48.0,29.0,14.0,8.0,8.0,1.0,6.0,8.0,3490.0,94.0,622.0,sackmann_archive_2025
2025-0425,Barcelona,Clay,32,A,2025-04-14,358,208029,6.0,,Holger Rune,R,188.0,DEN,21.9,105077,,WC,Albert Ramos,L,188.0,ESP,37.2,7-5 6-4,3,R32,100.0,4.0,1.0,71.0,47.0,34.0,14.0,11.0,3.0,4.0,1.0,3.0,68.0,41.0,28.0,12.0,11.0,4.0,7.0,13.0,3080.0,234.0,242.0,sackmann_archive_2025
2025-0425,Barcelona,Clay,32,A,2025-04-14,357,202104,,,Sebastian Baez,R,170.0,ARG,24.2,106000,,LL,Damir Dzumhur,R,175.0,BIH,32.9,6-1 7-5,3,R32,86.0,1.0,0.0,61.0,51.0,31.0,5.0,10.0,4.0,6.0,0.0,1.0,69.0,46.0,19.0,14.0,9.0,4.0,9.0,35.0,1540.0,65.0,899.0,sackmann_archive_2025
2025-0425,Barcelona,Clay,32,A,2025-04-14,356,209098,,Q,Hamad Medjedovic,R,188.0,SRB,21.7,208659,,,Giovanni Mpetshi Perricard,R,203.0,FRA,21.7,7-5 7-6(6),3,R32,106.0,5.0,0.0,67.0,47.0,38.0,16.0,12.0,2.0,2.0,8.0,6.0,91.0,65.0,47.0,12.0,12.0,4.0,5.0,72.0,843.0,34.0,1579.0,sackmann_archive_2025
2025-0425,Barcelona,Clay,32,A,2025-04-14,355,134770,2.0,,Casper Ruud,R,183.0,NOR,26.3,123755,,Q,Daniel Elahi Galan,R,191.0,COL,28.8,6-4 6-3,3,R32,93.0,3.0,4.0,52.0,27.0,21.0,19.0,10.0,0.0,0.0,2.0,3.0,62.0,40.0,28.0,10.0,9.0,5.0,7.0,10.0,3215.0,117.0,521.0,sackmann_archive_2025
2025-0308,Munich,Clay,32,A,2025-04-14,385,100644,1.0,,Alexander Zverev,R,198.0,GER,27.9,210097,2.0,,Ben Shelton,L,193.0,USA,22.5,6-2 6-4,3,F,71.0,4.0,5.0,48.0,37.0,33.0,4.0,9.0,0.0,0.0,3.0,3.0,50.0,32.0,23.0,7.0,9.0,1.0,4.0,3.0,7595.0,15.0,2700.0,sackmann_archive_2025
2025-0308,Munich,Clay,32,A,2025-04-14,384,100644,1.0,,Alexander Zverev,R,198.0,GER,27.9,206681,,,Fabian Marozsan,R,193.0,HUN,25.5,7-6(3) 6-3,3,SF,91.0,9.0,2.0,69.0,47.0,35.0,13.0,11.0,0.0,1.0,1.0,3.0,62.0,34.0,23.0,17.0,10.0,1.0,3.0,3.0,7595.0,77.0,805.0,sackmann_archive_2025
2025-0308,Munich,Clay,32,A,2025-04-14,383,210097,2.0,,Ben Shelton,L,193.0,USA,22.5,202103,5.0,,Francisco Cerundolo,R,185.0,ARG,26.6,2-6 7-6(7) 6-4,3,SF,127.0,6.0,6.0,94.0,53.0,36.0,23.0,15.0,1.0,5.0,1.0,4.0,90.0,58.0,37.0,21.0,15.0,2.0,5.0,15.0,2700.0,22.0,2075.0,sackmann_archive_2025
2025-0308,Munich,Clay,32,A,2025-04-14,382,100644,1.0,,Alexander Zverev,R,198.0,GER,27.9,134868,,,Tallon Griekspoor,R,188.0,NED,28.7,6-7(6) 7-6(3) 6-4,3,QF,194.0,5.0,3.0,116.0,79.0,58.0,22.0,17.0,5.0,6.0,2.0,3.0,121.0,74.0,52.0,25.0,17.0,5.0,7.0,3.0,7595.0,37.0,1485.0,sackmann_archive_2025
2025-0308,Munich,Clay,32,A,2025-04-14,381,206681,,,Fabian Marozsan,R,193.0,HUN,25.5,200267,,,Zizou Bergs,R,185.0,BEL,25.8,6-3 7-6(4),3,QF,99.0,3.0,2.0,80.0,56.0,38.0,15.0,11.0,1.0,2.0,4.0,2.0,72.0,49.0,32.0,11.0,10.0,2.0,4.0,77.0,805.0,50.0,1071.0,sackmann_archive_2025
2025-0308,Munich,Clay,32,A,2025-04-14,380,202103,5.0,,Francisco Cerundolo,R,185.0,ARG,26.6,105676,,,David Goffin,R,180.0,BEL,34.3,6-2 6-4,3,QF,75.0,2.0,3.0,54.0,28.0,22.0,13.0,9.0,3.0,5.0,1.0,2.0,55.0,39.0,19.0,6.0,9.0,5.0,10.0,22.0,2075.0,52.0,1021.0,sackmann_archive_2025
2025-0308,Munich,Clay,32,A,2025-04-14,379,210097,2.0,,Ben Shelton,L,193.0,USA,22.5,209260,,,Luciano Darderi,R,183.0,ITA,23.1,6-4 6-3,3,QF,73.0,7.0,2.0,55.0,31.0,24.0,14.0,10.0,0.0,1.0,1.0,4.0,55.0,37.0,23.0,9.0,9.0,3.0,6.0,15.0,2700.0,47.0,1154.0,sackmann_archive_2025
2025-0308,Munich,Clay,32,A,2025-04-14,378,100644,1.0,,Alexander Zverev,R,198.0,GER,27.9,127157,,WC,Daniel Altmaier,R,188.0,GER,26.5,6-3 6-2,3,R16,79.0,0.0,0.0,56.0,39.0,31.0,6.0,9.0,1.0,2.0,2.0,0.0,51.0,31.0,19.0,7.0,8.0,2.0,6.0,3.0,7595.0,68.0,867.0,sackmann_archive_2025
2025-0308,Munich,Clay,32,A,2025-04-14,377,134868,,,Tallon Griekspoor,R,188.0,NED,28.7,105870,,WC,Yannick Hanfmann,R,193.0,GER,33.4,7-6(3) 6-3,3,R16,90.0,12.0,1.0,65.0,45.0,33.0,15.0,11.0,2.0,3.0,2.0,0.0,61.0,43.0,31.0,9.0,10.0,1.0,3.0,37.0,1485.0,131.0,453.0,sackmann_archive_2025
2025-0308,Munich,Clay,32,A,2025-04-14,376,206681,,,Fabian Marozsan,R,193.0,HUN,25.5,200005,4.0,,Ugo Humbert,L,188.0,FRA,26.8,6-4 6-4,3,R16,83.0,2.0,1.0,59.0,35.0,25.0,16.0,10.0,3.0,4.0,5.0,2.0,59.0,35.0,25.0,11.0,10.0,4.0,7.0,77.0,805.0,21.0,2145.0,sackmann_archive_2025
2025-0308,Munich,Clay,32,A,2025-04-14,375,200267,,,Zizou Bergs,R,185.0,BEL,25.8,212309,,LL,Diego Dedura Palomero,L,178.0,GER,17.0,6-1 6-1,3,R16,69.0,2.0,4.0,56.0,29.0,22.0,16.0,7.0,2.0,2.0,1.0,0.0,45.0,27.0,12.0,8.0,7.0,3.0,8.0,50.0,1071.0,549.0,67.0,sackmann_archive_2025
2025-0308,Munich,Clay,32,A,2025-04-14,374,202103,5.0,,Francisco Cerundolo,R,185.0,ARG,26.6,207686,,LL,Alexander Shevchenko,R,185.0,KAZ,24.3,6-3 6-2,3,R16,82.0,5.0,3.0,63.0,32.0,26.0,14.0,9.0,9.0,11.0,1.0,2.0,54.0,33.0,13.0,10.0,8.0,3.0,8.0,22.0,2075.0,104.0,585.0,sackmann_archive_2025
2025-0308,Munich,Clay,32,A,2025-04-14,373,105676,,,David Goffin,R,180.0,BEL,34.3,208363,,,Mariano Navone,R,178.0,ARG,24.1,0-6 7-5 6-1,3,R16,134.0,2.0,4.0,85.0,45.0,29.0,21.0,12.0,8.0,12.0,0.0,2.0,81.0,51.0,29.0,17.0,13.0,3.0,8.0,52.0,1021.0,70.0,865.0,sackmann_archive_2025
2025-0308,Munich,Clay,32,A,2025-04-14,372,209260,,,Luciano Darderi,R,183.0,ITA,23.1,200175,,,Miomir Kecmanovic,R,183.0,SRB,25.6,2-6 7-6(4) 6-4,3,R16,149.0,6.0,2.0,98.0,53.0,41.0,22.0,15.0,5.0,9.0,5.0,1.0,107.0,65.0,46.0,21.0,15.0,7.0,10.0,47.0,1154.0,48.0,1141.0,sackmann_archive_2025
2025-0308,Munich,Clay,32,A,2025-04-14,371,210097,2.0,,Ben Shelton,L,193.0,USA,22.5,122298,,LL,Botic Van De Zandschulp,R,191.0,NED,29.5,7-6(1) 6-3,3,R16,89.0,3.0,2.0,59.0,40.0,33.0,11.0,10.0,0.0,1.0,4.0,5.0,68.0,40.0,27.0,14.0,11.0,0.0,3.0,15.0,2700.0,89.0,705.0,sackmann_archive_2025
2025-0308,Munich,Clay,32,A,2025-04-14,370,100644,1.0,,Alexander Zverev,R,198.0,GER,27.9,124186,,,Alexandre Muller,R,183.0,FRA,28.1,6-4 6-1,3,R32,80.0,4.0,2.0,42.0,20.0,15.0,13.0,8.0,0.0,1.0,1.0,1.0,72.0,52.0,28.0,6.0,9.0,6.0,11.0,3.0,7595.0,40.0,1378.0,sackmann_archive_2025
2025-0308,Munich,Clay,32,A,2025-04-14,369,127157,,WC,Daniel Altmaier,R,188.0,GER,26.5,202358,,Q,Chun Hsin Tseng,R,175.0,TPE,23.6,7-6(5) 7-6(5),3,R32,135.0,8.0,0.0,89.0,50.0,42.0,14.0,12.0,8.0,11.0,1.0,1.0,78.0,49.0,33.0,15.0,12.0,0.0,3.0,68.0,867.0,103.0,587.0,sackmann_archive_2025
2025-0308,Munich,Clay,32,A,2025-04-14,368,134868,,,Tallon Griekspoor,R,188.0,NED,28.7,210530,,Q,Learner Tien,L,180.0,USA,19.3,6-4 6-2,3,R32,71.0,7.0,1.0,52.0,37.0,29.0,9.0,9.0,4.0,4.0,0.0,3.0,63.0,39.0,24.0,13.0,9.0,4.0,7.0,37.0,1485.0,69.0,865.0,sackmann_archive_2025
2025-0308,Munich,Clay,32,A,2025-04-14,367,105870,,WC,Yannick Hanfmann,R,193.0,GER,33.4,210150,6.0,,Jakub Mensik,R,193.0,CZE,19.6,7-6(4) 4-6 6-3,3,R32,152.0,8.0,0.0,109.0,73.0,50.0,21.0,16.0,4.0,6.0,13.0,4.0,94.0,48.0,36.0,25.0,15.0,4.0,6.0,131.0,453.0,23.0,2032.0,sackmann_archive_2025
2025-0308,Munich,Clay,32,A,2025-04-14,366,200005,4.0,,Ugo Humbert,L,188.0,FRA,26.8,111797,,,Nicolas Jarry,R,201.0,CHI,29.5,4-6 6-3 6-2,3,R32,140.0,4.0,2.0,74.0,45.0,37.0,15.0,14.0,0.0,2.0,13.0,6.0,104.0,61.0,41.0,20.0,13.0,12.0,16.0,21.0,2145.0,58.0,965.0,sackmann_archive_2025
2025-0308,Munich,Clay,32,A,2025-04-14,365,206681,,,Fabian Marozsan,R,193.0,HUN,25.5,211514,,WC,Justin Engel,U,,GER,17.5,6-4 6-1,3,R32,68.0,5.0,0.0,51.0,34.0,29.0,9.0,9.0,1.0,1.0,6.0,5.0,54.0,34.0,24.0,7.0,8.0,2.0,5.0,77.0,805.0,347.0,146.0,sackmann_archive_2025
2025-0308,Munich,Clay,32,A,2025-04-14,364,200267,,,Zizou Bergs,R,185.0,BEL,25.8,122330,,Q,Alexander Bublik,R,196.0,KAZ,27.8,6-7(5) 6-4 7-5,3,R32,142.0,6.0,6.0,103.0,69.0,51.0,18.0,17.0,1.0,3.0,12.0,9.0,114.0,76.0,52.0,20.0,17.0,8.0,12.0,50.0,1071.0,78.0,805.0,sackmann_archive_2025
2025-0308,Munich,Clay,32,A,2025-04-14,363,212309,,LL,Diego Dedura Palomero,L,178.0,GER,17.0,133430,8.0,,Denis Shapovalov,L,185.0,CAN,25.9,7-6(2) 3-0 RET,3,R32,63.0,0.0,0.0,53.0,39.0,30.0,10.0,8.0,2.0,2.0,5.0,3.0,41.0,27.0,22.0,5.0,7.0,2.0,3.0,549.0,67.0,29.0,1726.0,sackmann_archive_2025
2025-0308,Munich,Clay,32,A,2025-04-14,362,202103,5.0,,Francisco Cerundolo,R,185.0,ARG,26.6,105526,,,Jan Lennard Struff,R,193.0,GER,34.9,6-0 6-2,3,R32,54.0,3.0,4.0,38.0,18.0,17.0,12.0,7.0,1.0,1.0,0.0,0.0,43.0,22.0,12.0,7.0,7.0,1.0,6.0,22.0,2075.0,51.0,1030.0,sackmann_archive_2025
2025-0308,Munich,Clay,32,A,2025-04-14,361,207686,,LL,Alexander Shevchenko,R,185.0,KAZ,24.3,207925,,,Flavio Cobolli,R,183.0,ITA,22.9,6-7(2) 6-3 6-4,3,R32,157.0,5.0,9.0,138.0,89.0,53.0,22.0,16.0,17.0,21.0,2.0,4.0,106.0,48.0,27.0,31.0,15.0,6.0,12.0,104.0,585.0,36.0,1520.0,sackmann_archive_2025
2025-0308,Munich,Clay,32,A,2025-04-14,360,105676,,,David Goffin,R,180.0,BEL,34.3,126129,,LL,Billy Harris,R,193.0,GBR,30.2,6-2 6-7(2) 6-4,3,R32,149.0,6.0,3.0,99.0,49.0,39.0,26.0,15.0,6.0,8.0,1.0,3.0,102.0,56.0,38.0,21.0,15.0,10.0,15.0,52.0,1021.0,106.0,576.0,sackmann_archive_2025
2025-0308,Munich,Clay,32,A,2025-04-14,359,208363,,,Mariano Navone,R,178.0,ARG,24.1,200000,3.0,,Felix Auger Aliassime,R,193.0,CAN,24.6,2-6 6-4 7-6(3),3,R32,182.0,0.0,3.0,121.0,79.0,43.0,26.0,15.0,14.0,19.0,2.0,5.0,104.0,69.0,45.0,18.0,15.0,6.0,10.0,70.0,865.0,19.0,2415.0,sackmann_archive_2025
2025-0308,Munich,Clay,32,A,2025-04-14,358,209260,,,Luciano Darderi,R,183.0,ITA,23.1,106331,,LL,Christopher Oconnell,R,183.0,AUS,30.8,7-6(3) 7-6(3),3,R32,116.0,12.0,2.0,82.0,55.0,42.0,19.0,12.0,3.0,3.0,8.0,1.0,87.0,55.0,40.0,19.0,12.0,2.0,2.0,47.0,1154.0,87.0,745.0,sackmann_archive_2025
2025-0308,Munich,Clay,32,A,2025-04-14,357,200175,,,Miomir Kecmanovic,R,183.0,SRB,25.6,106218,,,Marcos Giron,R,180.0,USA,31.7,6-2 6-7(2) 7-6(9),3,R32,174.0,4.0,2.0,121.0,78.0,55.0,26.0,16.0,4.0,5.0,8.0,3.0,126.0,75.0,54.0,26.0,16.0,10.0,13.0,48.0,1141.0,45.0,1240.0,sackmann_archive_2025
2025-0308,Munich,Clay,32,A,2025-04-14,356,122298,,LL,Botic Van De Zandschulp,R,191.0,NED,29.5,105138,,,Roberto Bautista Agut,R,183.0,ESP,36.9,6-4 3-6 6-4,3,R32,152.0,11.0,4.0,83.0,60.0,46.0,10.0,15.0,1.0,3.0,0.0,1.0,97.0,64.0,42.0,19.0,14.0,9.0,11.0,89.0,705.0,53.0,1019.0,sackmann_archive_2025
2025-0308,Munich,Clay,32,A,2025-04-14,355,210097,2.0,,Ben Shelton,L,193.0,USA,22.5,127339,,Q,Borna Gojo,R,196.0,CRO,27.1,4-6 7-6(6) 7-6(3),3,R32,144.0,9.0,5.0,114.0,62.0,48.0,36.0,17.0,9.0,10.0,14.0,1.0,97.0,68.0,57.0,20.0,17.0,3.0,3.0,15.0,2700.0,410.0,116.0,sackmann_archive_2025
2025-1536,Madrid Masters,Clay,96,M,2025-04-23,369,134770,14.0,,Casper Ruud,R,183.0,NOR,26.3,207733,5.0,,Jack Draper,L,193.0,GBR,23.3,7-5 3-6 6-4,3,F,149.0,9.0,7.0,96.0,57.0,46.0,15.0,16.0,4.0,7.0,6.0,3.0,102.0,65.0,47.0,17.0,15.0,7.0,10.0,15.0,2815.0,6.0,3820.0,sackmann_archive_2025
2025-1536,Madrid Masters,Clay,96,M,2025-04-23,368,134770,14.0,,Casper Ruud,R,183.0,NOR,26.3,202103,20.0,,Francisco Cerundolo,R,185.0,ARG,26.6,6-4 7-5,3,SF,114.0,4.0,3.0,85.0,57.0,36.0,12.0,11.0,15.0,18.0,2.0,3.0,65.0,40.0,27.0,11.0,11.0,4.0,9.0,15.0,2815.0,21.0,2225.0,sackmann_archive_2025
2025-1536,Madrid Masters,Clay,96,M,2025-04-23,367,207733,5.0,,Jack Draper,L,193.0,GBR,23.3,207518,10.0,,Lorenzo Musetti,R,185.0,ITA,23.1,6-3 7-6(4),3,SF,117.0,3.0,1.0,73.0,49.0,38.0,14.0,11.0,2.0,3.0,3.0,2.0,73.0,53.0,37.0,10.0,10.0,4.0,6.0,6.0,3820.0,11.0,3200.0,sackmann_archive_2025
2025-1536,Madrid Masters,Clay,96,M,2025-04-23,366,202103,20.0,,Francisco Cerundolo,R,185.0,ARG,26.6,210150,22.0,,Jakub Mensik,R,193.0,CZE,19.6,3-6 7-6(5) 6-2,3,QF,131.0,7.0,5.0,90.0,57.0,42.0,21.0,14.0,7.0,8.0,11.0,2.0,95.0,62.0,50.0,14.0,15.0,8.0,10.0,21.0,2225.0,23.0,2032.0,sackmann_archive_2025
2025-1536,Madrid Masters,Clay,96,M,2025-04-23,365,134770,14.0,,Casper Ruud,R,183.0,NOR,26.3,106421,9.0,,Daniil Medvedev,R,198.0,RUS,29.1,6-3 7-5,3,QF,100.0,2.0,2.0,62.0,41.0,31.0,14.0,11.0,2.0,2.0,1.0,4.0,78.0,46.0,31.0,16.0,10.0,6.0,8.0,15.0,2815.0,10.0,3290.0,sackmann_archive_2025
2025-1536,Madrid Masters,Clay,96,M,2025-04-23,364,207733,5.0,,Jack Draper,L,193.0,GBR,23.3,208286,,,Matteo Arnaldi,R,185.0,ITA,24.1,6-0 6-4,3,QF,77.0,4.0,1.0,43.0,29.0,22.0,11.0,8.0,0.0,0.0,3.0,1.0,57.0,26.0,14.0,15.0,8.0,6.0,10.0,6.0,3820.0,44.0,1240.0,sackmann_archive_2025
2025-1536,Madrid Masters,Clay,96,M,2025-04-23,363,207518,10.0,,Lorenzo Musetti,R,185.0,ITA,23.1,209113,,LL,Gabriel Diallo,R,203.0,CAN,23.5,6-4 6-3,3,QF,89.0,4.0,0.0,57.0,36.0,28.0,11.0,9.0,4.0,5.0,0.0,1.0,62.0,36.0,26.0,6.0,10.0,2.0,6.0,11.0,3200.0,78.0,791.0,sackmann_archive_2025
2025-1536,Madrid Masters,Clay,96,M,2025-04-23,362,202103,20.0,,Francisco Cerundolo,R,185.0,ARG,26.6,100644,1.0,,Alexander Zverev,R,198.0,GER,28.0,7-5 6-3,3,R16,89.0,1.0,2.0,70.0,42.0,34.0,16.0,11.0,1.0,1.0,1.0,0.0,47.0,38.0,30.0,5.0,10.0,1.0,3.0,21.0,2225.0,2.0,8085.0,sackmann_archive_2025
2025-1536,Madrid Masters,Clay,96,M,2025-04-23,361,210150,22.0,,Jakub Mensik,R,193.0,CZE,19.6,122330,,,Alexander Bublik,R,196.0,KAZ,27.8,6-3 6-2,3,R16,56.0,10.0,1.0,49.0,31.0,24.0,14.0,9.0,3.0,3.0,4.0,1.0,49.0,30.0,20.0,7.0,8.0,1.0,4.0,23.0,2032.0,75.0,820.0,sackmann_archive_2025
2025-1536,Madrid Masters,Clay,96,M,2025-04-23,360,134770,14.0,,Casper Ruud,R,183.0,NOR,26.3,126203,3.0,,Taylor Fritz,R,196.0,USA,27.4,7-5 6-4,3,R16,96.0,3.0,2.0,72.0,45.0,33.0,15.0,11.0,2.0,3.0,6.0,0.0,62.0,41.0,27.0,12.0,11.0,4.0,7.0,15.0,2815.0,4.0,5115.0,sackmann_archive_2025
2025-1536,Madrid Masters,Clay,96,M,2025-04-23,359,106421,9.0,,Daniil Medvedev,R,198.0,RUS,29.1,206909,31.0,,Brandon Nakashima,R,188.0,USA,23.7,3-6 6-1 6-4,3,R16,109.0,7.0,7.0,81.0,49.0,38.0,14.0,13.0,1.0,3.0,6.0,0.0,80.0,60.0,41.0,7.0,13.0,3.0,7.0,10.0,3290.0,32.0,1605.0,sackmann_archive_2025
2025-1536,Madrid Masters,Clay,96,M,2025-04-23,358,207733,5.0,,Jack Draper,L,193.0,GBR,23.3,126205,11.0,,Tommy Paul,R,185.0,USA,27.9,6-2 6-2,3,R16,68.0,4.0,1.0,41.0,21.0,18.0,14.0,8.0,0.0,0.0,0.0,1.0,54.0,34.0,18.0,8.0,8.0,2.0,6.0,6.0,3820.0,12.0,3160.0,sackmann_archive_2025
2025-1536,Madrid Masters,Clay,96,M,2025-04-23,357,208286,,,Matteo Arnaldi,R,185.0,ITA,24.1,126207,16.0,,Frances Tiafoe,R,188.0,USA,27.2,6-3 7-5,3,R16,97.0,6.0,1.0,76.0,40.0,28.0,21.0,11.0,6.0,7.0,7.0,0.0,51.0,32.0,24.0,9.0,10.0,2.0,5.0,44.0,1240.0,17.0,2550.0,sackmann_archive_2025
2025-1536,Madrid Masters,Clay,96,M,2025-04-23,356,207518,10.0,,Lorenzo Musetti,R,185.0,ITA,23.1,200282,6.0,,Alex De Minaur,R,183.0,AUS,26.1,6-4 6-2,3,R16,83.0,3.0,1.0,48.0,33.0,26.0,11.0,9.0,0.0,0.0,1.0,1.0,58.0,35.0,25.0,9.0,9.0,7.0,10.0,11.0,3200.0,7.0,3585.0,sackmann_archive_2025
2025-1536,Madrid Masters,Clay,96,M,2025-04-23,355,209113,,LL,Gabriel Diallo,R,203.0,CAN,23.5,105777,15.0,,Grigor Dimitrov,R,191.0,BUL,33.9,5-7 7-6(7) 6-4,3,R16,142.0,8.0,2.0,97.0,75.0,58.0,14.0,17.0,0.0,1.0,14.0,6.0,94.0,55.0,49.0,22.0,17.0,3.0,4.0,78.0,791.0,16.0,2595.0,sackmann_archive_2025
2025-1536,Madrid Masters,Clay,96,M,2025-04-23,354,100644,1.0,,Alexander Zverev,R,198.0,GER,28.0,200221,28.0,,Alejandro Davidovich Fokina,R,183.0,ESP,25.8,2-6 7-6(3) 7-6(0),3,R32,164.0,11.0,6.0,92.0,64.0,46.0,16.0,16.0,3.0,7.0,2.0,0.0,106.0,71.0,54.0,16.0,16.0,9.0,11.0,2.0,8085.0,29.0,1745.0,sackmann_archive_2025
2025-1536,Madrid Masters,Clay,96,M,2025-04-23,353,202103,20.0,,Francisco Cerundolo,R,185.0,ARG,26.6,207681,,,Francisco Comesana,R,178.0,ARG,24.5,6-4 6-4,3,R32,96.0,4.0,3.0,71.0,55.0,38.0,11.0,10.0,4.0,4.0,1.0,0.0,64.0,41.0,28.0,13.0,10.0,3.0,5.0,21.0,2225.0,70.0,872.0,sackmann_archive_2025
2025-1536,Madrid Masters,Clay,96,M,2025-04-23,352,210150,22.0,,Jakub Mensik,R,193.0,CZE,19.6,210097,12.0,,Ben Shelton,L,193.0,USA,22.5,6-1 6-4,3,R32,68.0,5.0,2.0,43.0,28.0,26.0,6.0,8.0,0.0,0.0,5.0,1.0,59.0,28.0,17.0,15.0,9.0,5.0,9.0,23.0,2032.0,13.0,3020.0,sackmann_archive_2025
2025-1536,Madrid Masters,Clay,96,M,2025-04-23,351,122330,,,Alexander Bublik,R,196.0,KAZ,27.8,126094,7.0,,Andrey Rublev,R,188.0,RUS,27.5,6-4 0-6 6-4,3,R32,82.0,12.0,6.0,71.0,38.0,29.0,18.0,13.0,2.0,5.0,12.0,2.0,67.0,48.0,38.0,11.0,13.0,4.0,6.0,75.0,820.0,8.0,3530.0,sackmann_archive_2025
2025-1536,Madrid Masters,Clay,96,M,2025-04-23,350,126203,3.0,,Taylor Fritz,R,196.0,USA,27.4,126127,,,Benjamin Bonzi,R,183.0,FRA,28.8,4-6 7-5 0-0 RET,3,R32,96.0,6.0,1.0,69.0,45.0,34.0,12.0,11.0,1.0,2.0,1.0,0.0,66.0,51.0,37.0,10.0,11.0,4.0,5.0,4.0,5115.0,62.0,908.0,sackmann_archive_2025
2025-1536,Madrid Masters,Clay,96,M,2025-04-23,349,134770,14.0,,Casper Ruud,R,183.0,NOR,26.3,200624,23.0,,Sebastian Korda,R,196.0,USA,24.7,6-3 6-3,3,R32,70.0,3.0,1.0,58.0,40.0,29.0,10.0,9.0,4.0,5.0,2.0,2.0,52.0,31.0,21.0,8.0,9.0,4.0,8.0,15.0,2815.0,24.0,2020.0,sackmann_archive_2025
2025-1536,Madrid Masters,Clay,96,M,2025-04-23,348,106421,9.0,,Daniil Medvedev,R,198.0,RUS,29.1,207678,,Q,Juan Manuel Cerundolo,L,183.0,ARG,23.4,6-2 6-2,3,R32,63.0,2.0,2.0,45.0,29.0,22.0,11.0,8.0,1.0,1.0,2.0,1.0,42.0,23.0,11.0,9.0,8.0,1.0,5.0,10.0,3290.0,126.0,469.0,sackmann_archive_2025
2025-1536,Madrid Masters,Clay,96,M,2025-04-23,347,206909,31.0,,Brandon Nakashima,R,188.0,USA,23.7,207925,,,Flavio Cobolli,R,183.0,ITA,22.9,7-5 6-3,3,R32,102.0,4.0,0.0,66.0,47.0,35.0,11.0,11.0,3.0,4.0,1.0,4.0,69.0,41.0,28.0,12.0,10.0,5.0,8.0,32.0,1605.0,36.0,1520.0,sackmann_archive_2025
2025-1536,Madrid Masters,Clay,96,M,2025-04-23,346,207733,5.0,,Jack Draper,L,193.0,GBR,23.3,126610,30.0,,Matteo Berrettini,R,196.0,ITA,29.0,7-6(2) 0-0 RET,3,R32,58.0,3.0,0.0,41.0,30.0,22.0,6.0,6.0,1.0,2.0,2.0,1.0,43.0,30.0,23.0,2.0,6.0,5.0,6.0,6.0,3820.0,31.0,1620.0,sackmann_archive_2025
2025-1536,Madrid Masters,Clay,96,M,2025-04-23,345,126205,11.0,,Tommy Paul,R,185.0,USA,27.9,111575,24.0,,Karen Khachanov,R,198.0,RUS,28.9,6-3 3-6 6-2,3,R32,103.0,6.0,2.0,70.0,46.0,39.0,12.0,13.0,3.0,4.0,1.0,2.0,71.0,40.0,28.0,18.0,13.0,4.0,7.0,12.0,3160.0,25.0,1960.0,sackmann_archive_2025
2025-1536,Madrid Masters,Clay,96,M,2025-04-23,344,126207,16.0,,Frances Tiafoe,R,188.0,USA,27.2,124186,,,Alexandre Muller,R,183.0,FRA,28.2,6-3 6-3,3,R32,78.0,3.0,2.0,55.0,31.0,27.0,13.0,9.0,2.0,2.0,4.0,1.0,65.0,46.0,30.0,6.0,9.0,7.0,10.0,17.0,2550.0,39.0,1366.0,sackmann_archive_2025
2025-1536,Madrid Masters,Clay,96,M,2025-04-23,343,208286,,,Matteo Arnaldi,R,185.0,ITA,24.1,106000,,,Damir Dzumhur,R,175.0,BIH,32.9,6-3 6-4,3,R32,104.0,6.0,3.0,77.0,42.0,31.0,21.0,10.0,5.0,5.0,0.0,5.0,64.0,38.0,23.0,15.0,9.0,2.0,4.0,44.0,1240.0,63.0,906.0,sackmann_archive_2025
2025-1536,Madrid Masters,Clay,96,M,2025-04-23,342,200282,6.0,,Alex De Minaur,R,183.0,AUS,26.1,133430,29.0,,Denis Shapovalov,L,185.0,CAN,26.0,6-3 7-6(3),3,R32,89.0,1.0,0.0,62.0,34.0,27.0,21.0,10.0,1.0,1.0,6.0,5.0,65.0,41.0,28.0,15.0,11.0,1.0,3.0,7.0,3585.0,30.0,1726.0,sackmann_archive_2025
2025-1536,Madrid Masters,Clay,96,M,2025-04-23,341,207518,10.0,,Lorenzo Musetti,R,185.0,ITA,23.1,126774,17.0,,Stefanos Tsitsipas,R,193.0,GRE,26.6,7-5 7-6(3),3,R32,114.0,4.0,0.0,80.0,61.0,47.0,8.0,12.0,4.0,5.0,1.0,6.0,79.0,45.0,35.0,15.0,12.0,6.0,8.0,11.0,3200.0,18.0,2415.0,sackmann_archive_2025
2025-1536,Madrid Masters,Clay,96,M,2025-04-23,340,105777,15.0,,Grigor Dimitrov,R,191.0,BUL,33.9,207985,,Q,Jacob Fearnley,R,183.0,GBR,23.7,6-4 7-6(3),3,R32,117.0,11.0,2.0,77.0,42.0,31.0,18.0,11.0,4.0,6.0,7.0,6.0,75.0,45.0,30.0,12.0,11.0,2.0,5.0,16.0,2595.0,68.0,883.0,sackmann_archive_2025
2025-1536,Madrid Masters,Clay,96,M,2025-04-23,339,209113,,LL,Gabriel Diallo,R,203.0,CAN,23.5,111815,,,Cameron Norrie,L,188.0,GBR,29.6,2-6 6-4 6-4,3,R32,151.0,8.0,1.0,104.0,75.0,53.0,12.0,14.0,12.0,14.0,4.0,8.0,108.0,72.0,50.0,16.0,14.0,12.0,14.0,78.0,791.0,91.0,667.0,sackmann_archive_2025
2025-1536,Madrid Masters,Clay,96,M,2025-04-23,338,100644,1.0,,Alexander Zverev,R,198.0,GER,28.0,105138,,,Roberto Bautista Agut,R,183.0,ESP,37.0,6-2 6-2,3,R64,70.0,10.0,1.0,42.0,26.0,21.0,11.0,8.0,0.0,0.0,1.0,1.0,51.0,30.0,18.0,8.0,8.0,5.0,9.0,2.0,8085.0,55.0,979.0,sackmann_archive_2025
2025-1536,Madrid Masters,Clay,96,M,2025-04-23,337,200221,28.0,,Alejandro Davidovich Fokina,R,183.0,ESP,25.8,132686,,,Nuno Borges,R,185.0,POR,28.1,6-2 6-3,3,R64,73.0,2.0,0.0,51.0,36.0,25.0,10.0,9.0,2.0,3.0,4.0,2.0,58.0,32.0,21.0,7.0,8.0,5.0,9.0,29.0,1745.0,41.0,1355.0,sackmann_archive_2025
2025-1536,Madrid Masters,Clay,96,M,2025-04-23,336,202103,20.0,,Francisco Cerundolo,R,185.0,ARG,26.6,208004,,Q,Harold Mayot,R,180.0,FRA,23.2,6-3 6-4,3,R64,89.0,3.0,1.0,58.0,35.0,23.0,18.0,10.0,2.0,3.0,1.0,1.0,67.0,47.0,31.0,8.0,9.0,6.0,9.0,21.0,2225.0,160.0,354.0,sackmann_archive_2025
2025-1536,Madrid Masters,Clay,96,M,2025-04-23,335,207681,,,Francisco Comesana,R,178.0,ARG,24.5,209950,13.0,,Arthur Fils,R,185.0,FRA,20.8,7-6(4) 6-4,3,R64,105.0,11.0,2.0,81.0,46.0,32.0,17.0,11.0,4.0,7.0,2.0,4.0,71.0,49.0,33.0,8.0,11.0,3.0,7.0,70.0,872.0,14.0,2920.0,sackmann_archive_2025
2025-1536,Madrid Masters,Clay,96,M,2025-04-23,334,210097,12.0,,Ben Shelton,L,193.0,USA,22.5,208363,,,Mariano Navone,R,178.0,ARG,24.1,4-6 7-6(5) 6-3,3,R64,139.0,8.0,5.0,97.0,65.0,50.0,18.0,15.0,9.0,11.0,0.0,2.0,97.0,77.0,54.0,9.0,16.0,2.0,5.0,13.0,3020.0,85.0,750.0,sackmann_archive_2025
2025-1536,Madrid Masters,Clay,96,M,2025-04-23,333,210150,22.0,,Jakub Mensik,R,193.0,CZE,19.6,210319,,Q,Ethan Quinn,R,191.0,USA,21.1,7-6(4) 6-1,3,R64,80.0,14.0,4.0,66.0,44.0,33.0,8.0,10.0,1.0,3.0,4.0,3.0,57.0,35.0,21.0,11.0,9.0,3.0,7.0,23.0,2032.0,119.0,494.0,sackmann_archive_2025
2025-1536,Madrid Masters,Clay,96,M,2025-04-23,332,122330,,,Alexander Bublik,R,196.0,KAZ,27.8,200615,25.0,,Alexei Popyrin,R,196.0,AUS,25.7,6-4 7-6(4),3,R64,110.0,10.0,5.0,77.0,42.0,34.0,18.0,11.0,5.0,6.0,7.0,5.0,84.0,54.0,39.0,14.0,11.0,5.0,7.0,75.0,820.0,26.0,1860.0,sackmann_archive_2025
2025-1536,Madrid Masters,Clay,96,M,2025-04-23,331,126094,7.0,,Andrey Rublev,R,188.0,RUS,27.5,104792,,,Gael Monfils,R,193.0,FRA,38.6,W/O,3,R64,,0.0,0.0,0.0,0.0,0.0,0.0,0.0,0.0,0.0,0.0,0.0,0.0,0.0,0.0,0.0,0.0,0.0,0.0,8.0,3530.0,42.0,1255.0,sackmann_archive_2025
2025-1536,Madrid Masters,Clay,96,M,2025-04-23,330,126203,3.0,,Taylor Fritz,R,196.0,USA,27.4,106331,,,Christopher Oconnell,R,183.0,AUS,30.8,6-1 6-4,3,R64,75.0,5.0,0.0,54.0,31.0,27.0,9.0,9.0,3.0,4.0,2.0,2.0,50.0,23.0,16.0,10.0,8.0,4.0,8.0,4.0,5115.0,87.0,745.0,sackmann_archive_2025
2025-1536,Madrid Masters,Clay,96,M,2025-04-23,329,126127,,,Benjamin Bonzi,R,183.0,FRA,28.8,128034,27.0,,Hubert Hurkacz,R,196.0,POL,28.1,6-4 7-5,3,R64,87.0,6.0,1.0,60.0,35.0,27.0,16.0,11.0,1.0,2.0,4.0,0.0,62.0,31.0,23.0,16.0,11.0,3.0,6.0,62.0,908.0,28.0,1755.0,sackmann_archive_2025
2025-1536,Madrid Masters,Clay,96,M,2025-04-23,328,200624,23.0,,Sebastian Korda,R,196.0,USA,24.7,210748,,WC,Federico Cina,R,183.0,ITA,18.0,6-3 3-6 6-1,3,R64,101.0,7.0,3.0,78.0,44.0,36.0,18.0,13.0,3.0,4.0,2.0,5.0,79.0,52.0,36.0,11.0,12.0,3.0,6.0,24.0,2020.0,373.0,130.0,sackmann_archive_2025
2025-1536,Madrid Masters,Clay,96,M,2025-04-23,327,134770,14.0,,Casper Ruud,R,183.0,NOR,26.3,126239,,,Arthur Rinderknech,R,196.0,FRA,29.7,6-3 6-4,3,R64,73.0,2.0,2.0,54.0,37.0,28.0,11.0,10.0,1.0,2.0,2.0,0.0,48.0,32.0,23.0,8.0,9.0,0.0,3.0,15.0,2815.0,76.0,809.0,sackmann_archive_2025
2025-1536,Madrid Masters,Clay,96,M,2025-04-23,326,106421,9.0,,Daniil Medvedev,R,198.0,RUS,29.1,111513,,,Laslo Djere,R,188.0,SRB,29.8,W/O,3,R64,,0.0,0.0,0.0,0.0,0.0,0.0,0.0,0.0,0.0,0.0,0.0,0.0,0.0,0.0,0.0,0.0,0.0,0.0,10.0,3290.0,71.0,872.0,sackmann_archive_2025
2025-1536,Madrid Masters,Clay,96,M,2025-04-23,325,207678,,Q,Juan Manuel Cerundolo,L,183.0,ARG,23.4,200000,18.0,,Felix Auger Aliassime,R,193.0,CAN,24.7,7-6(5) 6-4,3,R64,113.0,5.0,0.0,77.0,57.0,45.0,11.0,11.0,5.0,5.0,8.0,3.0,67.0,50.0,37.0,12.0,11.0,5.0,6.0,126.0,469.0,19.0,2375.0,sackmann_archive_2025
2025-1536,Madrid Masters,Clay,96,M,2025-04-23,324,206909,31.0,,Brandon Nakashima,R,188.0,USA,23.7,124116,,PR,Sebastian Ofner,R,191.0,AUT,28.9,6-3 7-6(3),3,R64,90.0,15.0,2.0,73.0,49.0,41.0,10.0,11.0,1.0,1.0,5.0,2.0,62.0,38.0,31.0,10.0,10.0,0.0,1.0,32.0,1605.0,153.0,378.0,sackmann_archive_2025
2025-1536,Madrid Masters,Clay,96,M,2025-04-23,323,207925,,,Flavio Cobolli,R,183.0,ITA,22.9,208029,8.0,,Holger Rune,R,188.0,DEN,21.9,6-2 0-0 RET,3,R64,43.0,0.0,1.0,28.0,19.0,13.0,6.0,4.0,3.0,3.0,0.0,0.0,24.0,13.0,8.0,5.0,4.0,0.0,2.0,36.0,1520.0,9.0,3480.0,sackmann_archive_2025
2025-1536,Madrid Masters,Clay,96,M,2025-04-23,322,207733,5.0,,Jack Draper,L,193.0,GBR,23.3,134868,,,Tallon Griekspoor,R,188.0,NED,28.8,6-3 6-4,3,R64,75.0,5.0,2.0,53.0,27.0,23.0,18.0,10.0,1.0,1.0,3.0,2.0,50.0,38.0,27.0,6.0,9.0,2.0,4.0,6.0,3820.0,34.0,1575.0,sackmann_archive_2025
2025-1536,Madrid Masters,Clay,96,M,2025-04-23,321,126610,30.0,,Matteo Berrettini,R,196.0,ITA,29.0,106218,,,Marcos Giron,R,180.0,USA,31.7,6-7(3) 7-6(6) 6-1,3,R64,154.0,12.0,1.0,97.0,75.0,58.0,14.0,16.0,0.0,0.0,7.0,6.0,105.0,63.0,48.0,20.0,15.0,5.0,7.0,31.0,1620.0,45.0,1240.0,sackmann_archive_2025
2025-1536,Madrid Masters,Clay,96,M,2025-04-23,320,111575,24.0,,Karen Khachanov,R,198.0,RUS,28.9,124187,,PR,Reilly Opelka,R,211.0,USA,27.6,7-6(3) 7-6(4),3,R64,106.0,6.0,1.0,66.0,44.0,40.0,15.0,12.0,0.0,0.0,17.0,3.0,89.0,62.0,47.0,10.0,12.0,4.0,4.0,25.0,1960.0,103.0,579.0,sackmann_archive_2025
2025-1536,Madrid Masters,Clay,96,M,2025-04-23,319,126205,11.0,,Tommy Paul,R,185.0,USA,27.9,211663,,,Joao Fonseca,R,185.0,BRA,18.6,7-6(7) 7-6(3),3,R64,125.0,9.0,1.0,102.0,69.0,51.0,16.0,12.0,10.0,11.0,2.0,2.0,89.0,64.0,47.0,12.0,12.0,0.0,1.0,12.0,3160.0,65.0,897.0,sackmann_archive_2025
2025-1536,Madrid Masters,Clay,96,M,2025-04-23,318,126207,16.0,,Frances Tiafoe,R,188.0,USA,27.2,209260,,,Luciano Darderi,R,183.0,ITA,23.1,7-5 3-1 RET,3,R64,67.0,4.0,1.0,38.0,28.0,25.0,7.0,8.0,0.0,0.0,4.0,3.0,61.0,37.0,24.0,12.0,8.0,3.0,5.0,17.0,2550.0,46.0,1229.0,sackmann_archive_2025
2025-1536,Madrid Masters,Clay,96,M,2025-04-23,317,124186,,,Alexandre Muller,R,183.0,FRA,28.2,200005,21.0,,Ugo Humbert,L,188.0,FRA,26.8,6-2 6-7(3) 7-6(5),3,R64,150.0,5.0,2.0,110.0,83.0,55.0,17.0,16.0,5.0,7.0,5.0,3.0,107.0,65.0,44.0,23.0,16.0,3.0,7.0,39.0,1366.0,22.0,2185.0,sackmann_archive_2025
2025-1536,Madrid Masters,Clay,96,M,2025-04-23,316,106000,,,Damir Dzumhur,R,175.0,BIH,32.9,202104,32.0,,Sebastian Baez,R,170.0,ARG,24.3,1-6 6-1 6-2,3,R64,98.0,1.0,5.0,72.0,45.0,30.0,13.0,11.0,9.0,12.0,0.0,1.0,72.0,53.0,26.0,12.0,11.0,5.0,10.0,63.0,906.0,33.0,1580.0,sackmann_archive_2025
2025-1536,Madrid Masters,Clay,96,M,2025-04-23,315,208286,,,Matteo Arnaldi,R,185.0,ITA,24.1,104925,4.0,,Novak Djokovic,R,188.0,SRB,37.9,6-3 6-4,3,R64,101.0,5.0,0.0,74.0,41.0,29.0,17.0,10.0,4.0,5.0,4.0,3.0,53.0,33.0,24.0,8.0,9.0,0.0,3.0,44.0,1240.0,5.0,4120.0,sackmann_archive_2025
2025-1536,Madrid Masters,Clay,96,M,2025-04-23,314,200282,6.0,,Alex De Minaur,R,183.0,AUS,26.1,132283,,,Lorenzo Sonego,R,191.0,ITA,29.9,6-2 6-3,3,R64,75.0,1.0,0.0,40.0,28.0,23.0,11.0,9.0,1.0,2.0,1.0,5.0,52.0,30.0,19.0,8.0,8.0,2.0,6.0,7.0,3585.0,43.0,1245.0,sackmann_archive_2025
2025-1536,Madrid Masters,Clay,96,M,2025-04-23,313,133430,29.0,,Denis Shapovalov,L,185.0,CAN,26.0,105453,,,Kei Nishikori,R,178.0,JPN,35.3,6-1 6-4,3,R64,64.0,4.0,1.0,50.0,30.0,25.0,13.0,9.0,1.0,1.0,0.0,0.0,41.0,25.0,17.0,7.0,8.0,3.0,6.0,30.0,1726.0,64.0,898.0,sackmann_archive_2025
2025-1536,Madrid Masters,Clay,96,M,2025-04-23,312,126774,17.0,,Stefanos Tsitsipas,R,193.0,GRE,26.6,105526,,,Jan Lennard Struff,R,193.0,GER,34.9,3-6 6-4 6-3,3,R64,118.0,6.0,3.0,96.0,60.0,45.0,14.0,14.0,4.0,7.0,7.0,1.0,89.0,52.0,39.0,15.0,14.0,4.0,8.0,18.0,2415.0,79.0,790.0,sackmann_archive_2025
2025-1536,Madrid Masters,Clay,96,M,2025-04-23,311,207518,10.0,,Lorenzo Musetti,R,185.0,ITA,23.1,144869,,,Tomas Martin Etcheverry,R,196.0,ARG,25.7,7-6(3) 6-2,3,R64,107.0,1.0,1.0,58.0,41.0,29.0,12.0,10.0,0.0,1.0,5.0,2.0,69.0,48.0,32.0,8.0,10.0,10.0,13.0,11.0,3200.0,51.0,1010.0,sackmann_archive_2025
2025-1536,Madrid Masters,Clay,96,M,2025-04-23,310,105777,15.0,,Grigor Dimitrov,R,191.0,BUL,33.9,111797,,,Nicolas Jarry,R,201.0,CHI,29.5,6-3 6-4,3,R64,97.0,4.0,4.0,64.0,31.0,23.0,22.0,10.0,5.0,5.0,5.0,3.0,68.0,43.0,32.0,9.0,9.0,3.0,5.0,16.0,2595.0,57.0,965.0,sackmann_archive_2025
2025-1536,Madrid Masters,Clay,96,M,2025-04-23,309,207985,,Q,Jacob Fearnley,R,183.0,GBR,23.7,207830,19.0,,Tomas Machac,R,183.0,CZE,24.5,1-6 6-3 6-2,3,R64,104.0,9.0,3.0,78.0,46.0,36.0,14.0,12.0,3.0,5.0,5.0,9.0,86.0,45.0,31.0,21.0,12.0,4.0,7.0,68.0,883.0,20.0,2235.0,sackmann_archive_2025
2025-1536,Madrid Masters,Clay,96,M,2025-04-23,308,111815,,,Cameron Norrie,L,188.0,GBR,29.6,208103,26.0,,Jiri Lehecka,R,185.0,CZE,23.4,2-6 6-4 6-0,3,R64,95.0,4.0,1.0,73.0,47.0,35.0,13.0,12.0,2.0,4.0,9.0,3.0,66.0,39.0,25.0,14.0,12.0,3.0,7.0,91.0,667.0,27.0,1795.0,sackmann_archive_2025
2025-1536,Madrid Masters,Clay,96,M,2025-04-23,307,209113,,LL,Gabriel Diallo,R,203.0,CAN,23.5,111794,,LL,Kamil Majchrzak,R,180.0,POL,29.2,7-5 4-6 6-4,3,R64,130.0,10.0,5.0,94.0,66.0,49.0,17.0,16.0,1.0,3.0,7.0,4.0,98.0,60.0,45.0,18.0,16.0,7.0,10.0,78.0,791.0,90.0,669.0,sackmann_archive_2025
2025-1536,Madrid Masters,Clay,96,M,2025-04-23,306,105138,,,Roberto Bautista Agut,R,183.0,ESP,37.0,144719,,,Jaume Munar,R,183.0,ESP,27.9,6-4 2-6 6-3,3,R128,137.0,2.0,0.0,85.0,55.0,35.0,13.0,14.0,7.0,12.0,6.0,1.0,73.0,48.0,33.0,8.0,13.0,1.0,6.0,55.0,979.0,53.0,1002.0,sackmann_archive_2025
2025-1536,Madrid Masters,Clay,96,M,2025-04-23,305,132686,,,Nuno Borges,R,185.0,POR,28.1,105807,,WC,Pablo Carreno Busta,R,188.0,ESP,33.7,6-7(7) 7-6(3) 6-3,3,R128,152.0,10.0,2.0,106.0,63.0,50.0,28.0,17.0,2.0,2.0,3.0,2.0,99.0,56.0,43.0,28.0,16.0,3.0,4.0,41.0,1355.0,96.0,607.0,sackmann_archive_2025
2025-1536,Madrid Masters,Clay,96,M,2025-04-23,304,208004,,Q,Harold Mayot,R,180.0,FRA,23.2,144895,,,Corentin Moutet,L,180.0,FRA,26.0,6-3 4-2 RET,3,R128,73.0,0.0,1.0,50.0,36.0,26.0,7.0,8.0,0.0,1.0,0.0,1.0,43.0,27.0,16.0,7.0,7.0,3.0,6.0,160.0,354.0,82.0,759.0,sackmann_archive_2025
2025-1536,Madrid Masters,Clay,96,M,2025-04-23,303,207681,,,Francisco Comesana,R,178.0,ARG,24.5,124079,,,Pedro Martinez,R,185.0,ESP,27.9,6-4 6-4,3,R128,108.0,16.0,3.0,66.0,47.0,39.0,6.0,10.0,6.0,7.0,0.0,2.0,84.0,60.0,38.0,10.0,10.0,6.0,9.0,70.0,872.0,48.0,1130.0,sackmann_archive_2025
2025-1536,Madrid Masters,Clay,96,M,2025-04-23,302,208363,,,Mariano Navone,R,178.0,ARG,24.1,208659,,,Giovanni Mpetshi Perricard,R,203.0,FRA,21.7,6-4 6-4,3,R128,84.0,2.0,1.0,53.0,37.0,30.0,12.0,10.0,1.0,1.0,4.0,1.0,69.0,46.0,34.0,8.0,10.0,4.0,6.0,85.0,750.0,37.0,1464.0,sackmann_archive_2025
2025-1536,Madrid Masters,Clay,96,M,2025-04-23,301,210319,,Q,Ethan Quinn,R,191.0,USA,21.1,105583,,Q,Dusan Lajovic,R,183.0,SRB,34.8,6-3 6-4,3,R128,86.0,2.0,0.0,64.0,43.0,30.0,10.0,10.0,4.0,6.0,2.0,2.0,66.0,42.0,26.0,9.0,9.0,5.0,9.0,119.0,494.0,138.0,426.0,sackmann_archive_2025
2025-1536,Madrid Masters,Clay,96,M,2025-04-23,300,122330,,,Alexander Bublik,R,196.0,KAZ,27.8,210506,,,Alex Michelsen,R,193.0,USA,20.6,7-6(2) 7-6(4),3,R128,105.0,11.0,3.0,93.0,61.0,44.0,19.0,12.0,8.0,9.0,1.0,0.0,86.0,61.0,46.0,10.0,12.0,7.0,8.0,75.0,820.0,38.0,1445.0,sackmann_archive_2025
2025-1536,Madrid Masters,Clay,96,M,2025-04-23,299,104792,,,Gael Monfils,R,193.0,FRA,38.6,127339,,Q,Borna Gojo,R,196.0,CRO,27.1,1-6 6-2 6-4,3,R128,102.0,6.0,4.0,83.0,54.0,35.0,15.0,13.0,7.0,10.0,4.0,1.0,72.0,46.0,32.0,13.0,12.0,5.0,8.0,42.0,1255.0,353.0,141.0,sackmann_archive_2025
2025-1536,Madrid Masters,Clay,96,M,2025-04-23,298,106331,,,Christopher Oconnell,R,183.0,AUS,30.8,200116,,,Camilo Ugo Carabelli,R,185.0,ARG,25.8,6-3 6-4,3,R128,73.0,5.0,2.0,60.0,38.0,30.0,12.0,10.0,7.0,8.0,2.0,1.0,48.0,34.0,23.0,5.0,9.0,0.0,3.0,87.0,745.0,59.0,947.0,sackmann_archive_2025
2025-1536,Madrid Masters,Clay,96,M,2025-04-23,297,126127,,,Benjamin Bonzi,R,183.0,FRA,28.8,105227,,WC,Marin Cilic,R,198.0,CRO,36.5,6-3 6-2,3,R128,93.0,6.0,1.0,66.0,45.0,30.0,16.0,9.0,5.0,5.0,3.0,3.0,55.0,23.0,16.0,15.0,8.0,2.0,5.0,62.0,908.0,109.0,563.0,sackmann_archive_2025
2025-1536,Madrid Masters,Clay,96,M,2025-04-23,296,210748,,WC,Federico Cina,R,183.0,ITA,18.0,209409,,WC,Coleman Wong,R,191.0,HKG,20.8,7-6(5) 6-1,3,R128,78.0,1.0,0.0,63.0,42.0,32.0,15.0,10.0,2.0,2.0,2.0,0.0,58.0,41.0,28.0,10.0,9.0,2.0,4.0,373.0,130.0,169.0,322.0,sackmann_archive_2025
2025-1536,Madrid Masters,Clay,96,M,2025-04-23,295,126239,,,Arthur Rinderknech,R,196.0,FRA,29.7,126128,,,Roman Safiullin,R,185.0,RUS,27.7,7-6(4) 6-1,3,R128,81.0,7.0,0.0,57.0,42.0,37.0,6.0,10.0,0.0,1.0,2.0,2.0,65.0,40.0,28.0,11.0,9.0,4.0,7.0,76.0,809.0,73.0,856.0,sackmann_archive_2025
2025-1536,Madrid Masters,Clay,96,M,2025-04-23,294,111513,,,Laslo Djere,R,188.0,SRB,29.8,104926,,Q,Fabio Fognini,R,178.0,ITA,37.9,6-2 6-3,3,R128,67.0,7.0,1.0,46.0,34.0,28.0,9.0,9.0,3.0,4.0,0.0,7.0,58.0,27.0,16.0,13.0,8.0,4.0,8.0,71.0,872.0,112.0,536.0,sackmann_archive_2025
2025-1536,Madrid Masters,Clay,96,M,2025-04-23,293,207678,,Q,Juan Manuel Cerundolo,L,183.0,ARG,23.4,206499,,,Aleksandar Kovacevic,R,183.0,USA,26.6,3-6 7-5 6-2,3,R128,146.0,9.0,6.0,105.0,68.0,50.0,18.0,14.0,9.0,10.0,3.0,4.0,88.0,48.0,36.0,21.0,15.0,5.0,8.0,126.0,469.0,77.0,805.0,sackmann_archive_2025
2025-1536,Madrid Masters,Clay,96,M,2025-04-23,292,124116,,PR,Sebastian Ofner,R,191.0,AUT,28.9,200384,,Q,Hugo Gaston,L,173.0,FRA,24.5,6-4 6-3,3,R128,78.0,6.0,1.0,70.0,35.0,28.0,20.0,10.0,5.0,5.0,2.0,3.0,57.0,29.0,21.0,14.0,9.0,6.0,8.0,153.0,378.0,80.0,776.0,sackmann_archive_2025
2025-1536,Madrid Masters,Clay,96,M,2025-04-23,291,207925,,,Flavio Cobolli,R,183.0,ITA,22.9,206681,,,Fabian Marozsan,R,193.0,HUN,25.5,7-6(4) 7-5,3,R128,115.0,3.0,3.0,84.0,47.0,31.0,20.0,12.0,5.0,7.0,3.0,6.0,95.0,56.0,39.0,14.0,12.0,7.0,10.0,36.0,1520.0,58.0,955.0,sackmann_archive_2025
2025-1536,Madrid Masters,Clay,96,M,2025-04-23,290,134868,,,Tallon Griekspoor,R,188.0,NED,28.8,200240,,Q,Vit Kopriva,R,178.0,CZE,27.8,6-1 6-4,3,R128,72.0,5.0,3.0,48.0,35.0,32.0,5.0,9.0,0.0,0.0,3.0,2.0,56.0,31.0,20.0,11.0,8.0,6.0,9.0,34.0,1575.0,95.0,619.0,sackmann_archive_2025
2025-1536,Madrid Masters,Clay,96,M,2025-04-23,289,106218,,,Marcos Giron,R,180.0,USA,31.7,210530,,,Learner Tien,L,180.0,USA,19.3,6-1 1-6 7-6(4),3,R128,127.0,6.0,4.0,104.0,61.0,43.0,20.0,13.0,5.0,8.0,5.0,3.0,96.0,47.0,33.0,27.0,13.0,4.0,7.0,45.0,1240.0,69.0,880.0,sackmann_archive_2025
2025-1536,Madrid Masters,Clay,96,M,2025-04-23,288,124187,,PR,Reilly Opelka,R,211.0,USA,27.6,208014,,LL,Rinky Hijikata,R,178.0,AUS,24.1,7-5 7-5,3,R128,125.0,8.0,2.0,80.0,49.0,39.0,17.0,12.0,1.0,1.0,2.0,2.0,88.0,53.0,35.0,18.0,12.0,9.0,11.0,103.0,579.0,84.0,754.0,sackmann_archive_2025
2025-1536,Madrid Masters,Clay,96,M,2025-04-23,287,211663,,,Joao Fonseca,R,185.0,BRA,18.6,209284,,Q,Elmer Moller,R,183.0,DEN,21.7,6-2 6-3,3,R128,73.0,5.0,1.0,53.0,37.0,27.0,8.0,8.0,0.0,0.0,0.0,2.0,63.0,41.0,23.0,10.0,9.0,9.0,13.0,65.0,897.0,114.0,522.0,sackmann_archive_2025
2025-1536,Madrid Masters,Clay,96,M,2025-04-23,286,209260,,,Luciano Darderi,R,183.0,ITA,23.1,111460,,,Quentin Halys,R,191.0,FRA,28.4,6-4 6-4,3,R128,73.0,5.0,0.0,48.0,29.0,23.0,15.0,10.0,2.0,3.0,6.0,3.0,59.0,28.0,20.0,17.0,10.0,4.0,7.0,46.0,1229.0,52.0,1005.0,sackmann_archive_2025
2025-1536,Madrid Masters,Clay,96,M,2025-04-23,285,124186,,,Alexandre Muller,R,183.0,FRA,28.2,105676,,,David Goffin,R,180.0,BEL,34.3,6-3 3-6 1-0 RET,3,R128,99.0,2.0,3.0,73.0,49.0,28.0,11.0,10.0,2.0,6.0,1.0,3.0,50.0,26.0,17.0,9.0,9.0,3.0,7.0,39.0,1366.0,49.0,1121.0,sackmann_archive_2025
2025-1536,Madrid Masters,Clay,96,M,2025-04-23,284,106000,,,Damir Dzumhur,R,175.0,BIH,32.9,208233,,,Mattia Bellucci,L,175.0,ITA,23.8,4-6 6-4 6-2,3,R128,154.0,0.0,2.0,92.0,67.0,42.0,16.0,14.0,9.0,11.0,4.0,2.0,95.0,59.0,37.0,17.0,14.0,7.0,11.0,63.0,906.0,66.0,893.0,sackmann_archive_2025
2025-1536,Madrid Masters,Clay,96,M,2025-04-23,283,208286,,,Matteo Arnaldi,R,185.0,ITA,24.1,106432,,Q,Borna Coric,R,188.0,CRO,28.4,4-6 6-4 7-5,3,R128,167.0,13.0,4.0,97.0,49.0,36.0,27.0,16.0,6.0,8.0,5.0,3.0,106.0,74.0,54.0,12.0,16.0,3.0,6.0,44.0,1240.0,104.0,576.0,sackmann_archive_2025
2025-1536,Madrid Masters,Clay,96,M,2025-04-23,282,132283,,,Lorenzo Sonego,R,191.0,ITA,29.9,200175,,,Miomir Kecmanovic,R,183.0,SRB,25.6,6-4 7-6(5),3,R128,123.0,1.0,4.0,88.0,58.0,43.0,15.0,11.0,6.0,6.0,1.0,1.0,78.0,49.0,35.0,16.0,11.0,8.0,9.0,43.0,1245.0,47.0,1166.0,sackmann_archive_2025
2025-1536,Madrid Masters,Clay,96,M,2025-04-23,281,105453,,,Kei Nishikori,R,178.0,JPN,35.3,126846,,,Aleksandar Vukic,R,188.0,AUS,29.0,6-4 3-6 6-3,3,R128,119.0,4.0,3.0,81.0,50.0,37.0,18.0,14.0,2.0,4.0,10.0,2.0,101.0,66.0,46.0,16.0,14.0,8.0,11.0,64.0,898.0,83.0,758.0,sackmann_archive_2025
2025-1536,Madrid Masters,Clay,96,M,2025-04-23,280,105526,,,Jan Lennard Struff,R,193.0,GER,34.9,122298,,LL,Botic Van De Zandschulp,R,191.0,NED,29.5,7-5 2-6 4-1 RET,3,R128,102.0,5.0,0.0,66.0,37.0,26.0,17.0,12.0,3.0,6.0,9.0,5.0,77.0,42.0,33.0,12.0,13.0,4.0,8.0,79.0,790.0,88.0,743.0,sackmann_archive_2025
2025-1536,Madrid Masters,Clay,96,M,2025-04-23,279,144869,,,Tomas Martin Etcheverry,R,196.0,ARG,25.7,209098,,,Hamad Medjedovic,R,188.0,SRB,21.7,6-4 6-7(4) 6-4,3,R128,196.0,10.0,1.0,135.0,92.0,63.0,20.0,16.0,20.0,22.0,8.0,0.0,109.0,62.0,39.0,28.0,16.0,8.0,12.0,51.0,1010.0,61.0,911.0,sackmann_archive_2025
2025-1536,Madrid Masters,Clay,96,M,2025-04-23,278,111797,,,Nicolas Jarry,R,201.0,CHI,29.5,127157,,Q,Daniel Altmaier,R,188.0,GER,26.6,6-3 6-2,3,R128,76.0,4.0,0.0,47.0,22.0,21.0,15.0,9.0,0.0,0.0,5.0,0.0,52.0,37.0,23.0,6.0,8.0,4.0,7.0,57.0,965.0,67.0,892.0,sackmann_archive_2025
2025-1536,Madrid Masters,Clay,96,M,2025-04-23,277,207985,,Q,Jacob Fearnley,R,183.0,GBR,23.7,207352,,,Bu Yunchaokete,R,185.0,CHN,23.2,6-3 7-6(2),3,R128,105.0,6.0,3.0,60.0,35.0,29.0,15.0,10.0,2.0,3.0,4.0,1.0,75.0,46.0,30.0,13.0,11.0,4.0,7.0,68.0,883.0,72.0,869.0,sackmann_archive_2025
2025-1536,Madrid Masters,Clay,96,M,2025-04-23,276,111815,,,Cameron Norrie,L,188.0,GBR,29.6,212021,,WC,Martin Landaluce,R,191.0,ESP,19.2,6-7(4) 7-5 6-4,3,R128,161.0,7.0,4.0,114.0,79.0,52.0,19.0,17.0,7.0,10.0,12.0,15.0,109.0,73.0,50.0,14.0,17.0,5.0,10.0,91.0,667.0,148.0,388.0,sackmann_archive_2025
2025-1536,Madrid Masters,Clay,96,M,2025-04-23,275,209113,,LL,Gabriel Diallo,R,203.0,CAN,23.5,200267,,,Zizou Bergs,R,185.0,BEL,25.8,6-1 6-2,3,R128,57.0,4.0,0.0,37.0,21.0,18.0,14.0,8.0,0.0,0.0,3.0,0.0,38.0,25.0,14.0,5.0,7.0,0.0,4.0,78.0,791.0,50.0,1096.0,sackmann_archive_2025
2025-0416,Rome Masters,Clay,96,M,2025-05-07,369,207989,3.0,,Carlos Alcaraz,R,183.0,ESP,22.0,206173,1.0,,Jannik Sinner,R,191.0,ITA,23.7,7-6(5) 6-1,3,F,103.0,4.0,2.0,75.0,48.0,35.0,16.0,10.0,2.0,2.0,1.0,3.0,58.0,35.0,25.0,10.0,9.0,1.0,3.0,3.0,7850.0,1.0,9730.0,sackmann_archive_2025
2025-0416,Rome Masters,Clay,96,M,2025-05-07,368,206173,1.0,,Jannik Sinner,R,191.0,ITA,23.7,126205,11.0,,Tommy Paul,R,185.0,USA,27.9,1-6 6-0 6-3,3,SF,103.0,4.0,1.0,61.0,44.0,32.0,7.0,11.0,3.0,6.0,0.0,3.0,74.0,58.0,33.0,7.0,11.0,5.0,10.0,1.0,9730.0,12.0,3210.0,sackmann_archive_2025
2025-0416,Rome Masters,Clay,96,M,2025-05-07,367,207989,3.0,,Carlos Alcaraz,R,183.0,ESP,22.0,207518,8.0,,Lorenzo Musetti,R,185.0,ITA,23.1,6-3 7-6(4),3,SF,123.0,1.0,5.0,72.0,48.0,32.0,11.0,10.0,5.0,8.0,0.0,1.0,93.0,67.0,41.0,7.0,11.0,9.0,14.0,3.0,7850.0,9.0,3550.0,sackmann_archive_2025
2025-0416,Rome Masters,Clay,96,M,2025-05-07,366,206173,1.0,,Jannik Sinner,R,191.0,ITA,23.7,134770,6.0,,Casper Ruud,R,183.0,NOR,26.3,6-0 6-1,3,QF,64.0,1.0,0.0,33.0,23.0,18.0,7.0,6.0,0.0,0.0,1.0,2.0,44.0,23.0,10.0,4.0,7.0,3.0,9.0,1.0,9730.0,7.0,3715.0,sackmann_archive_2025
2025-0416,Rome Masters,Clay,96,M,2025-05-07,365,126205,11.0,,Tommy Paul,R,185.0,USA,27.9,128034,30.0,,Hubert Hurkacz,R,196.0,POL,28.2,7-6(4) 6-3,3,QF,118.0,1.0,1.0,91.0,53.0,39.0,17.0,11.0,5.0,8.0,6.0,2.0,71.0,44.0,31.0,8.0,10.0,5.0,9.0,12.0,3210.0,31.0,1665.0,sackmann_archive_2025
2025-0416,Rome Masters,Clay,96,M,2025-05-07,364,207989,3.0,,Carlos Alcaraz,R,183.0,ESP,22.0,207733,5.0,,Jack Draper,L,193.0,GBR,23.3,6-4 6-4,3,QF,97.0,1.0,3.0,80.0,49.0,30.0,18.0,10.0,6.0,8.0,1.0,2.0,47.0,32.0,18.0,7.0,10.0,0.0,4.0,3.0,7850.0,5.0,4440.0,sackmann_archive_2025
2025-0416,Rome Masters,Clay,96,M,2025-05-07,363,207518,8.0,,Lorenzo Musetti,R,185.0,ITA,23.1,100644,2.0,,Alexander Zverev,R,198.0,GER,28.0,7-6(1) 6-4,3,QF,135.0,2.0,0.0,74.0,37.0,26.0,22.0,11.0,4.0,6.0,3.0,2.0,73.0,51.0,30.0,11.0,11.0,0.0,3.0,9.0,3550.0,2.0,8085.0,sackmann_archive_2025
2025-0416,Rome Masters,Clay,96,M,2025-05-07,362,206173,1.0,,Jannik Sinner,R,191.0,ITA,23.7,202103,17.0,,Francisco Cerundolo,R,185.0,ARG,26.7,7-6(2) 6-3,3,R16,137.0,2.0,0.0,91.0,60.0,40.0,15.0,11.0,6.0,8.0,2.0,3.0,86.0,60.0,36.0,11.0,10.0,9.0,12.0,1.0,9730.0,18.0,2425.0,sackmann_archive_2025
2025-0416,Rome Masters,Clay,96,M,2025-05-07,361,134770,6.0,,Casper Ruud,R,183.0,NOR,26.3,144719,,,Jaume Munar,R,183.0,ESP,28.0,6-3 6-4,3,R16,97.0,1.0,1.0,54.0,32.0,25.0,17.0,10.0,2.0,2.0,3.0,3.0,61.0,34.0,23.0,16.0,9.0,3.0,5.0,7.0,3715.0,66.0,892.0,sackmann_archive_2025
2025-0416,Rome Masters,Clay,96,M,2025-05-07,360,128034,30.0,,Hubert Hurkacz,R,196.0,POL,28.2,210150,20.0,,Jakub Mensik,R,193.0,CZE,19.6,7-6(5) 4-6 7-6(5),3,R16,179.0,19.0,3.0,130.0,85.0,62.0,25.0,17.0,7.0,8.0,17.0,6.0,115.0,63.0,54.0,27.0,17.0,3.0,3.0,31.0,1665.0,21.0,2182.0,sackmann_archive_2025
2025-0416,Rome Masters,Clay,96,M,2025-05-07,359,126205,11.0,,Tommy Paul,R,185.0,USA,27.9,200282,7.0,,Alex De Minaur,R,183.0,AUS,26.2,7-5 6-3,3,R16,114.0,0.0,1.0,74.0,43.0,27.0,19.0,11.0,8.0,10.0,1.0,3.0,72.0,41.0,23.0,15.0,10.0,3.0,7.0,12.0,3210.0,8.0,3635.0,sackmann_archive_2025
2025-0416,Rome Masters,Clay,96,M,2025-05-07,358,207733,5.0,,Jack Draper,L,193.0,GBR,23.3,144895,,,Corentin Moutet,L,180.0,FRA,26.0,1-6 6-4 6-3,3,R16,140.0,2.0,2.0,72.0,45.0,32.0,15.0,13.0,1.0,4.0,2.0,3.0,79.0,43.0,29.0,21.0,13.0,5.0,8.0,5.0,4440.0,83.0,752.0,sackmann_archive_2025
2025-0416,Rome Masters,Clay,96,M,2025-05-07,357,207989,3.0,,Carlos Alcaraz,R,183.0,ESP,22.0,111575,23.0,,Karen Khachanov,R,198.0,RUS,28.9,6-3 3-6 7-5,3,R16,148.0,1.0,2.0,105.0,69.0,45.0,15.0,15.0,5.0,9.0,3.0,3.0,88.0,58.0,40.0,13.0,15.0,5.0,10.0,3.0,7850.0,24.0,1910.0,sackmann_archive_2025
2025-0416,Rome Masters,Clay,96,M,2025-05-07,356,207518,8.0,,Lorenzo Musetti,R,185.0,ITA,23.1,106421,10.0,,Daniil Medvedev,R,198.0,RUS,29.2,7-5 6-4,3,R16,99.0,4.0,0.0,58.0,35.0,27.0,16.0,11.0,2.0,3.0,2.0,0.0,58.0,35.0,25.0,12.0,11.0,2.0,5.0,9.0,3550.0,11.0,3290.0,sackmann_archive_2025
2025-0416,Rome Masters,Clay,96,M,2025-05-07,355,100644,2.0,,Alexander Zverev,R,198.0,GER,28.0,209950,13.0,,Arthur Fils,R,185.0,FRA,20.8,7-6(3) 6-1,3,R16,105.0,8.0,0.0,64.0,47.0,34.0,7.0,9.0,5.0,7.0,1.0,5.0,75.0,43.0,27.0,12.0,10.0,5.0,10.0,2.0,8085.0,14.0,2920.0,sackmann_archive_2025
2025-0416,Rome Masters,Clay,96,M,2025-05-07,354,206173,1.0,,Jannik Sinner,R,191.0,ITA,23.7,207411,,LL,Jesper De Jong,R,180.0,NED,24.9,6-4 6-2,3,R32,93.0,4.0,1.0,52.0,33.0,21.0,13.0,9.0,2.0,4.0,1.0,1.0,58.0,28.0,15.0,11.0,9.0,2.0,7.0,1.0,9730.0,93.0,640.0,sackmann_archive_2025
2025-0416,Rome Masters,Clay,96,M,2025-05-07,353,202103,17.0,,Francisco Cerundolo,R,185.0,ARG,26.7,124116,,Q,Sebastian Ofner,R,191.0,AUT,28.9,6-2 6-4,3,R32,76.0,2.0,0.0,53.0,35.0,27.0,12.0,9.0,3.0,3.0,4.0,0.0,51.0,27.0,19.0,11.0,9.0,1.0,4.0,18.0,2425.0,143.0,398.0,sackmann_archive_2025
2025-0416,Rome Masters,Clay,96,M,2025-05-07,352,144719,,,Jaume Munar,R,183.0,ESP,28.0,200624,22.0,,Sebastian Korda,R,196.0,USA,24.8,6-4 6-2,3,R32,87.0,1.0,2.0,52.0,37.0,28.0,7.0,9.0,2.0,3.0,5.0,1.0,54.0,36.0,21.0,8.0,9.0,3.0,7.0,66.0,892.0,23.0,2020.0,sackmann_archive_2025
2025-0416,Rome Masters,Clay,96,M,2025-05-07,351,134770,6.0,,Casper Ruud,R,183.0,NOR,26.3,126610,29.0,,Matteo Berrettini,R,196.0,ITA,29.0,7-5 2-0 RET,3,R32,60.0,4.0,1.0,35.0,25.0,22.0,6.0,7.0,0.0,0.0,1.0,1.0,44.0,30.0,21.0,6.0,7.0,2.0,4.0,7.0,3715.0,30.0,1670.0,sackmann_archive_2025
2025-0416,Rome Masters,Clay,96,M,2025-05-07,350,128034,30.0,,Hubert Hurkacz,R,196.0,POL,28.2,106218,,,Marcos Giron,R,180.0,USA,31.7,6-3 1-6 6-1,3,R32,96.0,12.0,0.0,70.0,45.0,36.0,9.0,12.0,1.0,4.0,6.0,0.0,64.0,38.0,23.0,14.0,11.0,7.0,11.0,31.0,1665.0,45.0,1245.0,sackmann_archive_2025
2025-0416,Rome Masters,Clay,96,M,2025-05-07,349,210150,20.0,,Jakub Mensik,R,193.0,CZE,19.6,206681,,,Fabian Marozsan,R,193.0,HUN,25.5,6-4 7-6(2),3,R32,89.0,10.0,2.0,64.0,35.0,29.0,17.0,11.0,4.0,6.0,2.0,5.0,72.0,42.0,29.0,14.0,11.0,3.0,6.0,21.0,2182.0,61.0,935.0,sackmann_archive_2025
2025-0416,Rome Masters,Clay,96,M,2025-05-07,348,126205,11.0,,Tommy Paul,R,185.0,USA,27.9,207830,19.0,,Tomas Machac,R,183.0,CZE,24.5,6-3 6-7(5) 6-4,3,R32,143.0,7.0,0.0,99.0,57.0,44.0,22.0,16.0,2.0,4.0,3.0,1.0,86.0,50.0,34.0,21.0,15.0,2.0,6.0,12.0,3210.0,20.0,2215.0,sackmann_archive_2025
2025-0416,Rome Masters,Clay,96,M,2025-05-07,347,200282,7.0,,Alex De Minaur,R,183.0,AUS,26.2,106198,,LL,Hugo Dellien,R,180.0,BOL,31.8,6-4 6-4,3,R32,117.0,3.0,1.0,62.0,25.0,19.0,23.0,10.0,5.0,6.0,1.0,0.0,57.0,38.0,24.0,11.0,10.0,3.0,6.0,8.0,3635.0,103.0,587.0,sackmann_archive_2025
2025-0416,Rome Masters,Clay,96,M,2025-05-07,346,207733,5.0,,Jack Draper,L,193.0,GBR,23.3,200240,,Q,Vit Kopriva,R,178.0,CZE,27.8,6-4 6-3,3,R32,101.0,3.0,2.0,49.0,29.0,24.0,14.0,9.0,4.0,4.0,1.0,5.0,79.0,43.0,27.0,19.0,10.0,10.0,13.0,5.0,4440.0,92.0,655.0,sackmann_archive_2025
2025-0416,Rome Masters,Clay,96,M,2025-05-07,345,144895,,,Corentin Moutet,L,180.0,FRA,26.0,208029,9.0,,Holger Rune,R,188.0,DEN,22.0,7-5 5-7 7-6(4),3,R32,224.0,4.0,4.0,113.0,64.0,50.0,23.0,18.0,1.0,4.0,4.0,8.0,135.0,58.0,40.0,41.0,18.0,10.0,13.0,83.0,752.0,10.0,3440.0,sackmann_archive_2025
2025-0416,Rome Masters,Clay,96,M,2025-05-07,344,111575,23.0,,Karen Khachanov,R,198.0,RUS,28.9,208859,,WC,Francesco Passaro,R,180.0,ITA,24.3,6-3 6-0,3,R32,61.0,1.0,1.0,40.0,21.0,17.0,10.0,7.0,1.0,2.0,1.0,2.0,41.0,23.0,10.0,4.0,8.0,0.0,6.0,24.0,1910.0,101.0,593.0,sackmann_archive_2025
2025-0416,Rome Masters,Clay,96,M,2025-05-07,343,207989,3.0,,Carlos Alcaraz,R,183.0,ESP,22.0,111513,,,Laslo Djere,R,188.0,SRB,29.9,7-6(2) 6-2,3,R32,103.0,1.0,0.0,66.0,44.0,30.0,14.0,10.0,2.0,4.0,1.0,3.0,72.0,36.0,21.0,19.0,10.0,5.0,9.0,3.0,7850.0,64.0,902.0,sackmann_archive_2025
2025-0416,Rome Masters,Clay,96,M,2025-05-07,342,207518,8.0,,Lorenzo Musetti,R,185.0,ITA,23.1,206909,28.0,,Brandon Nakashima,R,188.0,USA,23.7,6-4 6-3,3,R32,83.0,4.0,1.0,52.0,39.0,32.0,6.0,9.0,1.0,1.0,4.0,0.0,49.0,30.0,25.0,7.0,10.0,1.0,4.0,9.0,3550.0,29.0,1675.0,sackmann_archive_2025
2025-0416,Rome Masters,Clay,96,M,2025-05-07,341,106421,10.0,,Daniil Medvedev,R,198.0,RUS,29.2,200615,24.0,,Alexei Popyrin,R,196.0,AUS,25.7,6-4 6-1,3,R32,86.0,4.0,3.0,62.0,39.0,29.0,10.0,9.0,6.0,7.0,2.0,0.0,57.0,32.0,20.0,11.0,8.0,2.0,6.0,11.0,3290.0,25.0,1860.0,sackmann_archive_2025
2025-0416,Rome Masters,Clay,96,M,2025-05-07,340,209950,13.0,,Arthur Fils,R,185.0,FRA,20.8,126774,18.0,,Stefanos Tsitsipas,R,193.0,GRE,26.7,2-6 6-4 6-2,3,R32,113.0,3.0,0.0,73.0,46.0,29.0,19.0,13.0,2.0,4.0,5.0,4.0,76.0,46.0,32.0,14.0,13.0,0.0,3.0,14.0,2920.0,19.0,2420.0,sackmann_archive_2025
2025-0416,Rome Masters,Clay,96,M,2025-05-07,339,100644,2.0,,Alexander Zverev,R,198.0,GER,28.0,209147,,Q,Vilius Gaubas,R,178.0,LTU,20.3,6-4 6-0,3,R32,85.0,0.0,0.0,45.0,29.0,22.0,8.0,8.0,2.0,4.0,0.0,0.0,66.0,44.0,18.0,9.0,8.0,6.0,12.0,2.0,8085.0,154.0,371.0,sackmann_archive_2025
2025-0416,Rome Masters,Clay,96,M,2025-05-07,338,206173,1.0,,Jannik Sinner,R,191.0,ITA,23.7,208363,,,Mariano Navone,R,178.0,ARG,24.1,6-3 6-4,3,R64,98.0,1.0,1.0,63.0,38.0,24.0,17.0,10.0,2.0,3.0,0.0,1.0,60.0,45.0,26.0,8.0,9.0,4.0,7.0,1.0,9730.0,99.0,600.0,sackmann_archive_2025
2025-0416,Rome Masters,Clay,96,M,2025-05-07,337,207411,,LL,Jesper De Jong,R,180.0,NED,24.9,200221,25.0,,Alejandro Davidovich Fokina,R,183.0,ESP,25.9,6-0 6-2,3,R64,66.0,2.0,1.0,45.0,30.0,23.0,5.0,7.0,3.0,4.0,1.0,2.0,47.0,30.0,13.0,5.0,7.0,6.0,12.0,93.0,640.0,26.0,1745.0,sackmann_archive_2025
2025-0416,Rome Masters,Clay,96,M,2025-05-07,336,202103,17.0,,Francisco Cerundolo,R,185.0,ARG,26.7,111797,,,Nicolas Jarry,R,201.0,CHI,29.5,7-6(4) 6-3,3,R64,117.0,3.0,2.0,77.0,51.0,35.0,18.0,11.0,3.0,4.0,7.0,3.0,78.0,47.0,33.0,15.0,10.0,14.0,16.0,18.0,2425.0,53.0,1010.0,sackmann_archive_2025
2025-0416,Rome Masters,Clay,96,M,2025-05-07,335,124116,,Q,Sebastian Ofner,R,191.0,AUT,28.9,126207,15.0,,Frances Tiafoe,R,188.0,USA,27.2,6-2 6-7(2) 6-3,3,R64,120.0,6.0,1.0,88.0,42.0,35.0,27.0,15.0,3.0,4.0,8.0,2.0,80.0,46.0,36.0,19.0,14.0,3.0,7.0,143.0,398.0,16.0,2640.0,sackmann_archive_2025
2025-0416,Rome Masters,Clay,96,M,2025-05-07,334,144719,,,Jaume Munar,R,183.0,ESP,28.0,210097,12.0,,Ben Shelton,L,193.0,USA,22.5,6-2 6-1,3,R64,77.0,0.0,2.0,47.0,33.0,24.0,10.0,7.0,1.0,1.0,1.0,2.0,56.0,31.0,19.0,7.0,8.0,7.0,12.0,66.0,892.0,13.0,3020.0,sackmann_archive_2025
2025-0416,Rome Masters,Clay,96,M,2025-05-07,333,200624,22.0,,Sebastian Korda,R,196.0,USA,24.8,126846,,,Aleksandar Vukic,R,188.0,AUS,29.0,6-3 6-4,3,R64,87.0,4.0,0.0,65.0,39.0,30.0,17.0,10.0,7.0,7.0,5.0,2.0,65.0,35.0,24.0,15.0,9.0,4.0,6.0,23.0,2020.0,79.0,792.0,sackmann_archive_2025
2025-0416,Rome Masters,Clay,96,M,2025-05-07,332,126610,29.0,,Matteo Berrettini,R,196.0,ITA,29.0,207985,,,Jacob Fearnley,R,183.0,GBR,23.8,6-4 7-6(0),3,R64,116.0,6.0,2.0,66.0,44.0,34.0,15.0,11.0,1.0,2.0,3.0,4.0,81.0,48.0,35.0,13.0,11.0,5.0,7.0,30.0,1670.0,57.0,953.0,sackmann_archive_2025
2025-0416,Rome Masters,Clay,96,M,2025-05-07,331,134770,6.0,,Casper Ruud,R,183.0,NOR,26.3,122330,,,Alexander Bublik,R,196.0,KAZ,27.8,6-4 4-6 6-3,3,R64,116.0,7.0,2.0,78.0,48.0,37.0,19.0,15.0,0.0,2.0,15.0,5.0,95.0,63.0,46.0,12.0,14.0,5.0,8.0,7.0,3715.0,76.0,820.0,sackmann_archive_2025
2025-0416,Rome Masters,Clay,96,M,2025-05-07,330,106218,,,Marcos Giron,R,180.0,USA,31.7,126203,4.0,,Taylor Fritz,R,196.0,USA,27.5,7-6(4) 7-6(3),3,R64,102.0,4.0,3.0,77.0,44.0,34.0,16.0,12.0,4.0,7.0,4.0,2.0,71.0,43.0,31.0,12.0,12.0,0.0,3.0,45.0,1245.0,4.0,4815.0,sackmann_archive_2025
2025-0416,Rome Masters,Clay,96,M,2025-05-07,329,128034,30.0,,Hubert Hurkacz,R,196.0,POL,28.2,124079,,,Pedro Martinez,R,185.0,ESP,28.0,6-1 7-5,3,R64,83.0,7.0,1.0,50.0,38.0,31.0,7.0,10.0,0.0,1.0,0.0,4.0,60.0,44.0,27.0,6.0,9.0,2.0,6.0,31.0,1665.0,49.0,1115.0,sackmann_archive_2025
2025-0416,Rome Masters,Clay,96,M,2025-05-07,328,210150,20.0,,Jakub Mensik,R,193.0,CZE,19.6,209263,,WC,Matteo Gigante,L,180.0,ITA,23.3,7-6(4) 7-5,3,R64,102.0,7.0,2.0,73.0,38.0,28.0,25.0,12.0,0.0,0.0,5.0,4.0,71.0,41.0,30.0,20.0,12.0,3.0,4.0,21.0,2182.0,164.0,341.0,sackmann_archive_2025
2025-0416,Rome Masters,Clay,96,M,2025-05-07,327,206681,,,Fabian Marozsan,R,193.0,HUN,25.5,126094,16.0,,Andrey Rublev,R,188.0,RUS,27.5,7-5 4-6 6-3,3,R64,142.0,8.0,2.0,104.0,67.0,48.0,15.0,16.0,5.0,9.0,5.0,1.0,108.0,58.0,42.0,21.0,15.0,13.0,18.0,61.0,935.0,17.0,2580.0,sackmann_archive_2025
2025-0416,Rome Masters,Clay,96,M,2025-05-07,326,126205,11.0,,Tommy Paul,R,185.0,USA,27.9,105138,,,Roberto Bautista Agut,R,183.0,ESP,37.0,6-1 6-4,3,R64,80.0,2.0,0.0,45.0,22.0,19.0,14.0,8.0,0.0,0.0,0.0,0.0,53.0,28.0,18.0,11.0,9.0,0.0,4.0,12.0,3210.0,56.0,969.0,sackmann_archive_2025
2025-0416,Rome Masters,Clay,96,M,2025-05-07,325,207830,19.0,,Tomas Machac,R,183.0,CZE,24.5,210530,,,Learner Tien,L,180.0,USA,19.4,6-4 6-4,3,R64,82.0,0.0,1.0,54.0,25.0,22.0,14.0,10.0,1.0,3.0,2.0,4.0,64.0,37.0,23.0,12.0,10.0,6.0,10.0,20.0,2215.0,70.0,878.0,sackmann_archive_2025
2025-0416,Rome Masters,Clay,96,M,2025-05-07,324,106198,,LL,Hugo Dellien,R,180.0,BOL,31.8,205734,,Q,Thiago Seyboth Wild,R,185.0,BRA,25.1,4-6 6-3 6-4,3,R64,135.0,2.0,1.0,88.0,57.0,40.0,17.0,15.0,1.0,4.0,4.0,1.0,88.0,58.0,40.0,11.0,14.0,5.0,9.0,103.0,587.0,120.0,493.0,sackmann_archive_2025
2025-0416,Rome Masters,Clay,96,M,2025-05-07,323,200282,7.0,,Alex De Minaur,R,183.0,AUS,26.2,208134,,WC,Luca Nardi,R,185.0,ITA,21.7,6-4 7-5,3,R64,117.0,5.0,0.0,58.0,33.0,29.0,9.0,11.0,1.0,3.0,2.0,3.0,90.0,53.0,36.0,13.0,11.0,12.0,16.0,8.0,3635.0,95.0,632.0,sackmann_archive_2025
2025-0416,Rome Masters,Clay,96,M,2025-05-07,322,207733,5.0,,Jack Draper,L,193.0,GBR,23.3,209260,,,Luciano Darderi,R,183.0,ITA,23.2,6-1 6-4,3,R64,78.0,7.0,0.0,65.0,46.0,35.0,8.0,8.0,7.0,7.0,2.0,1.0,53.0,30.0,18.0,9.0,9.0,1.0,5.0,5.0,4440.0,46.0,1204.0,sackmann_archive_2025
2025-0416,Rome Masters,Clay,96,M,2025-05-07,321,200240,,Q,Vit Kopriva,R,178.0,CZE,27.8,202104,32.0,,Sebastian Baez,R,170.0,ARG,24.3,3-6 6-4 6-4,3,R64,152.0,3.0,1.0,95.0,66.0,40.0,17.0,15.0,3.0,7.0,2.0,2.0,91.0,64.0,40.0,14.0,14.0,4.0,8.0,92.0,655.0,33.0,1540.0,sackmann_archive_2025
2025-0416,Rome Masters,Clay,96,M,2025-05-07,320,144895,,,Corentin Moutet,L,180.0,FRA,26.0,200005,21.0,,Ugo Humbert,L,188.0,FRA,26.8,6-3 4-0 RET,3,R64,69.0,1.0,1.0,39.0,21.0,14.0,11.0,6.0,5.0,6.0,0.0,2.0,51.0,34.0,14.0,8.0,7.0,3.0,8.0,83.0,752.0,22.0,2145.0,sackmann_archive_2025
2025-0416,Rome Masters,Clay,96,M,2025-05-07,319,208029,9.0,,Holger Rune,R,188.0,DEN,22.0,207681,,,Francisco Comesana,R,178.0,ARG,24.5,3-6 6-3 6-4,3,R64,177.0,3.0,2.0,136.0,93.0,59.0,21.0,14.0,18.0,20.0,4.0,4.0,96.0,59.0,40.0,19.0,14.0,7.0,10.0,10.0,3440.0,63.0,906.0,sackmann_archive_2025
2025-0416,Rome Masters,Clay,96,M,2025-05-07,318,208859,,WC,Francesco Passaro,R,180.0,ITA,24.3,105777,14.0,,Grigor Dimitrov,R,191.0,BUL,33.9,7-5 6-3,3,R64,104.0,1.0,2.0,58.0,41.0,34.0,7.0,11.0,1.0,3.0,6.0,7.0,77.0,41.0,27.0,16.0,10.0,10.0,14.0,101.0,593.0,15.0,2685.0,sackmann_archive_2025
2025-0416,Rome Masters,Clay,96,M,2025-05-07,317,111575,23.0,,Karen Khachanov,R,198.0,RUS,28.9,208882,,Q,Roman Andres Burruchaga,R,183.0,ARG,23.2,6-4 5-7 6-1,3,R64,160.0,5.0,3.0,103.0,75.0,48.0,15.0,14.0,7.0,10.0,1.0,3.0,96.0,62.0,37.0,17.0,15.0,4.0,10.0,24.0,1910.0,135.0,439.0,sackmann_archive_2025
2025-0416,Rome Masters,Clay,96,M,2025-05-07,316,111513,,,Laslo Djere,R,188.0,SRB,29.9,210506,31.0,,Alex Michelsen,R,193.0,USA,20.6,6-0 6-3,3,R64,71.0,1.0,0.0,55.0,34.0,24.0,12.0,8.0,3.0,4.0,0.0,3.0,49.0,34.0,17.0,5.0,7.0,3.0,8.0,64.0,902.0,32.0,1570.0,sackmann_archive_2025
2025-0416,Rome Masters,Clay,96,M,2025-05-07,315,207989,3.0,,Carlos Alcaraz,R,183.0,ESP,22.0,105583,,Q,Dusan Lajovic,R,183.0,SRB,34.8,6-3 6-3,3,R64,82.0,3.0,2.0,51.0,36.0,26.0,9.0,9.0,1.0,2.0,3.0,1.0,67.0,41.0,24.0,12.0,9.0,6.0,10.0,3.0,7850.0,131.0,446.0,sackmann_archive_2025
2025-0416,Rome Masters,Clay,96,M,2025-05-07,314,207518,8.0,,Lorenzo Musetti,R,185.0,ITA,23.1,202261,,Q,Otto Virtanen,R,193.0,FIN,23.8,6-3 6-2,3,R64,85.0,1.0,1.0,53.0,37.0,30.0,9.0,9.0,0.0,0.0,1.0,1.0,65.0,38.0,25.0,10.0,8.0,6.0,9.0,9.0,3550.0,130.0,455.0,sackmann_archive_2025
2025-0416,Rome Masters,Clay,96,M,2025-05-07,313,206909,28.0,,Brandon Nakashima,R,188.0,USA,23.7,111442,,,Jordan Thompson,R,183.0,AUS,31.0,W/O,3,R64,,0.0,0.0,0.0,0.0,0.0,0.0,0.0,0.0,0.0,0.0,0.0,0.0,0.0,0.0,0.0,0.0,0.0,0.0,29.0,1675.0,41.0,1355.0,sackmann_archive_2025
2025-0416,Rome Masters,Clay,96,M,2025-05-07,312,200615,24.0,,Alexei Popyrin,R,196.0,AUS,25.7,126535,,Q,Carlos Taberner,R,183.0,ESP,27.7,6-1 7-6(4),3,R64,100.0,9.0,1.0,68.0,45.0,32.0,15.0,10.0,2.0,3.0,0.0,3.0,59.0,41.0,27.0,9.0,9.0,5.0,8.0,25.0,1860.0,139.0,417.0,sackmann_archive_2025
2025-0416,Rome Masters,Clay,96,M,2025-05-07,311,106421,10.0,,Daniil Medvedev,R,198.0,RUS,29.2,111815,,LL,Cameron Norrie,L,188.0,GBR,29.7,6-4 6-2,3,R64,92.0,4.0,4.0,50.0,34.0,25.0,10.0,9.0,0.0,1.0,0.0,2.0,77.0,54.0,33.0,8.0,9.0,10.0,14.0,11.0,3290.0,91.0,667.0,sackmann_archive_2025
2025-0416,Rome Masters,Clay,96,M,2025-05-07,310,209950,13.0,,Arthur Fils,R,185.0,FRA,20.8,134868,,,Tallon Griekspoor,R,188.0,NED,28.8,6-2 6-2,3,R64,67.0,2.0,1.0,45.0,25.0,19.0,15.0,8.0,1.0,1.0,2.0,1.0,53.0,33.0,18.0,10.0,8.0,3.0,7.0,14.0,2920.0,35.0,1505.0,sackmann_archive_2025
2025-0416,Rome Masters,Clay,96,M,2025-05-07,309,126774,18.0,,Stefanos Tsitsipas,R,193.0,GRE,26.7,124186,,,Alexandre Muller,R,183.0,FRA,28.2,6-2 7-6(3),3,R64,91.0,8.0,3.0,57.0,36.0,29.0,12.0,10.0,0.0,1.0,2.0,3.0,73.0,55.0,32.0,8.0,10.0,4.0,7.0,19.0,2420.0,39.0,1403.0,sackmann_archive_2025
2025-0416,Rome Masters,Clay,96,M,2025-05-07,308,209147,,Q,Vilius Gaubas,R,178.0,LTU,20.3,133430,27.0,,Denis Shapovalov,L,185.0,CAN,26.0,6-3 6-4,3,R64,107.0,0.0,2.0,73.0,57.0,37.0,10.0,10.0,6.0,7.0,4.0,9.0,66.0,35.0,22.0,14.0,9.0,3.0,6.0,154.0,371.0,28.0,1726.0,sackmann_archive_2025
2025-0416,Rome Masters,Clay,96,M,2025-05-07,307,100644,2.0,,Alexander Zverev,R,198.0,GER,28.0,200116,,,Camilo Ugo Carabelli,R,185.0,ARG,25.8,6-2 6-1,3,R64,66.0,1.0,1.0,45.0,29.0,20.0,9.0,7.0,3.0,4.0,1.0,4.0,44.0,35.0,16.0,1.0,8.0,4.0,10.0,2.0,8085.0,60.0,944.0,sackmann_archive_2025
2025-0416,Rome Masters,Clay,96,M,2025-05-07,306,208363,,,Mariano Navone,R,178.0,ARG,24.1,210748,,WC,Federico Cina,R,183.0,ITA,18.0,6-3 6-3,3,R128,84.0,2.0,1.0,60.0,38.0,26.0,13.0,9.0,4.0,5.0,0.0,2.0,51.0,38.0,24.0,5.0,9.0,0.0,4.0,99.0,600.0,323.0,160.0,sackmann_archive_2025
2025-0416,Rome Masters,Clay,96,M,2025-05-07,305,207411,,LL,Jesper De Jong,R,180.0,NED,24.9,207686,,Q,Alexander Shevchenko,R,185.0,KAZ,24.4,6-2 6-4,3,R128,86.0,5.0,2.0,54.0,33.0,29.0,11.0,9.0,3.0,3.0,2.0,3.0,65.0,32.0,19.0,16.0,9.0,4.0,7.0,93.0,640.0,97.0,605.0,sackmann_archive_2025
2025-0416,Rome Masters,Clay,96,M,2025-05-07,304,111797,,,Nicolas Jarry,R,201.0,CHI,29.5,200384,,,Hugo Gaston,L,173.0,FRA,24.6,7-6(4) 6-4,3,R128,111.0,4.0,1.0,70.0,51.0,40.0,12.0,11.0,2.0,2.0,1.0,3.0,80.0,53.0,38.0,14.0,11.0,7.0,8.0,53.0,1010.0,78.0,793.0,sackmann_archive_2025
2025-0416,Rome Masters,Clay,96,M,2025-05-07,303,124116,,Q,Sebastian Ofner,R,191.0,AUT,28.9,106148,,,Roberto Carballes Baena,R,183.0,ESP,32.1,6-3 0-0 RET,3,R128,50.0,3.0,2.0,25.0,12.0,11.0,9.0,5.0,0.0,0.0,0.0,2.0,41.0,19.0,11.0,11.0,4.0,4.0,5.0,143.0,398.0,59.0,946.0,sackmann_archive_2025
2025-0416,Rome Masters,Clay,96,M,2025-05-07,302,144719,,,Jaume Munar,R,183.0,ESP,28.0,144642,,Q,Tomas Barrios Vera,R,191.0,CHI,27.4,4-6 6-2 7-5,3,R128,186.0,8.0,3.0,94.0,56.0,41.0,18.0,15.0,6.0,9.0,1.0,1.0,109.0,72.0,44.0,17.0,15.0,15.0,20.0,66.0,892.0,118.0,506.0,sackmann_archive_2025
2025-0416,Rome Masters,Clay,96,M,2025-05-07,301,126846,,,Aleksandar Vukic,R,188.0,AUS,29.0,134457,,Q,Nicolas Moreno De Alboran,R,185.0,USA,27.8,7-6(2) 6-2,3,R128,91.0,6.0,1.0,64.0,38.0,29.0,17.0,10.0,3.0,4.0,3.0,0.0,60.0,46.0,29.0,9.0,10.0,5.0,8.0,79.0,792.0,149.0,386.0,sackmann_archive_2025
2025-0416,Rome Masters,Clay,96,M,2025-05-07,300,207985,,,Jacob Fearnley,R,183.0,GBR,23.8,104926,,WC,Fabio Fognini,R,178.0,ITA,37.9,6-2 6-3,3,R128,80.0,1.0,5.0,53.0,29.0,20.0,12.0,9.0,2.0,4.0,1.0,1.0,55.0,27.0,14.0,12.0,8.0,3.0,8.0,57.0,953.0,107.0,566.0,sackmann_archive_2025
2025-0416,Rome Masters,Clay,96,M,2025-05-07,299,122330,,,Alexander Bublik,R,196.0,KAZ,27.8,126128,,,Roman Safiullin,R,185.0,RUS,27.7,6-3 7-6(4),3,R128,97.0,6.0,3.0,71.0,45.0,34.0,16.0,11.0,5.0,7.0,1.0,2.0,76.0,52.0,32.0,14.0,10.0,4.0,7.0,76.0,820.0,77.0,816.0,sackmann_archive_2025
2025-0416,Rome Masters,Clay,96,M,2025-05-07,298,106218,,,Marcos Giron,R,180.0,USA,31.7,209113,,,Gabriel Diallo,R,203.0,CAN,23.6,3-6 6-3 6-4,3,R128,119.0,2.0,1.0,85.0,49.0,31.0,27.0,14.0,2.0,3.0,4.0,1.0,79.0,55.0,38.0,16.0,14.0,1.0,3.0,45.0,1245.0,54.0,995.0,sackmann_archive_2025
2025-0416,Rome Masters,Clay,96,M,2025-05-07,297,124079,,,Pedro Martinez,R,185.0,ESP,28.0,208233,,,Mattia Bellucci,L,175.0,ITA,23.9,6-4 6-2,3,R128,92.0,2.0,0.0,54.0,40.0,28.0,9.0,9.0,4.0,5.0,4.0,5.0,63.0,35.0,24.0,10.0,9.0,3.0,7.0,49.0,1115.0,68.0,891.0,sackmann_archive_2025
2025-0416,Rome Masters,Clay,96,M,2025-05-07,296,209263,,WC,Matteo Gigante,L,180.0,ITA,23.3,126239,,,Arthur Rinderknech,R,196.0,FRA,29.7,7-6(4) 7-6(4),3,R128,133.0,5.0,6.0,106.0,63.0,45.0,21.0,12.0,7.0,8.0,8.0,2.0,84.0,50.0,37.0,16.0,12.0,1.0,2.0,164.0,341.0,75.0,826.0,sackmann_archive_2025
2025-0416,Rome Masters,Clay,96,M,2025-05-07,295,206681,,,Fabian Marozsan,R,193.0,HUN,25.5,211663,,,Joao Fonseca,R,185.0,BRA,18.7,6-3 7-6(4),3,R128,87.0,3.0,1.0,67.0,40.0,30.0,19.0,11.0,3.0,4.0,4.0,4.0,68.0,37.0,23.0,18.0,10.0,1.0,3.0,61.0,935.0,65.0,897.0,sackmann_archive_2025
2025-0416,Rome Masters,Clay,96,M,2025-05-07,294,105138,,,Roberto Bautista Agut,R,183.0,ESP,37.0,208286,,,Matteo Arnaldi,R,185.0,ITA,24.1,6-4 6-3,3,R128,114.0,1.0,2.0,76.0,52.0,33.0,13.0,10.0,7.0,9.0,4.0,2.0,55.0,35.0,22.0,5.0,9.0,4.0,8.0,56.0,969.0,37.0,1410.0,sackmann_archive_2025
2025-0416,Rome Masters,Clay,96,M,2025-05-07,293,210530,,,Learner Tien,L,180.0,USA,19.4,124187,,PR,Reilly Opelka,R,211.0,USA,27.6,6-4 7-6(11),3,R128,108.0,0.0,6.0,73.0,36.0,29.0,22.0,11.0,4.0,6.0,5.0,4.0,80.0,49.0,33.0,16.0,11.0,4.0,7.0,70.0,878.0,94.0,634.0,sackmann_archive_2025
2025-0416,Rome Masters,Clay,96,M,2025-05-07,292,205734,,Q,Thiago Seyboth Wild,R,185.0,BRA,25.1,132686,,,Nuno Borges,R,185.0,POR,28.2,6-1 4-6 6-4,3,R128,143.0,9.0,3.0,99.0,55.0,36.0,26.0,13.0,5.0,6.0,6.0,5.0,88.0,57.0,38.0,13.0,14.0,6.0,10.0,120.0,493.0,40.0,1360.0,sackmann_archive_2025
2025-0416,Rome Masters,Clay,96,M,2025-05-07,291,208134,,WC,Luca Nardi,R,185.0,ITA,21.7,207925,,,Flavio Cobolli,R,183.0,ITA,22.9,6-3 6-4,3,R128,88.0,1.0,5.0,56.0,27.0,20.0,19.0,10.0,0.0,1.0,2.0,5.0,64.0,31.0,21.0,16.0,9.0,6.0,9.0,95.0,632.0,34.0,1520.0,sackmann_archive_2025
2025-0416,Rome Masters,Clay,96,M,2025-05-07,290,209260,,,Luciano Darderi,R,183.0,ITA,23.2,207352,,,Bu Yunchaokete,R,185.0,CHN,23.2,7-6(4) 6-3,3,R128,111.0,7.0,3.0,65.0,36.0,26.0,20.0,10.0,2.0,2.0,4.0,2.0,70.0,35.0,27.0,18.0,11.0,1.0,3.0,46.0,1204.0,73.0,857.0,sackmann_archive_2025
2025-0416,Rome Masters,Clay,96,M,2025-05-07,289,200240,,Q,Vit Kopriva,R,178.0,CZE,27.8,111460,,,Quentin Halys,R,191.0,FRA,28.5,6-4 6-3,3,R128,93.0,2.0,5.0,56.0,33.0,26.0,11.0,9.0,1.0,2.0,3.0,2.0,72.0,48.0,33.0,6.0,10.0,5.0,9.0,92.0,655.0,52.0,1015.0,sackmann_archive_2025
2025-0416,Rome Masters,Clay,96,M,2025-05-07,288,144895,,,Corentin Moutet,L,180.0,FRA,26.0,208014,,,Rinky Hijikata,R,178.0,AUS,24.1,3-6 6-1 7-5,3,R128,153.0,1.0,6.0,101.0,62.0,38.0,23.0,14.0,9.0,12.0,1.0,1.0,87.0,53.0,32.0,19.0,14.0,6.0,11.0,83.0,752.0,82.0,761.0,sackmann_archive_2025
2025-0416,Rome Masters,Clay,96,M,2025-05-07,287,207681,,,Francisco Comesana,R,178.0,ARG,24.5,127157,,,Daniel Altmaier,R,188.0,GER,26.6,6-1 7-5,3,R128,82.0,7.0,4.0,60.0,38.0,29.0,12.0,10.0,4.0,6.0,5.0,2.0,58.0,31.0,18.0,8.0,9.0,4.0,9.0,63.0,906.0,71.0,872.0,sackmann_archive_2025
2025-0416,Rome Masters,Clay,96,M,2025-05-07,286,208859,,WC,Francesco Passaro,R,180.0,ITA,24.3,202358,,Q,Chun Hsin Tseng,R,175.0,TPE,23.7,6-0 2-6 6-3,3,R128,117.0,8.0,2.0,84.0,56.0,42.0,11.0,12.0,3.0,5.0,1.0,4.0,77.0,44.0,26.0,15.0,11.0,9.0,13.0,101.0,593.0,102.0,593.0,sackmann_archive_2025
2025-0416,Rome Masters,Clay,96,M,2025-05-07,285,208882,,Q,Roman Andres Burruchaga,R,183.0,ARG,23.2,132283,,,Lorenzo Sonego,R,191.0,ITA,29.9,6-2 6-3,3,R128,92.0,0.0,1.0,58.0,39.0,25.0,10.0,8.0,3.0,4.0,1.0,4.0,57.0,33.0,18.0,9.0,9.0,3.0,8.0,135.0,439.0,44.0,1245.0,sackmann_archive_2025
2025-0416,Rome Masters,Clay,96,M,2025-05-07,284,111513,,,Laslo Djere,R,188.0,SRB,29.9,144869,,,Tomas Martin Etcheverry,R,196.0,ARG,25.7,6-3 6-2,3,R128,74.0,1.0,2.0,41.0,25.0,21.0,12.0,8.0,0.0,0.0,2.0,2.0,51.0,32.0,21.0,7.0,9.0,3.0,7.0,64.0,902.0,51.0,1015.0,sackmann_archive_2025
2025-0416,Rome Masters,Clay,96,M,2025-05-07,283,105583,,Q,Dusan Lajovic,R,183.0,SRB,34.8,106415,,,Yoshihito Nishioka,L,170.0,JPN,29.6,7-5 6-1,3,R128,80.0,5.0,1.0,60.0,41.0,32.0,8.0,10.0,2.0,3.0,1.0,3.0,55.0,29.0,19.0,12.0,9.0,6.0,10.0,131.0,446.0,74.0,833.0,sackmann_archive_2025
2025-0416,Rome Masters,Clay,96,M,2025-05-07,282,202261,,Q,Otto Virtanen,R,193.0,FIN,23.8,209098,,,Hamad Medjedovic,R,188.0,SRB,21.7,6-4 6-4,3,R128,99.0,8.0,3.0,79.0,39.0,26.0,25.0,10.0,8.0,9.0,2.0,5.0,55.0,33.0,26.0,7.0,10.0,2.0,5.0,130.0,455.0,72.0,871.0,sackmann_archive_2025
2025-0416,Rome Masters,Clay,96,M,2025-05-07,281,111442,,,Jordan Thompson,R,183.0,AUS,31.0,208659,,,Giovanni Mpetshi Perricard,R,203.0,FRA,21.8,3-6 6-3 7-6(5),3,R128,142.0,5.0,3.0,80.0,45.0,36.0,23.0,15.0,0.0,2.0,13.0,2.0,92.0,58.0,43.0,19.0,15.0,3.0,5.0,41.0,1355.0,36.0,1464.0,sackmann_archive_2025
2025-0416,Rome Masters,Clay,96,M,2025-05-07,280,126535,,Q,Carlos Taberner,R,183.0,ESP,27.7,206499,,,Aleksandar Kovacevic,R,183.0,USA,26.6,6-3 1-6 7-5,3,R128,137.0,5.0,4.0,80.0,62.0,41.0,8.0,14.0,4.0,8.0,11.0,8.0,88.0,59.0,40.0,14.0,14.0,4.0,8.0,139.0,417.0,80.0,785.0,sackmann_archive_2025
2025-0416,Rome Masters,Clay,96,M,2025-05-07,279,111815,,LL,Cameron Norrie,L,188.0,GBR,29.7,106331,,,Christopher Oconnell,R,183.0,AUS,30.9,6-3 6-2,3,R128,76.0,2.0,1.0,55.0,31.0,27.0,14.0,9.0,3.0,3.0,5.0,0.0,48.0,30.0,16.0,12.0,8.0,2.0,5.0,91.0,667.0,81.0,765.0,sackmann_archive_2025
2025-0416,Rome Masters,Clay,96,M,2025-05-07,278,134868,,,Tallon Griekspoor,R,188.0,NED,28.8,200175,,,Miomir Kecmanovic,R,183.0,SRB,25.6,4-6 6-3 6-0,3,R128,94.0,16.0,1.0,73.0,54.0,43.0,8.0,13.0,2.0,4.0,3.0,6.0,71.0,46.0,28.0,8.0,12.0,2.0,7.0,35.0,1505.0,47.0,1186.0,sackmann_archive_2025
2025-0416,Rome Masters,Clay,96,M,2025-05-07,277,124186,,,Alexandre Muller,R,183.0,FRA,28.2,208103,,,Jiri Lehecka,R,185.0,CZE,23.4,2-6 6-3 7-6(5),3,R128,156.0,1.0,3.0,111.0,84.0,49.0,9.0,15.0,8.0,14.0,7.0,5.0,96.0,49.0,32.0,20.0,14.0,7.0,12.0,39.0,1403.0,38.0,1405.0,sackmann_archive_2025
2025-0416,Rome Masters,Clay,96,M,2025-05-07,276,209147,,Q,Vilius Gaubas,R,178.0,LTU,20.3,106000,,,Damir Dzumhur,R,175.0,BIH,32.9,7-6(3) 2-6 6-4,3,R128,147.0,0.0,0.0,103.0,77.0,43.0,15.0,15.0,6.0,12.0,0.0,1.0,85.0,54.0,36.0,12.0,15.0,2.0,7.0,154.0,371.0,69.0,881.0,sackmann_archive_2025
2025-0416,Rome Masters,Clay,96,M,2025-05-07,275,200116,,,Camilo Ugo Carabelli,R,185.0,ARG,25.8,105807,,LL,Pablo Carreno Busta,R,188.0,ESP,33.8,6-2 1-6 6-3,3,R128,126.0,1.0,3.0,78.0,55.0,33.0,13.0,12.0,0.0,3.0,1.0,1.0,75.0,52.0,31.0,13.0,12.0,7.0,11.0,60.0,944.0,98.0,601.0,sackmann_archive_2025
2025-0322,Geneva,Clay,28,A,2025-05-18,385,104925,2.0,,Novak Djokovic,R,188.0,SRB,37.9,128034,6.0,,Hubert Hurkacz,R,196.0,POL,28.2,5-7 7-6(2) 7-6(2),3,F,185.0,6.0,3.0,110.0,66.0,57.0,22.0,18.0,0.0,2.0,19.0,4.0,123.0,79.0,58.0,23.0,18.0,4.0,5.0,6.0,4080.0,31.0,1665.0,sackmann_archive_2025
2025-0322,Geneva,Clay,28,A,2025-05-18,384,128034,6.0,,Hubert Hurkacz,R,196.0,POL,28.2,124116,,Q,Sebastian Ofner,R,191.0,AUT,29.0,6-3 6-4,3,SF,60.0,7.0,0.0,47.0,33.0,29.0,11.0,10.0,0.0,0.0,1.0,3.0,59.0,38.0,24.0,12.0,9.0,5.0,7.0,31.0,1665.0,128.0,458.0,sackmann_archive_2025
2025-0322,Geneva,Clay,28,A,2025-05-18,383,104925,2.0,,Novak Djokovic,R,188.0,SRB,37.9,111815,,Q,Cameron Norrie,L,188.0,GBR,29.7,6-4 6-7(6) 6-1,3,SF,134.0,11.0,3.0,82.0,52.0,45.0,18.0,15.0,2.0,3.0,3.0,2.0,91.0,55.0,40.0,16.0,14.0,5.0,9.0,6.0,4080.0,90.0,657.0,sackmann_archive_2025
2025-0322,Geneva,Clay,28,A,2025-05-18,382,128034,6.0,,Hubert Hurkacz,R,196.0,POL,28.2,126203,1.0,,Taylor Fritz,R,196.0,USA,27.5,6-3 7-6(5),3,QF,85.0,9.0,2.0,71.0,45.0,39.0,13.0,11.0,3.0,3.0,10.0,1.0,69.0,44.0,39.0,9.0,10.0,3.0,4.0,31.0,1665.0,4.0,4625.0,sackmann_archive_2025
2025-0322,Geneva,Clay,28,A,2025-05-18,381,124116,,Q,Sebastian Ofner,R,191.0,AUT,29.0,111575,4.0,,Karen Khachanov,R,198.0,RUS,28.9,4-6 6-4 6-4,3,QF,116.0,10.0,1.0,84.0,43.0,33.0,25.0,15.0,2.0,4.0,7.0,1.0,84.0,57.0,41.0,15.0,15.0,4.0,7.0,128.0,458.0,24.0,1910.0,sackmann_archive_2025
2025-0322,Geneva,Clay,28,A,2025-05-18,380,111815,,Q,Cameron Norrie,L,188.0,GBR,29.7,200615,5.0,,Alexei Popyrin,R,196.0,AUS,25.7,7-6(6) 6-4,3,QF,103.0,0.0,2.0,66.0,44.0,33.0,15.0,11.0,4.0,5.0,6.0,0.0,79.0,53.0,37.0,12.0,11.0,5.0,7.0,90.0,657.0,25.0,1900.0,sackmann_archive_2025
2025-0322,Geneva,Clay,28,A,2025-05-18,379,104925,2.0,,Novak Djokovic,R,188.0,SRB,37.9,208286,8.0,,Matteo Arnaldi,R,185.0,ITA,24.2,6-4 6-4,3,QF,99.0,2.0,2.0,57.0,39.0,25.0,14.0,10.0,0.0,1.0,6.0,1.0,68.0,47.0,31.0,9.0,10.0,6.0,9.0,6.0,4080.0,39.0,1365.0,sackmann_archive_2025
2025-0322,Geneva,Clay,28,A,2025-05-18,378,126203,1.0,,Taylor Fritz,R,196.0,USA,27.5,111460,,,Quentin Halys,R,191.0,FRA,28.5,6-4 7-6(5),3,R16,95.0,8.0,2.0,74.0,47.0,37.0,15.0,11.0,3.0,4.0,6.0,4.0,71.0,38.0,33.0,15.0,11.0,7.0,9.0,4.0,4625.0,50.0,1024.0,sackmann_archive_2025
2025-0322,Geneva,Clay,28,A,2025-05-18,377,128034,6.0,,Hubert Hurkacz,R,196.0,POL,28.2,126239,,,Arthur Rinderknech,R,196.0,FRA,29.8,6-4 6-1,3,R16,61.0,10.0,0.0,50.0,33.0,27.0,12.0,9.0,3.0,3.0,3.0,3.0,47.0,28.0,21.0,6.0,8.0,1.0,4.0,31.0,1665.0,72.0,820.0,sackmann_archive_2025
2025-0322,Geneva,Clay,28,A,2025-05-18,376,111575,4.0,,Karen Khachanov,R,198.0,RUS,28.9,105453,,,Kei Nishikori,R,178.0,JPN,35.3,7-5 2-5 RET,3,R16,84.0,9.0,2.0,55.0,36.0,24.0,10.0,10.0,5.0,8.0,1.0,2.0,56.0,27.0,21.0,14.0,9.0,1.0,3.0,24.0,1910.0,62.0,928.0,sackmann_archive_2025
2025-0322,Geneva,Clay,28,A,2025-05-18,375,124116,,Q,Sebastian Ofner,R,191.0,AUT,29.0,132686,,,Nuno Borges,R,185.0,POR,28.2,7-6(2) 7-6(4),3,R16,113.0,6.0,3.0,88.0,49.0,37.0,22.0,12.0,4.0,7.0,4.0,4.0,87.0,62.0,42.0,12.0,12.0,5.0,8.0,128.0,458.0,41.0,1270.0,sackmann_archive_2025
2025-0322,Geneva,Clay,28,A,2025-05-18,374,200615,5.0,,Alexei Popyrin,R,196.0,AUS,25.7,207985,,,Jacob Fearnley,R,183.0,GBR,23.8,6-4 6-3,3,R16,70.0,7.0,0.0,63.0,50.0,36.0,7.0,10.0,6.0,7.0,1.0,1.0,43.0,32.0,23.0,6.0,9.0,0.0,3.0,25.0,1900.0,54.0,976.0,sackmann_archive_2025
2025-0322,Geneva,Clay,28,A,2025-05-18,373,111815,,Q,Cameron Norrie,L,188.0,GBR,29.7,207830,3.0,,Tomas Machac,R,183.0,CZE,24.5,3-6 6-2 4-3 RET,3,R16,105.0,3.0,3.0,63.0,41.0,27.0,11.0,12.0,0.0,4.0,9.0,3.0,97.0,60.0,35.0,17.0,12.0,9.0,14.0,90.0,657.0,21.0,2265.0,sackmann_archive_2025
2025-0322,Geneva,Clay,28,A,2025-05-18,372,208286,8.0,,Matteo Arnaldi,R,185.0,ITA,24.2,206681,,,Fabian Marozsan,R,193.0,HUN,25.6,6-3 7-6(3),3,R16,112.0,5.0,0.0,75.0,47.0,33.0,20.0,11.0,2.0,2.0,2.0,2.0,76.0,43.0,31.0,16.0,10.0,5.0,6.0,39.0,1365.0,56.0,975.0,sackmann_archive_2025
2025-0322,Geneva,Clay,28,A,2025-05-18,371,104925,2.0,,Novak Djokovic,R,188.0,SRB,37.9,105916,,,Marton Fucsovics,R,188.0,HUN,33.2,6-2 6-3,3,R16,77.0,4.0,1.0,48.0,35.0,28.0,10.0,9.0,0.0,0.0,0.0,0.0,53.0,30.0,16.0,11.0,8.0,3.0,6.0,6.0,4080.0,134.0,443.0,sackmann_archive_2025
2025-0322,Geneva,Clay,28,A,2025-05-18,370,111460,,,Quentin Halys,R,191.0,FRA,28.5,144719,,,Jaume Munar,R,183.0,ESP,28.0,4-6 6-3 7-6(5),3,R32,143.0,6.0,2.0,91.0,53.0,41.0,27.0,16.0,1.0,3.0,3.0,6.0,99.0,70.0,54.0,11.0,15.0,5.0,7.0,50.0,1024.0,58.0,962.0,sackmann_archive_2025
2025-0322,Geneva,Clay,28,A,2025-05-18,369,126239,,,Arthur Rinderknech,R,196.0,FRA,29.8,200175,,,Miomir Kecmanovic,R,183.0,SRB,25.7,6-4 6-2,3,R32,73.0,4.0,0.0,52.0,31.0,25.0,13.0,9.0,0.0,0.0,1.0,0.0,56.0,36.0,23.0,10.0,9.0,6.0,9.0,72.0,820.0,46.0,1146.0,sackmann_archive_2025
2025-0322,Geneva,Clay,28,A,2025-05-18,368,128034,6.0,,Hubert Hurkacz,R,196.0,POL,28.2,209070,,WC,Arthur Cazaux,R,183.0,FRA,22.7,6-3 6-4,3,R32,77.0,3.0,3.0,61.0,35.0,24.0,16.0,10.0,3.0,4.0,5.0,1.0,49.0,32.0,21.0,9.0,9.0,2.0,5.0,31.0,1665.0,113.0,508.0,sackmann_archive_2025
2025-0322,Geneva,Clay,28,A,2025-05-18,367,105453,,,Kei Nishikori,R,178.0,JPN,35.3,210530,,,Learner Tien,L,180.0,USA,19.4,4-6 6-4 6-4,3,R32,126.0,3.0,3.0,98.0,59.0,44.0,20.0,15.0,11.0,13.0,6.0,3.0,96.0,61.0,38.0,19.0,15.0,6.0,9.0,62.0,928.0,67.0,893.0,sackmann_archive_2025
2025-0322,Geneva,Clay,28,A,2025-05-18,366,124116,,Q,Sebastian Ofner,R,191.0,AUT,29.0,123809,,Q,Ivan Gakhov,L,191.0,RUS,28.5,6-1 6-2,3,R32,53.0,6.0,0.0,39.0,17.0,15.0,15.0,7.0,2.0,2.0,3.0,2.0,51.0,32.0,18.0,7.0,8.0,2.0,7.0,128.0,458.0,265.0,212.0,sackmann_archive_2025
2025-0322,Geneva,Clay,28,A,2025-05-18,365,132686,,,Nuno Borges,R,185.0,POR,28.2,210506,7.0,,Alex Michelsen,R,193.0,USA,20.7,4-6 6-3 6-3,3,R32,101.0,4.0,1.0,86.0,57.0,41.0,19.0,14.0,4.0,5.0,6.0,1.0,74.0,48.0,35.0,13.0,14.0,1.0,4.0,41.0,1270.0,33.0,1550.0,sackmann_archive_2025
2025-0322,Geneva,Clay,28,A,2025-05-18,364,200615,5.0,,Alexei Popyrin,R,196.0,AUS,25.7,111797,,,Nicolas Jarry,R,201.0,CHI,29.6,6-4 3-6 7-5,3,R32,147.0,5.0,4.0,94.0,59.0,43.0,16.0,15.0,6.0,9.0,13.0,3.0,100.0,62.0,44.0,18.0,16.0,6.0,10.0,25.0,1900.0,150.0,390.0,sackmann_archive_2025
2025-0322,Geneva,Clay,28,A,2025-05-18,363,207985,,,Jacob Fearnley,R,183.0,GBR,23.8,105583,,WC,Dusan Lajovic,R,183.0,SRB,34.8,6-4 6-1,3,R32,72.0,5.0,1.0,55.0,32.0,23.0,9.0,8.0,3.0,5.0,2.0,1.0,55.0,33.0,16.0,8.0,9.0,4.0,10.0,54.0,976.0,124.0,466.0,sackmann_archive_2025
2025-0322,Geneva,Clay,28,A,2025-05-18,362,111815,,Q,Cameron Norrie,L,188.0,GBR,29.7,208502,,WC,Dominic Stricker,L,183.0,SUI,22.7,7-6(2) 6-3,3,R32,95.0,1.0,2.0,72.0,43.0,22.0,19.0,10.0,6.0,9.0,8.0,1.0,72.0,40.0,27.0,11.0,11.0,1.0,6.0,90.0,657.0,233.0,240.0,sackmann_archive_2025
2025-0322,Geneva,Clay,28,A,2025-05-18,361,208286,8.0,,Matteo Arnaldi,R,185.0,ITA,24.2,200384,,,Hugo Gaston,L,173.0,FRA,24.6,6-7(6) 6-4 6-4,3,R32,144.0,8.0,4.0,95.0,58.0,43.0,18.0,16.0,5.0,8.0,0.0,1.0,95.0,51.0,33.0,25.0,16.0,4.0,9.0,39.0,1365.0,74.0,816.0,sackmann_archive_2025
2025-0322,Geneva,Clay,28,A,2025-05-18,360,206681,,,Fabian Marozsan,R,193.0,HUN,25.6,106264,,Q,Karue Sell,R,183.0,BRA,31.5,6-1 6-1,3,R32,45.0,4.0,0.0,33.0,23.0,20.0,9.0,7.0,0.0,0.0,0.0,0.0,38.0,19.0,7.0,8.0,7.0,1.0,6.0,56.0,975.0,300.0,175.0,sackmann_archive_2025
2025-0322,Geneva,Clay,28,A,2025-05-18,359,105916,,,Marton Fucsovics,R,188.0,HUN,33.2,200267,,,Zizou Bergs,R,185.0,BEL,25.9,6-2 6-3,3,R32,80.0,2.0,1.0,51.0,32.0,22.0,10.0,8.0,4.0,5.0,1.0,5.0,59.0,36.0,23.0,7.0,9.0,3.0,8.0,134.0,443.0,49.0,1051.0,sackmann_archive_2025
2025-0414,Hamburg,Clay,32,A,2025-05-18,385,207925,,,Flavio Cobolli,R,183.0,ITA,23.0,126094,3.0,,Andrey Rublev,R,188.0,RUS,27.5,6-2 6-4,3,F,88.0,2.0,2.0,72.0,41.0,23.0,21.0,9.0,6.0,7.0,2.0,2.0,46.0,24.0,15.0,8.0,9.0,0.0,4.0,35.0,1480.0,17.0,2540.0,sackmann_archive_2025
2025-0414,Hamburg,Clay,32,A,2025-05-18,384,126094,3.0,,Andrey Rublev,R,188.0,RUS,27.5,200000,6.0,,Felix Auger Aliassime,R,193.0,CAN,24.7,6-1 6-4,3,SF,85.0,4.0,1.0,55.0,33.0,25.0,15.0,9.0,1.0,1.0,5.0,0.0,51.0,35.0,23.0,6.0,8.0,4.0,7.0,17.0,2540.0,30.0,1685.0,sackmann_archive_2025
2025-0414,Hamburg,Clay,32,A,2025-05-18,383,207925,,,Flavio Cobolli,R,183.0,ITA,23.0,144869,,,Tomas Martin Etcheverry,R,196.0,ARG,25.8,2-6 7-5 6-4,3,SF,167.0,6.0,5.0,106.0,60.0,39.0,25.0,15.0,4.0,7.0,4.0,2.0,101.0,56.0,37.0,26.0,15.0,7.0,10.0,35.0,1480.0,55.0,975.0,sackmann_archive_2025
2025-0414,Hamburg,Clay,32,A,2025-05-18,382,200000,6.0,,Felix Auger Aliassime,R,193.0,CAN,24.7,124186,,,Alexandre Muller,R,183.0,FRA,28.2,7-6(4) 6-7(6) 6-3,3,QF,178.0,6.0,3.0,114.0,70.0,50.0,23.0,16.0,4.0,6.0,0.0,3.0,109.0,78.0,54.0,14.0,17.0,8.0,12.0,30.0,1685.0,40.0,1313.0,sackmann_archive_2025
2025-0414,Hamburg,Clay,32,A,2025-05-18,381,126094,3.0,,Andrey Rublev,R,188.0,RUS,27.5,209260,,,Luciano Darderi,R,183.0,ITA,23.2,6-1 3-6 6-3,3,QF,113.0,5.0,2.0,80.0,48.0,39.0,16.0,13.0,5.0,6.0,2.0,4.0,77.0,52.0,34.0,13.0,12.0,4.0,7.0,17.0,2540.0,45.0,1159.0,sackmann_archive_2025
2025-0414,Hamburg,Clay,32,A,2025-05-18,380,144869,,,Tomas Martin Etcheverry,R,196.0,ARG,25.8,208103,,,Jiri Lehecka,R,185.0,CZE,23.5,7-5 6-3,3,QF,112.0,2.0,0.0,64.0,40.0,26.0,16.0,11.0,4.0,6.0,2.0,0.0,74.0,53.0,30.0,10.0,10.0,4.0,8.0,55.0,975.0,37.0,1415.0,sackmann_archive_2025
2025-0414,Hamburg,Clay,32,A,2025-05-18,379,207925,,,Flavio Cobolli,R,183.0,ITA,23.0,105138,,,Roberto Bautista Agut,R,183.0,ESP,37.0,7-6(4) 6-0,3,QF,84.0,1.0,1.0,53.0,33.0,22.0,16.0,9.0,0.0,1.0,0.0,3.0,49.0,31.0,20.0,6.0,9.0,3.0,7.0,35.0,1480.0,57.0,974.0,sackmann_archive_2025
2025-0414,Hamburg,Clay,32,A,2025-05-18,378,124186,,,Alexandre Muller,R,183.0,FRA,28.2,100644,1.0,WC,Alexander Zverev,R,198.0,GER,28.0,6-3 4-6 7-6(5),3,R16,160.0,5.0,3.0,96.0,61.0,45.0,18.0,16.0,0.0,3.0,4.0,4.0,99.0,66.0,41.0,20.0,15.0,6.0,9.0,40.0,1313.0,3.0,7285.0,sackmann_archive_2025
2025-0414,Hamburg,Clay,32,A,2025-05-18,377,200000,6.0,,Felix Auger Aliassime,R,193.0,CAN,24.7,208659,,,Giovanni Mpetshi Perricard,R,203.0,FRA,21.8,6-2 6-4,3,R16,73.0,7.0,1.0,48.0,34.0,28.0,8.0,9.0,2.0,3.0,1.0,4.0,52.0,31.0,18.0,9.0,9.0,0.0,4.0,30.0,1685.0,32.0,1614.0,sackmann_archive_2025
2025-0414,Hamburg,Clay,32,A,2025-05-18,376,126094,3.0,,Andrey Rublev,R,188.0,RUS,27.5,211514,,WC,Justin Engel,U,,GER,17.6,6-3 7-5,3,R16,102.0,7.0,3.0,79.0,45.0,34.0,15.0,11.0,5.0,7.0,3.0,2.0,65.0,40.0,25.0,10.0,10.0,9.0,13.0,17.0,2540.0,333.0,154.0,sackmann_archive_2025
2025-0414,Hamburg,Clay,32,A,2025-05-18,375,209260,,,Luciano Darderi,R,183.0,ITA,23.2,206909,7.0,,Brandon Nakashima,R,188.0,USA,23.7,7-5 6-7(7) 6-2,3,R16,167.0,6.0,5.0,104.0,59.0,38.0,22.0,16.0,3.0,8.0,4.0,2.0,116.0,75.0,44.0,16.0,16.0,9.0,17.0,45.0,1159.0,29.0,1690.0,sackmann_archive_2025
2025-0414,Hamburg,Clay,32,A,2025-05-18,374,144869,,,Tomas Martin Etcheverry,R,196.0,ARG,25.8,200116,,,Camilo Ugo Carabelli,R,185.0,ARG,25.9,6-4 6-4,3,R16,114.0,10.0,1.0,68.0,41.0,32.0,14.0,10.0,1.0,1.0,3.0,4.0,80.0,42.0,31.0,17.0,10.0,10.0,12.0,55.0,975.0,52.0,1000.0,sackmann_archive_2025
2025-0414,Hamburg,Clay,32,A,2025-05-18,373,208103,,,Jiri Lehecka,R,185.0,CZE,23.5,202103,4.0,,Francisco Cerundolo,R,185.0,ARG,26.7,7-5 6-2,3,R16,100.0,3.0,0.0,64.0,44.0,27.0,12.0,10.0,5.0,8.0,1.0,4.0,75.0,46.0,26.0,10.0,10.0,4.0,10.0,37.0,1415.0,18.0,2475.0,sackmann_archive_2025
2025-0414,Hamburg,Clay,32,A,2025-05-18,372,207925,,,Flavio Cobolli,R,183.0,ITA,23.0,200221,5.0,,Alejandro Davidovich Fokina,R,183.0,ESP,25.9,6-4 7-5,3,R16,106.0,2.0,2.0,75.0,45.0,27.0,16.0,11.0,3.0,7.0,0.0,0.0,69.0,52.0,25.0,9.0,11.0,8.0,14.0,35.0,1480.0,26.0,1730.0,sackmann_archive_2025
2025-0414,Hamburg,Clay,32,A,2025-05-18,371,105138,,,Roberto Bautista Agut,R,183.0,ESP,37.0,126207,2.0,,Frances Tiafoe,R,188.0,USA,27.3,6-2 6-3,3,R16,86.0,4.0,6.0,62.0,32.0,26.0,16.0,9.0,1.0,1.0,5.0,1.0,47.0,26.0,17.0,9.0,8.0,2.0,5.0,57.0,974.0,15.0,2625.0,sackmann_archive_2025
2025-0414,Hamburg,Clay,32,A,2025-05-18,370,100644,1.0,WC,Alexander Zverev,R,198.0,GER,28.0,206499,,Q,Aleksandar Kovacevic,R,183.0,USA,26.7,6-1 7-6(5),3,R32,94.0,7.0,0.0,49.0,35.0,31.0,8.0,9.0,0.0,1.0,4.0,0.0,74.0,38.0,23.0,18.0,10.0,1.0,5.0,3.0,7285.0,80.0,787.0,sackmann_archive_2025
2025-0414,Hamburg,Clay,32,A,2025-05-18,369,124186,,,Alexandre Muller,R,183.0,FRA,28.2,111200,,Q,Elias Ymer,R,185.0,SWE,29.1,6-3 7-5,3,R32,114.0,2.0,1.0,86.0,61.0,34.0,15.0,11.0,12.0,15.0,3.0,3.0,67.0,42.0,26.0,8.0,10.0,5.0,10.0,40.0,1313.0,279.0,190.0,sackmann_archive_2025
2025-0414,Hamburg,Clay,32,A,2025-05-18,368,208659,,,Giovanni Mpetshi Perricard,R,203.0,FRA,21.8,122330,,,Alexander Bublik,R,196.0,KAZ,27.9,7-6(6) 6-4,3,R32,84.0,10.0,5.0,79.0,52.0,42.0,13.0,11.0,4.0,5.0,7.0,2.0,65.0,44.0,31.0,12.0,11.0,2.0,4.0,32.0,1614.0,51.0,1005.0,sackmann_archive_2025
2025-0414,Hamburg,Clay,32,A,2025-05-18,367,200000,6.0,,Felix Auger Aliassime,R,193.0,CAN,24.7,127157,,,Daniel Altmaier,R,188.0,GER,26.6,6-3 6-3,3,R32,79.0,5.0,1.0,48.0,33.0,29.0,8.0,9.0,1.0,1.0,2.0,3.0,59.0,35.0,24.0,10.0,9.0,3.0,6.0,30.0,1685.0,66.0,906.0,sackmann_archive_2025
2025-0414,Hamburg,Clay,32,A,2025-05-18,366,126094,3.0,,Andrey Rublev,R,188.0,RUS,27.5,106000,,,Damir Dzumhur,R,175.0,BIH,32.9,6-4 6-3,3,R32,89.0,3.0,1.0,67.0,35.0,29.0,11.0,10.0,3.0,5.0,2.0,5.0,65.0,42.0,22.0,13.0,9.0,5.0,9.0,17.0,2540.0,69.0,875.0,sackmann_archive_2025
2025-0414,Hamburg,Clay,32,A,2025-05-18,365,211514,,WC,Justin Engel,U,,GER,17.6,105526,,WC,Jan Lennard Struff,R,193.0,GER,35.0,7-6(4) 7-6(4),3,R32,100.0,11.0,5.0,87.0,53.0,43.0,17.0,12.0,3.0,4.0,3.0,1.0,70.0,40.0,33.0,19.0,12.0,1.0,2.0,333.0,154.0,86.0,690.0,sackmann_archive_2025
2025-0414,Hamburg,Clay,32,A,2025-05-18,364,209260,,,Luciano Darderi,R,183.0,ITA,23.2,212309,,WC,Diego Dedura Palomero,L,178.0,GER,17.1,6-1 6-4,3,R32,69.0,4.0,5.0,57.0,29.0,26.0,14.0,9.0,6.0,6.0,0.0,3.0,45.0,30.0,20.0,5.0,8.0,0.0,3.0,45.0,1159.0,372.0,130.0,sackmann_archive_2025
2025-0414,Hamburg,Clay,32,A,2025-05-18,363,206909,7.0,,Brandon Nakashima,R,188.0,USA,23.7,209920,,Q,Raphael Collignon,R,191.0,BEL,23.3,6-5 RET,3,R32,60.0,1.0,2.0,39.0,22.0,15.0,4.0,6.0,2.0,5.0,2.0,7.0,34.0,17.0,11.0,4.0,5.0,2.0,5.0,29.0,1690.0,84.0,726.0,sackmann_archive_2025
2025-0414,Hamburg,Clay,32,A,2025-05-18,362,200116,,,Camilo Ugo Carabelli,R,185.0,ARG,25.9,202104,8.0,,Sebastian Baez,R,170.0,ARG,24.3,6-3 2-6 6-4,3,R32,145.0,3.0,4.0,116.0,69.0,40.0,23.0,14.0,12.0,17.0,0.0,1.0,73.0,55.0,32.0,7.0,13.0,2.0,7.0,52.0,1000.0,36.0,1450.0,sackmann_archive_2025
2025-0414,Hamburg,Clay,32,A,2025-05-18,361,144869,,,Tomas Martin Etcheverry,R,196.0,ARG,25.8,207681,,,Francisco Comesana,R,178.0,ARG,24.6,7-6(4) 6-3,3,R32,119.0,3.0,0.0,75.0,39.0,30.0,19.0,11.0,3.0,4.0,2.0,3.0,65.0,36.0,27.0,11.0,10.0,3.0,5.0,55.0,975.0,64.0,911.0,sackmann_archive_2025
2025-0414,Hamburg,Clay,32,A,2025-05-18,360,208103,,,Jiri Lehecka,R,185.0,CZE,23.5,127339,,Q,Borna Gojo,R,196.0,CRO,27.2,6-4 3-6 6-2,3,R32,115.0,4.0,1.0,74.0,50.0,36.0,15.0,13.0,3.0,5.0,5.0,1.0,88.0,57.0,39.0,12.0,14.0,3.0,7.0,37.0,1415.0,255.0,221.0,sackmann_archive_2025
2025-0414,Hamburg,Clay,32,A,2025-05-18,359,202103,4.0,,Francisco Cerundolo,R,185.0,ARG,26.7,124079,,,Pedro Martinez,R,185.0,ESP,28.0,6-2 6-3,3,R32,88.0,6.0,6.0,53.0,23.0,13.0,14.0,9.0,1.0,5.0,0.0,1.0,57.0,44.0,17.0,3.0,8.0,3.0,10.0,18.0,2475.0,48.0,1070.0,sackmann_archive_2025
2025-0414,Hamburg,Clay,32,A,2025-05-18,358,200221,5.0,,Alejandro Davidovich Fokina,R,183.0,ESP,25.9,104792,,,Gael Monfils,R,193.0,FRA,38.7,6-3 6-3,3,R32,83.0,1.0,1.0,65.0,48.0,33.0,7.0,9.0,3.0,4.0,6.0,4.0,59.0,35.0,21.0,10.0,9.0,6.0,10.0,26.0,1730.0,42.0,1265.0,sackmann_archive_2025
2025-0414,Hamburg,Clay,32,A,2025-05-18,357,207925,,,Flavio Cobolli,R,183.0,ITA,23.0,126964,,LL,Vitaliy Sachko,R,188.0,UKR,27.8,5-7 6-2 6-2,3,R32,157.0,4.0,5.0,106.0,65.0,41.0,16.0,14.0,6.0,11.0,1.0,4.0,106.0,62.0,34.0,16.0,14.0,15.0,23.0,35.0,1480.0,235.0,237.0,sackmann_archive_2025
2025-0414,Hamburg,Clay,32,A,2025-05-18,356,105138,,,Roberto Bautista Agut,R,183.0,ESP,37.0,106218,,,Marcos Giron,R,180.0,USA,31.8,7-6(5) 6-0,3,R32,97.0,0.0,0.0,65.0,38.0,25.0,14.0,9.0,1.0,3.0,5.0,1.0,58.0,29.0,18.0,9.0,9.0,4.0,9.0,57.0,974.0,43.0,1265.0,sackmann_archive_2025
2025-0414,Hamburg,Clay,32,A,2025-05-18,355,126207,2.0,,Frances Tiafoe,R,188.0,USA,27.3,207352,,,Bu Yunchaokete,R,185.0,CHN,23.3,7-5 6-2,3,R32,88.0,4.0,3.0,63.0,33.0,26.0,17.0,10.0,3.0,4.0,5.0,5.0,62.0,29.0,21.0,13.0,10.0,5.0,9.0,15.0,2625.0,70.0,874.0,sackmann_archive_2025
2025-0440,s Hertogenbosch,Grass,28,A,2025-06-09,385,209113,,,Gabriel Diallo,R,203.0,CAN,23.7,200267,,,Zizou Bergs,R,185.0,BEL,26.0,7-5 7-6(8),3,F,118.0,9.0,2.0,77.0,49.0,37.0,21.0,12.0,2.0,2.0,7.0,5.0,81.0,46.0,33.0,22.0,12.0,0.0,1.0,55.0,1007.0,63.0,931.0,sackmann_archive_2025
2025-0440,s Hertogenbosch,Grass,28,A,2025-06-09,384,200267,,,Zizou Bergs,R,185.0,BEL,26.0,124187,,LL,Reilly Opelka,R,211.0,USA,27.7,6-1 6-4,3,SF,68.0,5.0,1.0,47.0,23.0,21.0,15.0,9.0,0.0,0.0,3.0,1.0,52.0,34.0,22.0,6.0,8.0,4.0,7.0,63.0,931.0,87.0,701.0,sackmann_archive_2025
2025-0440,s Hertogenbosch,Grass,28,A,2025-06-09,383,209113,,,Gabriel Diallo,R,203.0,CAN,23.7,200005,2.0,,Ugo Humbert,L,188.0,FRA,26.9,6-3 7-6(4),3,SF,104.0,4.0,0.0,64.0,42.0,35.0,15.0,11.0,0.0,0.0,2.0,0.0,68.0,41.0,27.0,17.0,10.0,4.0,5.0,55.0,1007.0,20.0,2195.0,sackmann_archive_2025
2025-0440,s Hertogenbosch,Grass,28,A,2025-06-09,382,124187,,LL,Reilly Opelka,R,211.0,USA,27.7,106421,1.0,,Daniil Medvedev,R,198.0,RUS,29.3,7-6(5) 7-6(5),3,QF,96.0,24.0,0.0,78.0,56.0,47.0,13.0,12.0,3.0,3.0,7.0,5.0,77.0,47.0,43.0,14.0,12.0,1.0,1.0,87.0,701.0,11.0,3100.0,sackmann_archive_2025
2025-0440,s Hertogenbosch,Grass,28,A,2025-06-09,381,200267,,,Zizou Bergs,R,185.0,BEL,26.0,210136,,Q,Mark Lajal,R,191.0,EST,22.0,7-6(2) 7-6(4),3,QF,147.0,8.0,3.0,91.0,47.0,37.0,23.0,12.0,7.0,9.0,6.0,4.0,99.0,64.0,46.0,14.0,12.0,9.0,11.0,63.0,931.0,195.0,279.0,sackmann_archive_2025
2025-0440,s Hertogenbosch,Grass,28,A,2025-06-09,380,209113,,,Gabriel Diallo,R,203.0,CAN,23.7,111575,3.0,,Karen Khachanov,R,198.0,RUS,29.0,7-6(6) 6-4,3,QF,112.0,19.0,3.0,74.0,47.0,35.0,15.0,11.0,4.0,5.0,7.0,4.0,79.0,46.0,31.0,18.0,11.0,6.0,8.0,55.0,1007.0,24.0,2010.0,sackmann_archive_2025
2025-0440,s Hertogenbosch,Grass,28,A,2025-06-09,379,200005,2.0,,Ugo Humbert,L,188.0,FRA,26.9,132686,7.0,,Nuno Borges,R,185.0,POR,28.3,6-1 6-4,3,QF,68.0,5.0,2.0,48.0,33.0,27.0,10.0,9.0,0.0,0.0,5.0,0.0,49.0,33.0,18.0,10.0,8.0,3.0,6.0,20.0,2195.0,38.0,1375.0,sackmann_archive_2025
2025-0440,s Hertogenbosch,Grass,28,A,2025-06-09,378,106421,1.0,,Daniil Medvedev,R,198.0,RUS,29.3,105173,,LL,Adrian Mannarino,L,180.0,FRA,36.9,7-6(6) 6-4,3,R16,125.0,9.0,4.0,63.0,41.0,34.0,14.0,11.0,0.0,1.0,2.0,1.0,98.0,61.0,38.0,20.0,11.0,7.0,9.0,11.0,3100.0,127.0,462.0,sackmann_archive_2025
2025-0440,s Hertogenbosch,Grass,28,A,2025-06-09,377,124187,,LL,Reilly Opelka,R,211.0,USA,27.7,111797,,,Nicolas Jarry,R,201.0,CHI,29.6,7-6(5) 6-3,3,R16,79.0,12.0,2.0,62.0,40.0,34.0,12.0,11.0,0.0,1.0,9.0,2.0,57.0,36.0,29.0,10.0,10.0,1.0,3.0,87.0,701.0,150.0,398.0,sackmann_archive_2025
2025-0440,s Hertogenbosch,Grass,28,A,2025-06-09,376,200267,,,Zizou Bergs,R,185.0,BEL,26.0,200615,4.0,,Alexei Popyrin,R,196.0,AUS,25.8,6-7(3) 6-2 7-6(3),3,R16,182.0,7.0,11.0,128.0,62.0,40.0,32.0,16.0,13.0,18.0,8.0,6.0,127.0,76.0,45.0,21.0,16.0,10.0,17.0,63.0,931.0,21.0,2140.0,sackmann_archive_2025
2025-0440,s Hertogenbosch,Grass,28,A,2025-06-09,375,210136,,Q,Mark Lajal,R,191.0,EST,22.0,128034,5.0,,Hubert Hurkacz,R,196.0,POL,28.3,W/O,3,R16,,0.0,0.0,0.0,0.0,0.0,0.0,0.0,0.0,0.0,0.0,0.0,0.0,0.0,0.0,0.0,0.0,0.0,0.0,195.0,279.0,32.0,1640.0,sackmann_archive_2025
2025-0440,s Hertogenbosch,Grass,28,A,2025-06-09,374,209113,,,Gabriel Diallo,R,203.0,CAN,23.7,111442,6.0,,Jordan Thompson,R,183.0,AUS,31.1,4-6 6-1 7-5,3,R16,128.0,11.0,0.0,88.0,65.0,49.0,13.0,15.0,9.0,10.0,4.0,3.0,82.0,50.0,37.0,16.0,14.0,4.0,7.0,55.0,1007.0,37.0,1375.0,sackmann_archive_2025
2025-0440,s Hertogenbosch,Grass,28,A,2025-06-09,373,111575,3.0,,Karen Khachanov,R,198.0,RUS,29.0,111456,,Q,Mackenzie Mcdonald,R,178.0,USA,30.1,6-3 5-7 7-6(4),3,R16,151.0,13.0,1.0,103.0,61.0,50.0,22.0,17.0,1.0,3.0,4.0,2.0,108.0,75.0,55.0,15.0,16.0,7.0,9.0,24.0,2010.0,99.0,617.0,sackmann_archive_2025
2025-0440,s Hertogenbosch,Grass,28,A,2025-06-09,372,132686,,,Nuno Borges,R,185.0,POR,28.3,202261,,WC,Otto Virtanen,R,193.0,FIN,23.9,W/O,3,R16,,,,,,,,,,,,,,,,,,,,38.0,1375.0,101.0,605.0,sackmann_archive_2025
2025-0440,s Hertogenbosch,Grass,28,A,2025-06-09,371,200005,2.0,,Ugo Humbert,L,188.0,FRA,26.9,105554,,Q,Daniel Evans,R,175.0,GBR,35.0,7-5 6-3,3,R16,100.0,5.0,3.0,70.0,37.0,29.0,20.0,11.0,5.0,6.0,2.0,6.0,57.0,29.0,20.0,13.0,10.0,0.0,3.0,20.0,2195.0,217.0,253.0,sackmann_archive_2025
2025-0440,s Hertogenbosch,Grass,28,A,2025-06-09,370,105173,,LL,Adrian Mannarino,L,180.0,FRA,36.9,106331,,,Christopher Oconnell,R,183.0,AUS,31.0,6-1 6-3,3,R32,88.0,3.0,2.0,56.0,26.0,20.0,19.0,8.0,4.0,4.0,1.0,0.0,65.0,35.0,20.0,14.0,8.0,10.0,14.0,127.0,462.0,80.0,772.0,sackmann_archive_2025
2025-0440,s Hertogenbosch,Grass,28,A,2025-06-09,369,124187,,LL,Reilly Opelka,R,211.0,USA,27.7,207411,,WC,Jesper De Jong,R,180.0,NED,25.0,6-7(5) 7-6(5) 6-2,3,R32,163.0,19.0,3.0,107.0,63.0,48.0,28.0,16.0,9.0,10.0,5.0,6.0,120.0,71.0,52.0,25.0,16.0,6.0,9.0,87.0,701.0,92.0,660.0,sackmann_archive_2025
2025-0440,s Hertogenbosch,Grass,28,A,2025-06-09,368,111797,,,Nicolas Jarry,R,201.0,CHI,29.6,209260,8.0,,Luciano Darderi,R,183.0,ITA,23.3,5-7 6-4 7-6(3),3,R32,150.0,15.0,4.0,111.0,77.0,57.0,20.0,17.0,10.0,12.0,7.0,3.0,113.0,75.0,53.0,23.0,17.0,7.0,9.0,150.0,398.0,48.0,1119.0,sackmann_archive_2025
2025-0440,s Hertogenbosch,Grass,28,A,2025-06-09,367,200267,,,Zizou Bergs,R,185.0,BEL,26.0,210696,,Q,Alexander Blockx,R,191.0,BEL,20.1,6-3 1-6 7-6(3),3,R32,169.0,5.0,12.0,125.0,72.0,54.0,20.0,14.0,13.0,16.0,3.0,1.0,98.0,65.0,44.0,19.0,14.0,6.0,8.0,63.0,931.0,145.0,410.0,sackmann_archive_2025
2025-0440,s Hertogenbosch,Grass,28,A,2025-06-09,366,210136,,Q,Mark Lajal,R,191.0,EST,22.0,111513,,,Laslo Djere,R,188.0,SRB,30.0,6-2 6-4,3,R32,78.0,3.0,2.0,52.0,36.0,28.0,10.0,9.0,4.0,4.0,3.0,3.0,60.0,35.0,22.0,11.0,9.0,1.0,4.0,195.0,279.0,64.0,927.0,sackmann_archive_2025
2025-0440,s Hertogenbosch,Grass,28,A,2025-06-09,365,128034,5.0,,Hubert Hurkacz,R,196.0,POL,28.3,105138,,,Roberto Bautista Agut,R,183.0,ESP,37.1,7-6(2) 6-4,3,R32,98.0,16.0,2.0,66.0,45.0,40.0,12.0,11.0,2.0,2.0,0.0,0.0,76.0,50.0,37.0,14.0,11.0,4.0,5.0,32.0,1640.0,50.0,1064.0,sackmann_archive_2025
2025-0440,s Hertogenbosch,Grass,28,A,2025-06-09,364,111442,6.0,,Jordan Thompson,R,183.0,AUS,31.1,206499,,,Aleksandar Kovacevic,R,183.0,USA,26.7,6-4 6-4,3,R32,80.0,7.0,0.0,46.0,24.0,22.0,18.0,10.0,0.0,0.0,6.0,0.0,63.0,37.0,27.0,14.0,10.0,6.0,8.0,37.0,1375.0,76.0,799.0,sackmann_archive_2025
2025-0440,s Hertogenbosch,Grass,28,A,2025-06-09,363,209113,,,Gabriel Diallo,R,203.0,CAN,23.7,126846,,,Aleksandar Vukic,R,188.0,AUS,29.1,7-5 7-6(2),3,R32,92.0,13.0,0.0,77.0,54.0,41.0,15.0,12.0,4.0,4.0,8.0,3.0,64.0,36.0,30.0,15.0,12.0,0.0,1.0,55.0,1007.0,79.0,783.0,sackmann_archive_2025
2025-0440,s Hertogenbosch,Grass,28,A,2025-06-09,362,111456,,Q,Mackenzie Mcdonald,R,178.0,USA,30.1,208233,,,Mattia Bellucci,L,175.0,ITA,24.0,6-1 6-7(4) 6-3,3,R32,161.0,4.0,4.0,103.0,74.0,52.0,17.0,15.0,4.0,5.0,6.0,3.0,78.0,43.0,28.0,18.0,13.0,5.0,9.0,99.0,617.0,72.0,861.0,sackmann_archive_2025
2025-0440,s Hertogenbosch,Grass,28,A,2025-06-09,361,132686,7.0,,Nuno Borges,R,185.0,POR,28.3,210460,,NG,Nishesh Basavareddy,R,180.0,USA,20.1,7-6(2) 6-2,3,R32,73.0,12.0,1.0,54.0,43.0,37.0,6.0,10.0,2.0,3.0,2.0,7.0,69.0,37.0,24.0,15.0,10.0,4.0,7.0,38.0,1375.0,105.0,582.0,sackmann_archive_2025
2025-0440,s Hertogenbosch,Grass,28,A,2025-06-09,360,202261,,WC,Otto Virtanen,R,193.0,FIN,23.9,144869,,,Tomas Martin Etcheverry,R,196.0,ARG,25.8,7-6(6) 7-5,3,R32,143.0,7.0,3.0,77.0,45.0,35.0,14.0,12.0,1.0,4.0,4.0,2.0,103.0,75.0,44.0,13.0,12.0,14.0,18.0,101.0,605.0,62.0,935.0,sackmann_archive_2025
2025-0440,s Hertogenbosch,Grass,28,A,2025-06-09,359,105554,,Q,Daniel Evans,R,175.0,GBR,35.0,208014,,,Rinky Hijikata,R,178.0,AUS,24.2,3-6 6-4 6-3,3,R32,135.0,5.0,5.0,96.0,47.0,29.0,26.0,14.0,10.0,14.0,5.0,4.0,88.0,49.0,32.0,19.0,14.0,6.0,11.0,217.0,253.0,75.0,811.0,sackmann_archive_2025
2025-0321,Stuttgart,Grass,28,A,2025-06-09,385,126203,2.0,,Taylor Fritz,R,196.0,USA,27.6,100644,1.0,,Alexander Zverev,R,198.0,GER,28.1,6-3 7-6(0),3,F,85.0,11.0,0.0,59.0,42.0,37.0,12.0,11.0,0.0,0.0,6.0,2.0,64.0,45.0,33.0,8.0,10.0,2.0,3.0,7.0,4485.0,3.0,6385.0,sackmann_archive_2025
2025-0321,Stuttgart,Grass,28,A,2025-06-09,384,100644,1.0,,Alexander Zverev,R,198.0,GER,28.1,210097,3.0,,Ben Shelton,L,193.0,USA,22.6,7-6(8) 7-6(1),3,SF,121.0,15.0,1.0,75.0,58.0,50.0,10.0,12.0,0.0,0.0,21.0,5.0,97.0,60.0,47.0,18.0,12.0,6.0,6.0,3.0,6385.0,12.0,3080.0,sackmann_archive_2025
2025-0321,Stuttgart,Grass,28,A,2025-06-09,383,126203,2.0,,Taylor Fritz,R,196.0,USA,27.6,200000,4.0,,Felix Auger Aliassime,R,193.0,CAN,24.8,6-4 7-6(5),3,SF,88.0,10.0,1.0,57.0,37.0,32.0,17.0,11.0,0.0,0.0,15.0,1.0,67.0,47.0,38.0,10.0,11.0,1.0,2.0,7.0,4485.0,29.0,1685.0,sackmann_archive_2025
2025-0321,Stuttgart,Grass,28,A,2025-06-09,382,100644,1.0,,Alexander Zverev,R,198.0,GER,28.1,206909,6.0,,Brandon Nakashima,R,188.0,USA,23.8,7-5 6-4,3,QF,90.0,8.0,1.0,66.0,47.0,36.0,13.0,11.0,2.0,2.0,5.0,0.0,64.0,45.0,29.0,12.0,11.0,1.0,3.0,3.0,6385.0,31.0,1650.0,sackmann_archive_2025
2025-0321,Stuttgart,Grass,28,A,2025-06-09,381,210097,3.0,,Ben Shelton,L,193.0,USA,22.6,208103,8.0,,Jiri Lehecka,R,185.0,CZE,23.5,6-4 6-4,3,QF,60.0,18.0,3.0,44.0,28.0,28.0,12.0,10.0,0.0,0.0,7.0,6.0,48.0,30.0,29.0,6.0,10.0,2.0,4.0,12.0,3080.0,33.0,1605.0,sackmann_archive_2025
2025-0321,Stuttgart,Grass,28,A,2025-06-09,380,200000,4.0,,Felix Auger Aliassime,R,193.0,CAN,24.8,211514,,WC,Justin Engel,U,,GER,17.6,7-6(3) 6-3,3,QF,98.0,18.0,2.0,60.0,42.0,36.0,13.0,11.0,1.0,2.0,7.0,4.0,77.0,39.0,30.0,17.0,10.0,4.0,6.0,29.0,1685.0,281.0,191.0,sackmann_archive_2025
2025-0321,Stuttgart,Grass,28,A,2025-06-09,379,126203,2.0,,Taylor Fritz,R,196.0,USA,27.6,105916,,Q,Marton Fucsovics,R,188.0,HUN,33.3,6-3 6-4,3,QF,75.0,12.0,2.0,55.0,38.0,35.0,6.0,10.0,2.0,2.0,3.0,1.0,58.0,28.0,24.0,12.0,9.0,2.0,4.0,7.0,4485.0,112.0,508.0,sackmann_archive_2025
2025-0321,Stuttgart,Grass,28,A,2025-06-09,378,100644,1.0,,Alexander Zverev,R,198.0,GER,28.1,144895,,,Corentin Moutet,L,180.0,FRA,26.1,6-2 7-6(7),3,R16,111.0,6.0,4.0,78.0,52.0,35.0,13.0,10.0,5.0,7.0,1.0,6.0,69.0,37.0,23.0,15.0,10.0,2.0,6.0,3.0,6385.0,91.0,662.0,sackmann_archive_2025
2025-0321,Stuttgart,Grass,28,A,2025-06-09,377,206909,6.0,,Brandon Nakashima,R,188.0,USA,23.8,210530,,,Learner Tien,L,180.0,USA,19.5,7-6(5) 6-3,3,R16,90.0,4.0,1.0,55.0,37.0,32.0,13.0,10.0,0.0,0.0,5.0,2.0,81.0,48.0,31.0,20.0,11.0,9.0,11.0,31.0,1650.0,68.0,888.0,sackmann_archive_2025
2025-0321,Stuttgart,Grass,28,A,2025-06-09,376,210097,3.0,,Ben Shelton,L,193.0,USA,22.6,105732,,Q,Pierre Hugues Herbert,R,188.0,FRA,34.2,7-6(4) 7-5,3,R16,110.0,8.0,3.0,77.0,45.0,37.0,21.0,12.0,4.0,4.0,8.0,6.0,77.0,37.0,29.0,24.0,12.0,4.0,5.0,12.0,3080.0,132.0,449.0,sackmann_archive_2025
2025-0321,Stuttgart,Grass,28,A,2025-06-09,375,208103,8.0,,Jiri Lehecka,R,185.0,CZE,23.5,105526,,WC,Jan Lennard Struff,R,193.0,GER,35.1,6-4 7-5,3,R16,86.0,11.0,1.0,65.0,41.0,31.0,16.0,11.0,2.0,2.0,6.0,6.0,75.0,43.0,34.0,14.0,11.0,7.0,9.0,33.0,1605.0,103.0,600.0,sackmann_archive_2025
2025-0321,Stuttgart,Grass,28,A,2025-06-09,374,211514,,WC,Justin Engel,U,,GER,17.6,210506,7.0,,Alex Michelsen,R,193.0,USA,20.7,6-4 6-4,3,R16,77.0,5.0,1.0,47.0,31.0,31.0,9.0,10.0,0.0,0.0,10.0,5.0,69.0,42.0,28.0,12.0,10.0,3.0,5.0,281.0,191.0,35.0,1550.0,sackmann_archive_2025
2025-0321,Stuttgart,Grass,28,A,2025-06-09,373,200000,4.0,,Felix Auger Aliassime,R,193.0,CAN,24.8,208659,,,Giovanni Mpetshi Perricard,R,203.0,FRA,21.9,6-4 6-4,3,R16,77.0,3.0,2.0,50.0,27.0,24.0,15.0,10.0,3.0,4.0,8.0,3.0,60.0,37.0,30.0,8.0,10.0,1.0,4.0,29.0,1685.0,36.0,1464.0,sackmann_archive_2025
2025-0321,Stuttgart,Grass,28,A,2025-06-09,372,105916,,Q,Marton Fucsovics,R,188.0,HUN,33.3,126239,,,Arthur Rinderknech,R,196.0,FRA,29.8,7-6(4) 6-3,3,R16,91.0,11.0,1.0,59.0,36.0,33.0,16.0,11.0,0.0,0.0,3.0,0.0,64.0,43.0,33.0,10.0,10.0,0.0,1.0,112.0,508.0,81.0,761.0,sackmann_archive_2025
2025-0321,Stuttgart,Grass,28,A,2025-06-09,371,126203,2.0,,Taylor Fritz,R,196.0,USA,27.6,111460,,,Quentin Halys,R,191.0,FRA,28.6,6-3 7-6(6),3,R16,83.0,12.0,3.0,69.0,42.0,34.0,20.0,11.0,2.0,2.0,12.0,4.0,64.0,34.0,29.0,17.0,10.0,1.0,2.0,7.0,4485.0,47.0,1123.0,sackmann_archive_2025
2025-0321,Stuttgart,Grass,28,A,2025-06-09,370,144895,,,Corentin Moutet,L,180.0,FRA,26.1,104926,,WC,Fabio Fognini,R,178.0,ITA,38.0,6-4 6-7(3) 6-3,3,R32,131.0,4.0,3.0,101.0,51.0,43.0,25.0,16.0,3.0,4.0,1.0,6.0,87.0,48.0,36.0,22.0,15.0,1.0,4.0,91.0,662.0,117.0,486.0,sackmann_archive_2025
2025-0321,Stuttgart,Grass,28,A,2025-06-09,369,210530,,,Learner Tien,L,180.0,USA,19.5,106415,,,Yoshihito Nishioka,L,170.0,JPN,29.7,6-7(3) 7-6(3) 0-0 RET,3,R32,105.0,9.0,7.0,80.0,48.0,41.0,12.0,12.0,1.0,2.0,2.0,3.0,77.0,47.0,37.0,17.0,12.0,1.0,2.0,68.0,888.0,78.0,787.0,sackmann_archive_2025
2025-0321,Stuttgart,Grass,28,A,2025-06-09,368,206909,6.0,,Brandon Nakashima,R,188.0,USA,23.8,207985,,,Jacob Fearnley,R,183.0,GBR,23.9,4-6 7-6(4) 6-1,3,R32,113.0,12.0,1.0,85.0,65.0,50.0,8.0,14.0,1.0,3.0,9.0,6.0,86.0,49.0,36.0,17.0,15.0,4.0,8.0,31.0,1650.0,49.0,1078.0,sackmann_archive_2025
2025-0321,Stuttgart,Grass,28,A,2025-06-09,367,105732,,Q,Pierre Hugues Herbert,R,188.0,FRA,34.2,106000,,,Damir Dzumhur,R,175.0,BIH,33.0,6-4 3-0 RET,3,R32,54.0,7.0,5.0,44.0,19.0,17.0,14.0,7.0,2.0,2.0,2.0,4.0,34.0,19.0,13.0,8.0,6.0,1.0,3.0,132.0,449.0,67.0,900.0,sackmann_archive_2025
2025-0321,Stuttgart,Grass,28,A,2025-06-09,366,105526,,WC,Jan Lennard Struff,R,193.0,GER,35.1,208286,,,Matteo Arnaldi,R,185.0,ITA,24.2,6-4 6-4,3,R32,73.0,10.0,3.0,54.0,31.0,28.0,13.0,10.0,1.0,1.0,3.0,3.0,65.0,38.0,26.0,14.0,10.0,2.0,4.0,103.0,600.0,41.0,1265.0,sackmann_archive_2025
2025-0321,Stuttgart,Grass,28,A,2025-06-09,365,208103,8.0,,Jiri Lehecka,R,185.0,CZE,23.5,126127,,,Benjamin Bonzi,R,183.0,FRA,28.9,6-4 6-4,3,R32,75.0,13.0,2.0,56.0,37.0,33.0,10.0,10.0,2.0,2.0,4.0,0.0,69.0,49.0,33.0,9.0,10.0,4.0,6.0,33.0,1605.0,61.0,945.0,sackmann_archive_2025
2025-0321,Stuttgart,Grass,28,A,2025-06-09,364,210506,7.0,,Alex Michelsen,R,193.0,USA,20.7,104792,,,Gael Monfils,R,193.0,FRA,38.7,6-4 4-6 6-3,3,R32,105.0,6.0,5.0,82.0,57.0,45.0,13.0,15.0,1.0,3.0,14.0,7.0,93.0,63.0,46.0,12.0,14.0,9.0,12.0,35.0,1550.0,42.0,1265.0,sackmann_archive_2025
2025-0321,Stuttgart,Grass,28,A,2025-06-09,363,211514,,WC,Justin Engel,U,,GER,17.6,105902,,Q,James Duckworth,R,183.0,AUS,33.3,4-6 6-4 7-6(5),3,R32,149.0,16.0,4.0,105.0,64.0,48.0,22.0,16.0,4.0,6.0,16.0,4.0,104.0,58.0,41.0,27.0,16.0,4.0,6.0,281.0,191.0,94.0,653.0,sackmann_archive_2025
2025-0321,Stuttgart,Grass,28,A,2025-06-09,362,208659,,,Giovanni Mpetshi Perricard,R,203.0,FRA,21.9,126128,,,Roman Safiullin,R,185.0,RUS,27.8,7-6(10) 3-6 7-5,3,R32,135.0,26.0,5.0,119.0,84.0,67.0,15.0,16.0,15.0,17.0,13.0,3.0,97.0,57.0,48.0,27.0,17.0,1.0,3.0,36.0,1464.0,74.0,816.0,sackmann_archive_2025
2025-0321,Stuttgart,Grass,28,A,2025-06-09,361,126239,,,Arthur Rinderknech,R,196.0,FRA,29.8,133430,5.0,,Denis Shapovalov,L,185.0,CAN,26.1,6-4 2-6 6-0,3,R32,102.0,9.0,3.0,66.0,37.0,28.0,18.0,12.0,3.0,5.0,4.0,9.0,73.0,46.0,31.0,10.0,12.0,3.0,7.0,81.0,761.0,30.0,1651.0,sackmann_archive_2025
2025-0321,Stuttgart,Grass,28,A,2025-06-09,360,105916,,Q,Marton Fucsovics,R,188.0,HUN,33.3,105870,,Q,Yannick Hanfmann,R,193.0,GER,33.5,7-5 6-4,3,R32,95.0,8.0,2.0,69.0,40.0,33.0,14.0,11.0,1.0,2.0,3.0,2.0,71.0,46.0,29.0,15.0,11.0,4.0,7.0,112.0,508.0,135.0,440.0,sackmann_archive_2025
2025-0321,Stuttgart,Grass,28,A,2025-06-09,359,111460,,,Quentin Halys,R,191.0,FRA,28.6,132283,,,Lorenzo Sonego,R,191.0,ITA,30.0,6-7(6) 7-5 6-4,3,R32,160.0,10.0,7.0,108.0,65.0,52.0,22.0,17.0,2.0,3.0,1.0,2.0,101.0,65.0,46.0,21.0,17.0,5.0,8.0,47.0,1123.0,45.0,1165.0,sackmann_archive_2025
2025-0500,Halle,Grass,32,A,2025-06-16,385,122330,,,Alexander Bublik,R,196.0,KAZ,27.9,106421,3.0,,Daniil Medvedev,R,198.0,RUS,29.3,6-3 7-6(4),3,F,81.0,11.0,5.0,69.0,48.0,38.0,14.0,11.0,2.0,2.0,11.0,3.0,68.0,44.0,32.0,12.0,10.0,3.0,4.0,45.0,1225.0,11.0,3140.0,sackmann_archive_2025
2025-0500,Halle,Grass,32,A,2025-06-16,384,122330,,,Alexander Bublik,R,196.0,KAZ,27.9,111575,8.0,,Karen Khachanov,R,198.0,RUS,29.0,4-6 7-6(5) 6-4,3,SF,122.0,19.0,4.0,100.0,65.0,54.0,18.0,16.0,4.0,5.0,15.0,3.0,96.0,67.0,55.0,17.0,16.0,1.0,2.0,45.0,1225.0,22.0,2050.0,sackmann_archive_2025
2025-0500,Halle,Grass,32,A,2025-06-16,383,106421,3.0,,Daniil Medvedev,R,198.0,RUS,29.3,100644,2.0,,Alexander Zverev,R,198.0,GER,28.1,7-6(3) 6-7(1) 6-4,3,SF,179.0,17.0,5.0,118.0,81.0,61.0,17.0,17.0,6.0,7.0,7.0,1.0,112.0,85.0,63.0,13.0,17.0,5.0,7.0,11.0,3140.0,3.0,6500.0,sackmann_archive_2025
2025-0500,Halle,Grass,32,A,2025-06-16,382,122330,,,Alexander Bublik,R,196.0,KAZ,27.9,207830,7.0,,Tomas Machac,R,183.0,CZE,24.6,7-6(2) 6-3,3,QF,82.0,19.0,2.0,69.0,50.0,39.0,10.0,10.0,4.0,5.0,5.0,2.0,72.0,44.0,30.0,12.0,11.0,3.0,6.0,45.0,1225.0,23.0,2020.0,sackmann_archive_2025
2025-0500,Halle,Grass,32,A,2025-06-16,381,111575,8.0,,Karen Khachanov,R,198.0,RUS,29.0,144869,,,Tomas Martin Etcheverry,R,196.0,ARG,25.9,6-3 6-2,3,QF,72.0,6.0,0.0,44.0,25.0,23.0,13.0,9.0,0.0,0.0,2.0,1.0,49.0,29.0,20.0,8.0,8.0,4.0,7.0,22.0,2050.0,63.0,935.0,sackmann_archive_2025
2025-0500,Halle,Grass,32,A,2025-06-16,380,106421,3.0,,Daniil Medvedev,R,198.0,RUS,29.3,210506,,,Alex Michelsen,R,193.0,USA,20.8,6-4 6-3,3,QF,85.0,7.0,5.0,65.0,43.0,32.0,12.0,10.0,0.0,0.0,1.0,3.0,56.0,33.0,24.0,12.0,9.0,8.0,10.0,11.0,3140.0,33.0,1570.0,sackmann_archive_2025
2025-0500,Halle,Grass,32,A,2025-06-16,379,100644,2.0,,Alexander Zverev,R,198.0,GER,28.1,207925,,,Flavio Cobolli,R,183.0,ITA,23.1,6-4 7-6(6),3,QF,101.0,4.0,1.0,71.0,57.0,46.0,7.0,11.0,6.0,6.0,6.0,1.0,69.0,48.0,35.0,13.0,11.0,2.0,3.0,3.0,6500.0,24.0,1970.0,sackmann_archive_2025
2025-0500,Halle,Grass,32,A,2025-06-16,378,122330,,,Alexander Bublik,R,196.0,KAZ,27.9,206173,1.0,,Jannik Sinner,R,191.0,ITA,23.8,3-6 6-3 6-4,3,R16,122.0,15.0,6.0,92.0,59.0,46.0,17.0,14.0,8.0,9.0,6.0,3.0,90.0,57.0,44.0,16.0,14.0,4.0,6.0,45.0,1225.0,1.0,10880.0,sackmann_archive_2025
2025-0500,Halle,Grass,32,A,2025-06-16,377,207830,7.0,,Tomas Machac,R,183.0,CZE,24.6,206681,,,Fabian Marozsan,R,193.0,HUN,25.6,6-2 6-3,3,R16,59.0,3.0,1.0,39.0,19.0,16.0,14.0,8.0,0.0,1.0,3.0,1.0,52.0,36.0,20.0,5.0,9.0,2.0,7.0,23.0,2020.0,58.0,990.0,sackmann_archive_2025
2025-0500,Halle,Grass,32,A,2025-06-16,376,144869,,,Tomas Martin Etcheverry,R,196.0,ARG,25.9,126094,4.0,,Andrey Rublev,R,188.0,RUS,27.6,6-3 6-7(4) 7-6(6),3,R16,181.0,12.0,3.0,100.0,57.0,44.0,22.0,16.0,3.0,6.0,15.0,8.0,123.0,61.0,48.0,27.0,17.0,6.0,11.0,63.0,935.0,14.0,2920.0,sackmann_archive_2025
2025-0500,Halle,Grass,32,A,2025-06-16,375,111575,8.0,,Karen Khachanov,R,198.0,RUS,29.0,200000,,,Felix Auger Aliassime,R,193.0,CAN,24.8,6-3 1-6 6-3,3,R16,100.0,4.0,2.0,68.0,45.0,31.0,13.0,13.0,1.0,4.0,12.0,3.0,63.0,39.0,30.0,12.0,12.0,4.0,7.0,22.0,2050.0,27.0,1775.0,sackmann_archive_2025
2025-0500,Halle,Grass,32,A,2025-06-16,374,210506,,,Alex Michelsen,R,193.0,USA,20.8,126774,,,Stefanos Tsitsipas,R,193.0,GRE,26.8,7-6(5) 7-5,3,R16,103.0,8.0,0.0,71.0,51.0,40.0,13.0,12.0,1.0,2.0,7.0,5.0,79.0,43.0,33.0,20.0,12.0,2.0,4.0,33.0,1570.0,25.0,1920.0,sackmann_archive_2025
2025-0500,Halle,Grass,32,A,2025-06-16,373,106421,3.0,,Daniil Medvedev,R,198.0,RUS,29.3,111460,,,Quentin Halys,R,191.0,FRA,28.6,6-2 7-5,3,R16,66.0,10.0,0.0,49.0,32.0,29.0,12.0,10.0,0.0,0.0,4.0,1.0,60.0,36.0,27.0,9.0,10.0,2.0,5.0,11.0,3140.0,48.0,1134.0,sackmann_archive_2025
2025-0500,Halle,Grass,32,A,2025-06-16,372,207925,,,Flavio Cobolli,R,183.0,ITA,23.1,133430,,,Denis Shapovalov,L,185.0,CAN,26.1,7-6(2) 4-6 7-6(5),3,R16,153.0,3.0,2.0,114.0,68.0,48.0,21.0,17.0,4.0,9.0,8.0,6.0,111.0,65.0,38.0,26.0,17.0,7.0,11.0,24.0,1970.0,31.0,1626.0,sackmann_archive_2025
2025-0500,Halle,Grass,32,A,2025-06-16,371,100644,2.0,,Alexander Zverev,R,198.0,GER,28.1,132283,,,Lorenzo Sonego,R,191.0,ITA,30.0,3-6 6-4 7-6(2),3,R16,143.0,10.0,0.0,82.0,74.0,61.0,4.0,15.0,0.0,1.0,5.0,2.0,104.0,79.0,56.0,13.0,16.0,3.0,4.0,3.0,6500.0,46.0,1165.0,sackmann_archive_2025
2025-0500,Halle,Grass,32,A,2025-06-16,370,206173,1.0,,Jannik Sinner,R,191.0,ITA,23.8,105870,,Q,Yannick Hanfmann,R,193.0,GER,33.5,7-5 6-3,3,R32,90.0,10.0,0.0,62.0,44.0,37.0,9.0,11.0,2.0,2.0,4.0,0.0,66.0,45.0,31.0,11.0,10.0,3.0,5.0,1.0,10880.0,138.0,428.0,sackmann_archive_2025
2025-0500,Halle,Grass,32,A,2025-06-16,369,122330,,,Alexander Bublik,R,196.0,KAZ,27.9,124186,,,Alexandre Muller,R,183.0,FRA,28.3,6-4 6-4,3,R32,60.0,12.0,3.0,49.0,28.0,25.0,15.0,10.0,0.0,0.0,6.0,2.0,59.0,41.0,29.0,9.0,10.0,3.0,5.0,45.0,1225.0,40.0,1311.0,sackmann_archive_2025
2025-0500,Halle,Grass,32,A,2025-06-16,368,206681,,,Fabian Marozsan,R,193.0,HUN,25.6,200175,,,Miomir Kecmanovic,R,183.0,SRB,25.7,6-7(3) 6-4 6-4,3,R32,131.0,8.0,4.0,109.0,70.0,56.0,21.0,16.0,10.0,10.0,5.0,5.0,121.0,82.0,58.0,20.0,16.0,8.0,10.0,58.0,990.0,47.0,1146.0,sackmann_archive_2025
2025-0500,Halle,Grass,32,A,2025-06-16,367,207830,7.0,,Tomas Machac,R,183.0,CZE,24.6,207411,,LL,Jesper De Jong,R,180.0,NED,25.0,7-5 3-6 6-3,3,R32,133.0,12.0,3.0,93.0,55.0,41.0,19.0,15.0,2.0,5.0,9.0,3.0,89.0,49.0,32.0,23.0,15.0,1.0,5.0,23.0,2020.0,93.0,660.0,sackmann_archive_2025
2025-0500,Halle,Grass,32,A,2025-06-16,366,126094,4.0,,Andrey Rublev,R,188.0,RUS,27.6,124116,,Q,Sebastian Ofner,R,191.0,AUT,29.0,6-3 6-4,3,R32,62.0,10.0,1.0,47.0,31.0,31.0,9.0,10.0,0.0,0.0,8.0,3.0,53.0,25.0,19.0,15.0,9.0,2.0,4.0,14.0,2920.0,122.0,483.0,sackmann_archive_2025
2025-0500,Halle,Grass,32,A,2025-06-16,365,144869,,,Tomas Martin Etcheverry,R,196.0,ARG,25.9,124079,,,Pedro Martinez,R,185.0,ESP,28.1,6-1 6-3,3,R32,91.0,9.0,0.0,40.0,29.0,23.0,9.0,8.0,0.0,0.0,1.0,7.0,62.0,35.0,25.0,6.0,8.0,8.0,12.0,63.0,935.0,54.0,1030.0,sackmann_archive_2025
2025-0500,Halle,Grass,32,A,2025-06-16,364,200000,,,Felix Auger Aliassime,R,193.0,CAN,24.8,111513,,Q,Laslo Djere,R,188.0,SRB,30.0,6-3 6-7(6) 6-1,3,R32,125.0,17.0,3.0,92.0,67.0,59.0,9.0,15.0,3.0,3.0,3.0,3.0,79.0,51.0,37.0,15.0,13.0,2.0,5.0,27.0,1775.0,65.0,911.0,sackmann_archive_2025
2025-0500,Halle,Grass,32,A,2025-06-16,363,111575,8.0,,Karen Khachanov,R,198.0,RUS,29.0,200267,,,Zizou Bergs,R,185.0,BEL,26.0,7-5 6-3,3,R32,94.0,3.0,1.0,55.0,35.0,27.0,14.0,10.0,2.0,2.0,6.0,8.0,78.0,39.0,27.0,20.0,11.0,2.0,5.0,22.0,2050.0,49.0,1079.0,sackmann_archive_2025
2025-0500,Halle,Grass,32,A,2025-06-16,362,210506,,,Alex Michelsen,R,193.0,USA,20.8,202103,5.0,,Francisco Cerundolo,R,185.0,ARG,26.8,2-6 7-5 6-4,3,R32,122.0,3.0,1.0,82.0,58.0,44.0,11.0,15.0,2.0,5.0,6.0,1.0,96.0,57.0,42.0,20.0,15.0,4.0,7.0,33.0,1570.0,18.0,2285.0,sackmann_archive_2025
2025-0500,Halle,Grass,32,A,2025-06-16,361,126774,,,Stefanos Tsitsipas,R,193.0,GRE,26.8,209260,,,Luciano Darderi,R,183.0,ITA,23.3,6-4 3-6 7-6(5),3,R32,120.0,11.0,2.0,95.0,62.0,46.0,20.0,15.0,5.0,6.0,9.0,2.0,86.0,60.0,49.0,17.0,16.0,2.0,3.0,25.0,1920.0,56.0,1004.0,sackmann_archive_2025
2025-0500,Halle,Grass,32,A,2025-06-16,360,111460,,,Quentin Halys,R,191.0,FRA,28.6,126127,,Q,Benjamin Bonzi,R,183.0,FRA,29.0,6-4 6-4,3,R32,78.0,18.0,4.0,50.0,30.0,27.0,10.0,10.0,1.0,2.0,3.0,1.0,83.0,61.0,33.0,12.0,10.0,6.0,9.0,48.0,1134.0,62.0,945.0,sackmann_archive_2025
2025-0500,Halle,Grass,32,A,2025-06-16,359,106421,3.0,,Daniil Medvedev,R,198.0,RUS,29.3,127157,,WC,Daniel Altmaier,R,188.0,GER,26.7,6-3 6-3,3,R32,63.0,7.0,3.0,57.0,41.0,29.0,9.0,9.0,2.0,2.0,5.0,0.0,47.0,31.0,24.0,5.0,9.0,3.0,6.0,11.0,3140.0,52.0,1037.0,sackmann_archive_2025
2025-0500,Halle,Grass,32,A,2025-06-16,358,133430,,,Denis Shapovalov,L,185.0,CAN,26.1,200005,6.0,,Ugo Humbert,L,188.0,FRA,26.9,6-4 4-6 7-6(4),3,R32,148.0,8.0,6.0,106.0,59.0,39.0,26.0,16.0,8.0,11.0,10.0,6.0,95.0,65.0,50.0,13.0,16.0,4.0,7.0,31.0,1626.0,20.0,2195.0,sackmann_archive_2025
2025-0500,Halle,Grass,32,A,2025-06-16,357,207925,,,Flavio Cobolli,R,183.0,ITA,23.1,211663,,WC,Joao Fonseca,R,185.0,BRA,18.8,5-7 7-6(3) 7-6(8),3,R32,164.0,11.0,3.0,138.0,83.0,59.0,34.0,18.0,8.0,9.0,9.0,1.0,120.0,82.0,64.0,22.0,18.0,4.0,4.0,24.0,1970.0,57.0,991.0,sackmann_archive_2025
2025-0500,Halle,Grass,32,A,2025-06-16,356,132283,,,Lorenzo Sonego,R,191.0,ITA,30.0,105526,,WC,Jan Lennard Struff,R,193.0,GER,35.1,6-3 6-2,3,R32,60.0,4.0,1.0,48.0,36.0,30.0,8.0,9.0,3.0,3.0,4.0,2.0,43.0,29.0,18.0,8.0,8.0,3.0,6.0,46.0,1165.0,103.0,575.0,sackmann_archive_2025
2025-0500,Halle,Grass,32,A,2025-06-16,355,100644,2.0,,Alexander Zverev,R,198.0,GER,28.1,106218,,,Marcos Giron,R,180.0,USA,31.8,6-2 6-1,3,R32,79.0,10.0,0.0,44.0,34.0,28.0,6.0,8.0,0.0,0.0,2.0,3.0,65.0,36.0,21.0,10.0,7.0,5.0,9.0,3.0,6500.0,43.0,1265.0,sackmann_archive_2025
2025-0311,Queen's Club,Grass,32,A,2025-06-16,385,207989,1.0,,Carlos Alcaraz,R,183.0,ESP,22.1,208103,,,Jiri Lehecka,R,185.0,CZE,23.6,7-5 6-7(5) 6-2,3,F,128.0,18.0,2.0,83.0,54.0,47.0,21.0,16.0,0.0,0.0,7.0,2.0,100.0,55.0,39.0,25.0,16.0,2.0,5.0,2.0,8850.0,30.0,1645.0,sackmann_archive_2025
2025-0311,Queen's Club,Grass,32,A,2025-06-16,384,207989,1.0,,Carlos Alcaraz,R,183.0,ESP,22.1,105138,,,Roberto Bautista Agut,R,183.0,ESP,37.1,6-4 6-4,3,SF,89.0,15.0,1.0,58.0,41.0,30.0,13.0,10.0,1.0,1.0,1.0,1.0,72.0,55.0,33.0,9.0,10.0,4.0,6.0,2.0,8850.0,51.0,1049.0,sackmann_archive_2025
2025-0311,Queen's Club,Grass,32,A,2025-06-16,383,208103,,,Jiri Lehecka,R,185.0,CZE,23.6,207733,2.0,,Jack Draper,L,193.0,GBR,23.4,6-4 4-6 7-5,3,SF,127.0,16.0,4.0,95.0,57.0,44.0,22.0,16.0,5.0,6.0,14.0,3.0,88.0,55.0,45.0,17.0,16.0,3.0,5.0,30.0,1645.0,6.0,4550.0,sackmann_archive_2025
2025-0311,Queen's Club,Grass,32,A,2025-06-16,382,207989,1.0,,Carlos Alcaraz,R,183.0,ESP,22.1,126239,,LL,Arthur Rinderknech,R,196.0,FRA,29.9,7-5 6-4,3,QF,80.0,8.0,4.0,60.0,36.0,33.0,12.0,11.0,0.0,0.0,12.0,5.0,54.0,33.0,29.0,9.0,11.0,0.0,2.0,2.0,8850.0,80.0,764.0,sackmann_archive_2025
2025-0311,Queen's Club,Grass,32,A,2025-06-16,381,105138,,,Roberto Bautista Agut,R,183.0,ESP,37.1,208029,4.0,,Holger Rune,R,188.0,DEN,22.1,7-6(5) 6-7(4) 6-2,3,QF,146.0,5.0,2.0,88.0,68.0,57.0,14.0,16.0,0.0,0.0,11.0,7.0,129.0,71.0,56.0,26.0,16.0,12.0,14.0,51.0,1049.0,9.0,3440.0,sackmann_archive_2025
2025-0311,Queen's Club,Grass,32,A,2025-06-16,380,208103,,,Jiri Lehecka,R,185.0,CZE,23.6,207985,,,Jacob Fearnley,R,183.0,GBR,23.9,7-5 6-2,3,QF,77.0,7.0,0.0,54.0,34.0,27.0,12.0,10.0,0.0,1.0,1.0,10.0,58.0,37.0,25.0,7.0,10.0,6.0,10.0,30.0,1645.0,60.0,961.0,sackmann_archive_2025
2025-0311,Queen's Club,Grass,32,A,2025-06-16,379,207733,2.0,,Jack Draper,L,193.0,GBR,23.4,206909,,,Brandon Nakashima,R,188.0,USA,23.8,6-4 5-7 6-4,3,QF,142.0,14.0,2.0,102.0,68.0,53.0,18.0,16.0,10.0,11.0,13.0,2.0,105.0,66.0,48.0,21.0,16.0,8.0,10.0,6.0,4550.0,32.0,1600.0,sackmann_archive_2025
2025-0311,Queen's Club,Grass,32,A,2025-06-16,378,207989,1.0,,Carlos Alcaraz,R,183.0,ESP,22.1,144719,,,Jaume Munar,R,183.0,ESP,28.1,6-4 6-7(7) 7-5,3,R16,203.0,9.0,8.0,126.0,66.0,50.0,31.0,17.0,10.0,12.0,10.0,8.0,130.0,78.0,54.0,23.0,17.0,3.0,7.0,2.0,8850.0,59.0,962.0,sackmann_archive_2025
2025-0311,Queen's Club,Grass,32,A,2025-06-16,377,126239,,LL,Arthur Rinderknech,R,196.0,FRA,29.9,124187,,PR,Reilly Opelka,R,211.0,USA,27.8,7-5 7-6(3),3,R16,96.0,12.0,5.0,67.0,44.0,38.0,14.0,12.0,0.0,0.0,11.0,5.0,82.0,44.0,38.0,17.0,12.0,5.0,6.0,80.0,764.0,75.0,808.0,sackmann_archive_2025
2025-0311,Queen's Club,Grass,32,A,2025-06-16,376,208029,4.0,,Holger Rune,R,188.0,DEN,22.1,111456,,Q,Mackenzie Mcdonald,R,178.0,USA,30.1,2-6 6-1 6-1,3,R16,81.0,13.0,4.0,62.0,40.0,33.0,10.0,11.0,1.0,3.0,3.0,2.0,66.0,44.0,26.0,8.0,11.0,2.0,7.0,9.0,3440.0,98.0,630.0,sackmann_archive_2025
2025-0311,Queen's Club,Grass,32,A,2025-06-16,375,105138,,,Roberto Bautista Agut,R,183.0,ESP,37.1,210150,8.0,,Jakub Mensik,R,193.0,CZE,19.7,3-6 6-3 7-5,3,R16,141.0,3.0,2.0,91.0,69.0,53.0,9.0,15.0,5.0,7.0,12.0,4.0,100.0,51.0,35.0,29.0,15.0,3.0,6.0,51.0,1049.0,17.0,2322.0,sackmann_archive_2025
2025-0311,Queen's Club,Grass,32,A,2025-06-16,374,208103,,,Jiri Lehecka,R,185.0,CZE,23.6,209113,,,Gabriel Diallo,R,203.0,CAN,23.7,6-4 6-2,3,R16,64.0,5.0,3.0,45.0,27.0,26.0,10.0,9.0,0.0,0.0,8.0,2.0,50.0,34.0,22.0,9.0,9.0,1.0,4.0,30.0,1645.0,44.0,1247.0,sackmann_archive_2025
2025-0311,Queen's Club,Grass,32,A,2025-06-16,373,207985,,,Jacob Fearnley,R,183.0,GBR,23.9,144895,,Q,Corentin Moutet,L,180.0,FRA,26.1,6-3 2-6 6-2,3,R16,128.0,3.0,7.0,81.0,55.0,37.0,14.0,13.0,9.0,12.0,3.0,2.0,78.0,51.0,34.0,11.0,12.0,7.0,11.0,60.0,961.0,89.0,677.0,sackmann_archive_2025
2025-0311,Queen's Club,Grass,32,A,2025-06-16,372,206909,,,Brandon Nakashima,R,188.0,USA,23.8,105554,,WC,Daniel Evans,R,175.0,GBR,35.0,7-5 7-6(4),3,R16,115.0,8.0,1.0,77.0,53.0,42.0,13.0,12.0,2.0,3.0,5.0,2.0,72.0,39.0,29.0,19.0,12.0,2.0,4.0,32.0,1600.0,199.0,275.0,sackmann_archive_2025
2025-0311,Queen's Club,Grass,32,A,2025-06-16,371,207733,2.0,,Jack Draper,L,193.0,GBR,23.4,200615,,,Alexei Popyrin,R,196.0,AUS,25.8,3-6 6-2 7-6(5),3,R16,133.0,14.0,3.0,83.0,54.0,44.0,15.0,14.0,1.0,2.0,6.0,5.0,95.0,56.0,44.0,19.0,15.0,6.0,8.0,6.0,4550.0,21.0,2115.0,sackmann_archive_2025
2025-0311,Queen's Club,Grass,32,A,2025-06-16,370,207989,1.0,,Carlos Alcaraz,R,183.0,ESP,22.1,200443,,LL,Adam Walton,R,183.0,AUS,26.1,6-4 7-6(4),3,R32,102.0,10.0,3.0,62.0,42.0,36.0,15.0,11.0,2.0,2.0,6.0,4.0,85.0,49.0,36.0,20.0,11.0,4.0,5.0,2.0,8850.0,86.0,703.0,sackmann_archive_2025
2025-0311,Queen's Club,Grass,32,A,2025-06-16,369,144719,,,Jaume Munar,R,183.0,ESP,28.1,111442,,,Jordan Thompson,R,183.0,AUS,31.1,7-5 0-0 RET,3,R32,47.0,2.0,2.0,33.0,20.0,18.0,8.0,6.0,1.0,1.0,5.0,1.0,36.0,22.0,15.0,8.0,6.0,3.0,4.0,59.0,962.0,37.0,1400.0,sackmann_archive_2025
2025-0311,Queen's Club,Grass,32,A,2025-06-16,368,124187,,PR,Reilly Opelka,R,211.0,USA,27.8,200116,,,Camilo Ugo Carabelli,R,185.0,ARG,25.9,7-6(6) 6-4,3,R32,89.0,21.0,3.0,65.0,44.0,39.0,11.0,11.0,3.0,4.0,4.0,4.0,74.0,41.0,28.0,18.0,11.0,2.0,4.0,75.0,808.0,53.0,1036.0,sackmann_archive_2025
2025-0311,Queen's Club,Grass,32,A,2025-06-16,367,126239,,LL,Arthur Rinderknech,R,196.0,FRA,29.9,210097,6.0,,Ben Shelton,L,193.0,USA,22.6,7-6(5) 7-6(4),3,R32,108.0,14.0,1.0,74.0,55.0,44.0,13.0,12.0,0.0,0.0,22.0,4.0,85.0,60.0,45.0,12.0,12.0,6.0,6.0,80.0,764.0,10.0,3170.0,sackmann_archive_2025
2025-0311,Queen's Club,Grass,32,A,2025-06-16,366,208029,4.0,,Holger Rune,R,188.0,DEN,22.1,106331,,LL,Christopher Oconnell,R,183.0,AUS,31.0,6-3 6-4,3,R32,77.0,3.0,2.0,63.0,38.0,30.0,18.0,10.0,3.0,3.0,4.0,1.0,54.0,39.0,30.0,6.0,9.0,5.0,7.0,9.0,3440.0,79.0,772.0,sackmann_archive_2025
2025-0311,Queen's Club,Grass,32,A,2025-06-16,365,111456,,Q,Mackenzie Mcdonald,R,178.0,USA,30.1,104792,,,Gael Monfils,R,193.0,FRA,38.7,6-4 6-4,3,R32,84.0,1.0,0.0,55.0,38.0,28.0,11.0,10.0,2.0,3.0,5.0,8.0,60.0,30.0,21.0,13.0,10.0,2.0,5.0,98.0,630.0,42.0,1265.0,sackmann_archive_2025
2025-0311,Queen's Club,Grass,32,A,2025-06-16,364,105138,,,Roberto Bautista Agut,R,183.0,ESP,37.1,132686,,,Nuno Borges,R,185.0,POR,28.3,6-7(6) 7-5 6-4,3,R32,151.0,9.0,0.0,95.0,72.0,53.0,18.0,17.0,1.0,2.0,17.0,3.0,119.0,71.0,50.0,27.0,17.0,7.0,10.0,51.0,1049.0,38.0,1400.0,sackmann_archive_2025
2025-0311,Queen's Club,Grass,32,A,2025-06-16,363,210150,8.0,,Jakub Mensik,R,193.0,CZE,19.7,111815,,WC,Cameron Norrie,L,188.0,GBR,29.8,7-6(6) 1-6 6-1,3,R32,120.0,20.0,3.0,98.0,63.0,52.0,11.0,13.0,4.0,6.0,4.0,4.0,85.0,55.0,46.0,13.0,13.0,3.0,5.0,17.0,2322.0,61.0,952.0,sackmann_archive_2025
2025-0311,Queen's Club,Grass,32,A,2025-06-16,362,208103,,,Jiri Lehecka,R,185.0,CZE,23.6,200282,5.0,,Alex De Minaur,R,183.0,AUS,26.3,6-4 6-2,3,R32,76.0,10.0,0.0,47.0,32.0,27.0,9.0,9.0,0.0,0.0,5.0,3.0,63.0,34.0,23.0,13.0,9.0,3.0,6.0,30.0,1645.0,12.0,3085.0,sackmann_archive_2025
2025-0311,Queen's Club,Grass,32,A,2025-06-16,361,209113,,,Gabriel Diallo,R,203.0,CAN,23.7,126129,,WC,Billy Harris,R,193.0,GBR,30.3,6-1 3-6 6-4,3,R32,110.0,11.0,1.0,78.0,47.0,40.0,14.0,13.0,4.0,6.0,10.0,2.0,80.0,52.0,34.0,16.0,13.0,3.0,7.0,44.0,1247.0,113.0,519.0,sackmann_archive_2025
2025-0311,Queen's Club,Grass,32,A,2025-06-16,360,207985,,,Jacob Fearnley,R,183.0,GBR,23.9,106109,,Q,Alex Bolt,L,183.0,AUS,32.4,6-2 6-4,3,R32,67.0,6.0,7.0,49.0,30.0,28.0,8.0,9.0,0.0,0.0,4.0,2.0,50.0,31.0,22.0,9.0,9.0,0.0,3.0,60.0,961.0,194.0,284.0,sackmann_archive_2025
2025-0311,Queen's Club,Grass,32,A,2025-06-16,359,144895,,Q,Corentin Moutet,L,180.0,FRA,26.1,126203,3.0,,Taylor Fritz,R,196.0,USA,27.6,6-7(5) 7-6(7) 7-5,3,R32,174.0,6.0,4.0,121.0,81.0,60.0,24.0,18.0,3.0,4.0,11.0,3.0,113.0,66.0,51.0,29.0,18.0,2.0,4.0,89.0,677.0,4.0,4735.0,sackmann_archive_2025
2025-0311,Queen's Club,Grass,32,A,2025-06-16,358,105554,,WC,Daniel Evans,R,175.0,GBR,35.0,126207,7.0,,Frances Tiafoe,R,188.0,USA,27.4,7-5 6-2,3,R32,94.0,3.0,3.0,62.0,33.0,25.0,17.0,10.0,3.0,4.0,8.0,3.0,65.0,32.0,21.0,14.0,10.0,2.0,6.0,199.0,275.0,13.0,2990.0,sackmann_archive_2025
2025-0311,Queen's Club,Grass,32,A,2025-06-16,357,206909,,,Brandon Nakashima,R,188.0,USA,23.8,208659,,,Giovanni Mpetshi Perricard,R,203.0,FRA,21.9,6-7(10) 7-6(5) 6-4,3,R32,151.0,13.0,2.0,108.0,73.0,57.0,27.0,17.0,3.0,4.0,23.0,5.0,127.0,83.0,66.0,24.0,17.0,9.0,11.0,32.0,1600.0,36.0,1476.0,sackmann_archive_2025
2025-0311,Queen's Club,Grass,32,A,2025-06-16,356,200615,,,Alexei Popyrin,R,196.0,AUS,25.8,126846,,Q,Aleksandar Vukic,R,188.0,AUS,29.1,6-2 6-7(9) 7-6(3),3,R32,151.0,19.0,2.0,113.0,73.0,59.0,22.0,16.0,6.0,7.0,13.0,2.0,113.0,63.0,47.0,24.0,16.0,3.0,6.0,21.0,2115.0,83.0,733.0,sackmann_archive_2025
2025-0311,Queen's Club,Grass,32,A,2025-06-16,355,207733,2.0,,Jack Draper,L,193.0,GBR,23.4,202385,,PR,Jenson Brooksby,R,188.0,USA,24.6,6-3 6-1,3,R32,77.0,8.0,5.0,45.0,29.0,27.0,6.0,8.0,0.0,0.0,2.0,1.0,62.0,39.0,24.0,9.0,8.0,4.0,8.0,6.0,4550.0,149.0,405.0,sackmann_archive_2025
2025-8994,Mallorca,Grass,28,A,2025-06-22,385,134868,4.0,,Tallon Griekspoor,R,188.0,NED,28.9,144895,,,Corentin Moutet,L,180.0,FRA,26.1,7-5 7-6(3),3,F,116.0,4.0,1.0,81.0,55.0,41.0,17.0,12.0,4.0,4.0,6.0,1.0,73.0,46.0,34.0,17.0,12.0,3.0,4.0,34.0,1535.0,83.0,739.0,sackmann_archive_2025
2025-8994,Mallorca,Grass,28,A,2025-06-22,384,144895,,,Corentin Moutet,L,180.0,FRA,26.1,210506,3.0,,Alex Michelsen,R,193.0,USA,20.8,6-4 7-6(3),3,SF,115.0,4.0,1.0,76.0,51.0,35.0,14.0,11.0,8.0,10.0,1.0,1.0,72.0,44.0,25.0,16.0,11.0,6.0,9.0,83.0,739.0,33.0,1620.0,sackmann_archive_2025
2025-8994,Mallorca,Grass,28,A,2025-06-22,383,134868,4.0,,Tallon Griekspoor,R,188.0,NED,28.9,200000,2.0,,Felix Auger Aliassime,R,193.0,CAN,24.8,6-4 6-4,3,SF,90.0,5.0,4.0,75.0,48.0,36.0,13.0,10.0,6.0,6.0,11.0,1.0,53.0,33.0,26.0,12.0,10.0,4.0,6.0,34.0,1535.0,27.0,1775.0,sackmann_archive_2025
2025-8994,Mallorca,Grass,28,A,2025-06-22,382,144895,,,Corentin Moutet,L,180.0,FRA,26.1,210530,,,Learner Tien,L,180.0,USA,19.5,6-2 7-5,3,QF,109.0,1.0,1.0,65.0,45.0,34.0,10.0,10.0,5.0,6.0,0.0,5.0,74.0,42.0,27.0,12.0,10.0,6.0,10.0,83.0,739.0,67.0,903.0,sackmann_archive_2025
2025-8994,Mallorca,Grass,28,A,2025-06-22,381,210506,3.0,,Alex Michelsen,R,193.0,USA,20.8,105138,7.0,,Roberto Bautista Agut,R,183.0,ESP,37.1,6-4 7-6(4),3,QF,103.0,10.0,1.0,72.0,48.0,34.0,15.0,11.0,2.0,3.0,3.0,0.0,71.0,50.0,34.0,11.0,11.0,2.0,4.0,33.0,1620.0,43.0,1236.0,sackmann_archive_2025
2025-8994,Mallorca,Grass,28,A,2025-06-22,380,134868,4.0,,Tallon Griekspoor,R,188.0,NED,28.9,209113,6.0,,Gabriel Diallo,R,203.0,CAN,23.7,6-4 6-4,3,QF,88.0,4.0,1.0,54.0,37.0,29.0,12.0,10.0,1.0,1.0,8.0,4.0,61.0,39.0,30.0,10.0,10.0,2.0,4.0,34.0,1535.0,41.0,1285.0,sackmann_archive_2025
2025-8994,Mallorca,Grass,28,A,2025-06-22,379,200000,2.0,,Felix Auger Aliassime,R,193.0,CAN,24.8,209098,,,Hamad Medjedovic,R,188.0,SRB,21.9,3-6 6-1 6-4,3,QF,129.0,11.0,1.0,77.0,55.0,42.0,13.0,13.0,5.0,6.0,5.0,6.0,78.0,43.0,30.0,19.0,13.0,3.0,6.0,27.0,1775.0,73.0,853.0,sackmann_archive_2025
2025-8994,Mallorca,Grass,28,A,2025-06-22,378,210530,,,Learner Tien,L,180.0,USA,19.5,210097,1.0,,Ben Shelton,L,193.0,USA,22.7,6-4 7-6(2),3,R16,100.0,7.0,7.0,70.0,38.0,29.0,17.0,11.0,4.0,6.0,7.0,6.0,78.0,45.0,29.0,14.0,11.0,4.0,7.0,67.0,903.0,10.0,3170.0,sackmann_archive_2025
2025-8994,Mallorca,Grass,28,A,2025-06-22,377,144895,,,Corentin Moutet,L,180.0,FRA,26.1,127157,8.0,,Daniel Altmaier,R,188.0,GER,26.7,7-6(3) 7-6(3),3,R16,134.0,1.0,4.0,78.0,46.0,36.0,19.0,12.0,2.0,3.0,5.0,3.0,84.0,51.0,36.0,17.0,12.0,5.0,6.0,83.0,739.0,59.0,983.0,sackmann_archive_2025
2025-8994,Mallorca,Grass,28,A,2025-06-22,376,210506,3.0,,Alex Michelsen,R,193.0,USA,20.8,200587,,Q,Brandon Holt,R,185.0,USA,27.2,6-4 6-4,3,R16,78.0,6.0,2.0,53.0,33.0,25.0,9.0,10.0,2.0,5.0,4.0,1.0,62.0,37.0,24.0,9.0,10.0,2.0,7.0,33.0,1620.0,101.0,568.0,sackmann_archive_2025
2025-8994,Mallorca,Grass,28,A,2025-06-22,375,105138,7.0,,Roberto Bautista Agut,R,183.0,ESP,37.1,106071,,Q,Bernard Tomic,R,196.0,AUS,32.6,6-3 6-3,3,R16,67.0,4.0,0.0,50.0,37.0,28.0,7.0,9.0,2.0,3.0,6.0,3.0,55.0,25.0,17.0,12.0,9.0,2.0,6.0,43.0,1236.0,248.0,235.0,sackmann_archive_2025
2025-8994,Mallorca,Grass,28,A,2025-06-22,374,209113,6.0,,Gabriel Diallo,R,203.0,CAN,23.7,111513,,,Laslo Djere,R,188.0,SRB,30.0,6-3 3-6 6-3,3,R16,107.0,10.0,3.0,78.0,53.0,44.0,13.0,14.0,3.0,4.0,5.0,1.0,76.0,50.0,37.0,14.0,13.0,1.0,3.0,41.0,1285.0,62.0,936.0,sackmann_archive_2025
2025-8994,Mallorca,Grass,28,A,2025-06-22,373,134868,4.0,,Tallon Griekspoor,R,188.0,NED,28.9,210319,,Q,Ethan Quinn,R,191.0,USA,21.2,7-5 6-4,3,R16,90.0,7.0,1.0,63.0,41.0,33.0,12.0,11.0,0.0,1.0,10.0,3.0,75.0,48.0,32.0,16.0,11.0,6.0,9.0,34.0,1535.0,95.0,650.0,sackmann_archive_2025
2025-8994,Mallorca,Grass,28,A,2025-06-22,372,209098,,,Hamad Medjedovic,R,188.0,SRB,21.9,126128,,,Roman Safiullin,R,185.0,RUS,27.8,6-4 3-6 7-6(4),3,R16,146.0,12.0,6.0,104.0,71.0,56.0,15.0,15.0,6.0,7.0,12.0,4.0,102.0,68.0,49.0,23.0,16.0,1.0,2.0,73.0,853.0,75.0,816.0,sackmann_archive_2025
2025-8994,Mallorca,Grass,28,A,2025-06-22,371,200000,2.0,,Felix Auger Aliassime,R,193.0,CAN,24.8,126239,,,Arthur Rinderknech,R,196.0,FRA,29.9,7-5 6-3,3,R16,112.0,8.0,3.0,57.0,31.0,25.0,17.0,11.0,0.0,1.0,7.0,3.0,83.0,53.0,36.0,11.0,10.0,7.0,10.0,27.0,1775.0,70.0,864.0,sackmann_archive_2025
2025-8994,Mallorca,Grass,28,A,2025-06-22,370,210530,,,Learner Tien,L,180.0,USA,19.5,211514,,WC,Justin Engel,U,,GER,17.7,6-4 6-4,3,R32,74.0,8.0,2.0,58.0,41.0,32.0,11.0,10.0,5.0,5.0,6.0,2.0,52.0,28.0,25.0,11.0,10.0,1.0,3.0,67.0,903.0,219.0,253.0,sackmann_archive_2025
2025-8994,Mallorca,Grass,28,A,2025-06-22,369,144895,,,Corentin Moutet,L,180.0,FRA,26.1,124079,,,Pedro Martinez,R,185.0,ESP,28.1,4-6 6-3 6-0,3,R32,157.0,4.0,4.0,94.0,62.0,46.0,14.0,13.0,8.0,10.0,0.0,4.0,81.0,54.0,34.0,10.0,12.0,9.0,14.0,83.0,739.0,52.0,1030.0,sackmann_archive_2025
2025-8994,Mallorca,Grass,28,A,2025-06-22,368,127157,8.0,,Daniel Altmaier,R,188.0,GER,26.7,104926,,WC,Fabio Fognini,R,178.0,ITA,38.0,6-3 3-6 6-3,3,R32,107.0,10.0,7.0,91.0,59.0,40.0,17.0,14.0,6.0,8.0,1.0,5.0,76.0,39.0,29.0,21.0,13.0,3.0,6.0,59.0,983.0,130.0,462.0,sackmann_archive_2025
2025-8994,Mallorca,Grass,28,A,2025-06-22,367,200587,,Q,Brandon Holt,R,185.0,USA,27.2,126127,,,Benjamin Bonzi,R,183.0,FRA,29.0,2-6 6-4 6-4,3,R32,109.0,7.0,2.0,81.0,56.0,39.0,16.0,14.0,1.0,3.0,9.0,1.0,83.0,63.0,46.0,10.0,14.0,2.0,4.0,101.0,568.0,64.0,930.0,sackmann_archive_2025
2025-8994,Mallorca,Grass,28,A,2025-06-22,366,106071,,Q,Bernard Tomic,R,196.0,AUS,32.6,208014,,WC,Rinky Hijikata,R,178.0,AUS,24.3,3-6 7-5 6-2,3,R32,107.0,9.0,2.0,86.0,52.0,40.0,18.0,14.0,6.0,8.0,3.0,2.0,82.0,44.0,29.0,22.0,15.0,1.0,5.0,248.0,235.0,88.0,702.0,sackmann_archive_2025
2025-8994,Mallorca,Grass,28,A,2025-06-22,365,105138,7.0,,Roberto Bautista Agut,R,183.0,ESP,37.1,144869,,,Tomas Martin Etcheverry,R,196.0,ARG,25.9,5-7 6-3 6-2,3,R32,154.0,3.0,0.0,87.0,60.0,41.0,14.0,15.0,3.0,7.0,7.0,2.0,82.0,44.0,29.0,17.0,14.0,6.0,12.0,43.0,1236.0,53.0,1025.0,sackmann_archive_2025
2025-8994,Mallorca,Grass,28,A,2025-06-22,364,209113,6.0,,Gabriel Diallo,R,203.0,CAN,23.7,144719,,,Jaume Munar,R,183.0,ESP,28.1,7-5 6-3,3,R32,107.0,10.0,2.0,68.0,49.0,35.0,11.0,10.0,2.0,2.0,2.0,5.0,61.0,38.0,28.0,11.0,11.0,1.0,4.0,41.0,1285.0,54.0,1012.0,sackmann_archive_2025
2025-8994,Mallorca,Grass,28,A,2025-06-22,363,111513,,,Laslo Djere,R,188.0,SRB,30.0,207352,,,Bu Yunchaokete,R,185.0,CHN,23.4,6-4 6-4,3,R32,96.0,9.0,1.0,62.0,37.0,27.0,14.0,10.0,5.0,7.0,4.0,4.0,65.0,42.0,27.0,10.0,10.0,8.0,12.0,62.0,936.0,69.0,874.0,sackmann_archive_2025
2025-8994,Mallorca,Grass,28,A,2025-06-22,362,210319,,Q,Ethan Quinn,R,191.0,USA,21.2,200116,,,Camilo Ugo Carabelli,R,185.0,ARG,26.0,6-3 6-2,3,R32,66.0,3.0,2.0,54.0,33.0,24.0,15.0,9.0,3.0,3.0,3.0,5.0,51.0,27.0,14.0,15.0,8.0,3.0,6.0,95.0,650.0,55.0,1006.0,sackmann_archive_2025
2025-8994,Mallorca,Grass,28,A,2025-06-22,361,126128,,,Roman Safiullin,R,185.0,RUS,27.8,124186,5.0,,Alexandre Muller,R,183.0,FRA,28.3,7-6(5) 7-5,3,R32,115.0,9.0,3.0,85.0,51.0,40.0,15.0,12.0,2.0,4.0,5.0,3.0,80.0,47.0,34.0,15.0,12.0,1.0,4.0,75.0,816.0,40.0,1311.0,sackmann_archive_2025
2025-8994,Mallorca,Grass,28,A,2025-06-22,360,209098,,,Hamad Medjedovic,R,188.0,SRB,21.9,210460,,Q,Nishesh Basavareddy,R,180.0,USA,20.1,6-0 6-4,3,R32,63.0,11.0,2.0,42.0,23.0,17.0,15.0,8.0,0.0,0.0,2.0,2.0,52.0,29.0,18.0,10.0,8.0,2.0,6.0,73.0,853.0,99.0,582.0,sackmann_archive_2025
2025-8994,Mallorca,Grass,28,A,2025-06-22,359,126239,,,Arthur Rinderknech,R,196.0,FRA,29.9,106000,,,Damir Dzumhur,R,175.0,BIH,33.0,6-4 4-6 7-5,3,R32,151.0,9.0,9.0,94.0,49.0,41.0,23.0,16.0,4.0,6.0,8.0,6.0,100.0,55.0,39.0,27.0,16.0,5.0,8.0,70.0,864.0,68.0,900.0,sackmann_archive_2025
2025-0741,Eastbourne,Grass,28,A,2025-06-23,385,126203,1.0,,Taylor Fritz,R,196.0,USA,27.6,202385,,L,Jenson Brooksby,R,188.0,USA,24.6,7-5 6-1,3,F,86.0,8.0,1.0,66.0,40.0,29.0,14.0,10.0,6.0,7.0,0.0,0.0,51.0,36.0,19.0,8.0,9.0,3.0,7.0,5.0,4635.0,149.0,405.0,sackmann_archive_2025
2025-0741,Eastbourne,Grass,28,A,2025-06-23,384,126203,1.0,,Taylor Fritz,R,196.0,USA,27.6,200221,6.0,,Alejandro Davidovich Fokina,R,183.0,ESP,26.0,6-3 3-6 6-1,3,SF,93.0,18.0,0.0,77.0,54.0,42.0,12.0,13.0,2.0,3.0,1.0,2.0,65.0,43.0,30.0,11.0,12.0,0.0,3.0,5.0,4635.0,28.0,1770.0,sackmann_archive_2025
2025-0741,Eastbourne,Grass,28,A,2025-06-23,383,202385,,LL,Jenson Brooksby,R,188.0,USA,24.6,200005,4.0,,Ugo Humbert,L,188.0,FRA,26.9,6-7(7) 6-4 6-4,3,SF,167.0,4.0,6.0,104.0,56.0,39.0,26.0,16.0,9.0,13.0,4.0,3.0,103.0,65.0,44.0,16.0,16.0,7.0,13.0,149.0,405.0,20.0,2195.0,sackmann_archive_2025
2025-0741,Eastbourne,Grass,28,A,2025-06-23,382,126203,1.0,,Taylor Fritz,R,196.0,USA,27.6,106218,,,Marcos Giron,R,180.0,USA,31.9,7-5 4-6 7-5,3,QF,144.0,16.0,1.0,99.0,72.0,58.0,10.0,17.0,1.0,4.0,3.0,5.0,102.0,56.0,42.0,22.0,17.0,1.0,5.0,5.0,4635.0,46.0,1175.0,sackmann_archive_2025
2025-0741,Eastbourne,Grass,28,A,2025-06-23,381,200221,6.0,,Alejandro Davidovich Fokina,R,183.0,ESP,26.0,210150,3.0,,Jakub Mensik,R,193.0,CZE,19.8,6-4 7-5,3,QF,104.0,1.0,4.0,76.0,46.0,33.0,17.0,11.0,6.0,7.0,9.0,4.0,85.0,55.0,35.0,14.0,11.0,7.0,10.0,28.0,1770.0,17.0,2356.0,sackmann_archive_2025
2025-0741,Eastbourne,Grass,28,A,2025-06-23,380,200005,4.0,,Ugo Humbert,L,188.0,FRA,26.9,126129,,LL,Billy Harris,R,193.0,GBR,30.4,7-6(4) 6-1,3,QF,101.0,3.0,3.0,53.0,35.0,27.0,9.0,9.0,0.0,2.0,2.0,3.0,67.0,42.0,21.0,12.0,10.0,5.0,10.0,20.0,2195.0,142.0,426.0,sackmann_archive_2025
2025-0741,Eastbourne,Grass,28,A,2025-06-23,379,202385,,LL,Jenson Brooksby,R,188.0,USA,24.6,105554,,WC,Daniel Evans,R,175.0,GBR,35.0,6-2 6-3,3,QF,83.0,4.0,2.0,38.0,24.0,21.0,11.0,8.0,0.0,0.0,2.0,1.0,63.0,39.0,22.0,10.0,9.0,2.0,6.0,149.0,405.0,170.0,325.0,sackmann_archive_2025
2025-0741,Eastbourne,Grass,28,A,2025-06-23,378,126203,1.0,,Taylor Fritz,R,196.0,USA,27.6,211663,,,Joao Fonseca,R,185.0,BRA,18.8,6-3 6-7(5) 7-5,3,R16,122.0,17.0,2.0,106.0,72.0,56.0,17.0,17.0,1.0,2.0,7.0,1.0,90.0,62.0,48.0,14.0,16.0,4.0,7.0,5.0,4635.0,57.0,991.0,sackmann_archive_2025
2025-0741,Eastbourne,Grass,28,A,2025-06-23,377,106218,,,Marcos Giron,R,180.0,USA,31.9,207985,,,Jacob Fearnley,R,183.0,GBR,23.9,6-3 6-1,3,R16,63.0,1.0,0.0,42.0,24.0,19.0,12.0,8.0,1.0,2.0,1.0,5.0,51.0,35.0,19.0,4.0,8.0,4.0,9.0,46.0,1175.0,51.0,1048.0,sackmann_archive_2025
2025-0741,Eastbourne,Grass,28,A,2025-06-23,376,210150,3.0,,Jakub Mensik,R,193.0,CZE,19.8,124187,,PR,Reilly Opelka,R,211.0,USA,27.8,7-5 6-3,3,R16,86.0,12.0,2.0,64.0,41.0,30.0,17.0,11.0,0.0,0.0,10.0,4.0,72.0,42.0,29.0,13.0,10.0,1.0,3.0,17.0,2356.0,72.0,858.0,sackmann_archive_2025
2025-0741,Eastbourne,Grass,28,A,2025-06-23,375,200221,6.0,,Alejandro Davidovich Fokina,R,183.0,ESP,26.0,105902,,Q,James Duckworth,R,183.0,AUS,33.4,6-7(3) 6-3 6-4,3,R16,135.0,10.0,5.0,114.0,71.0,52.0,24.0,16.0,8.0,9.0,7.0,1.0,86.0,55.0,39.0,16.0,15.0,4.0,7.0,28.0,1770.0,106.0,528.0,sackmann_archive_2025
2025-0741,Eastbourne,Grass,28,A,2025-06-23,374,126129,,LL,Billy Harris,R,193.0,GBR,30.4,208233,,Q,Mattia Bellucci,L,175.0,ITA,24.0,6-3 6-4,3,R16,89.0,2.0,1.0,66.0,46.0,34.0,11.0,10.0,2.0,2.0,5.0,3.0,53.0,34.0,26.0,8.0,9.0,2.0,4.0,142.0,426.0,74.0,836.0,sackmann_archive_2025
2025-0741,Eastbourne,Grass,28,A,2025-06-23,373,200005,4.0,,Ugo Humbert,L,188.0,FRA,26.9,132283,,,Lorenzo Sonego,R,191.0,ITA,30.1,7-5 6-4,3,R16,100.0,4.0,2.0,65.0,33.0,24.0,25.0,11.0,0.0,0.0,3.0,3.0,65.0,53.0,38.0,5.0,11.0,4.0,6.0,20.0,2195.0,48.0,1171.0,sackmann_archive_2025
2025-0741,Eastbourne,Grass,28,A,2025-06-23,372,202385,,LL,Jenson Brooksby,R,188.0,USA,24.6,132686,8.0,,Nuno Borges,R,185.0,POR,28.3,6-4 6-4,3,R16,81.0,2.0,1.0,58.0,35.0,29.0,12.0,10.0,1.0,2.0,2.0,0.0,57.0,40.0,25.0,9.0,10.0,2.0,5.0,149.0,405.0,37.0,1400.0,sackmann_archive_2025
2025-0741,Eastbourne,Grass,28,A,2025-06-23,371,105554,,WC,Daniel Evans,R,175.0,GBR,35.0,126205,2.0,,Tommy Paul,R,185.0,USA,28.1,6-4 3-6 6-3,3,R16,134.0,4.0,2.0,76.0,43.0,30.0,19.0,14.0,2.0,5.0,6.0,3.0,97.0,53.0,38.0,19.0,14.0,10.0,14.0,170.0,325.0,13.0,2970.0,sackmann_archive_2025
2025-0741,Eastbourne,Grass,28,A,2025-06-23,370,211663,,,Joao Fonseca,R,185.0,BRA,18.8,200267,,,Zizou Bergs,R,185.0,BEL,26.0,6-7(8) 6-0 6-3,3,R32,128.0,3.0,2.0,90.0,71.0,50.0,14.0,14.0,2.0,3.0,14.0,8.0,102.0,67.0,42.0,15.0,13.0,7.0,12.0,57.0,991.0,50.0,1079.0,sackmann_archive_2025
2025-0741,Eastbourne,Grass,28,A,2025-06-23,369,106218,,,Marcos Giron,R,180.0,USA,31.9,209260,,,Luciano Darderi,R,183.0,ITA,23.3,6-4 7-5,3,R32,82.0,4.0,0.0,74.0,50.0,31.0,17.0,11.0,5.0,6.0,2.0,3.0,66.0,43.0,29.0,11.0,11.0,2.0,5.0,46.0,1175.0,56.0,1004.0,sackmann_archive_2025
2025-0741,Eastbourne,Grass,28,A,2025-06-23,368,207985,,,Jacob Fearnley,R,183.0,GBR,23.9,207925,5.0,,Flavio Cobolli,R,183.0,ITA,23.1,6-2 6-2,3,R32,65.0,4.0,1.0,44.0,35.0,25.0,6.0,8.0,0.0,1.0,1.0,4.0,63.0,36.0,22.0,7.0,8.0,4.0,9.0,51.0,1048.0,24.0,2060.0,sackmann_archive_2025
2025-0741,Eastbourne,Grass,28,A,2025-06-23,367,124187,,PR,Reilly Opelka,R,211.0,USA,27.8,207785,,Q,George Loffhagen,R,188.0,GBR,24.1,7-6(6) 3-6 7-6(1),3,R32,148.0,19.0,4.0,103.0,65.0,51.0,24.0,16.0,5.0,6.0,11.0,6.0,115.0,77.0,61.0,21.0,17.0,4.0,4.0,72.0,858.0,302.0,172.0,sackmann_archive_2025
2025-0741,Eastbourne,Grass,28,A,2025-06-23,366,105902,,Q,James Duckworth,R,183.0,AUS,33.4,126846,,Q,Aleksandar Vukic,R,188.0,AUS,29.2,6-3 6-7(5) 6-1,3,R32,141.0,10.0,3.0,96.0,63.0,50.0,19.0,15.0,5.0,5.0,5.0,2.0,91.0,55.0,36.0,19.0,13.0,8.0,11.0,106.0,528.0,80.0,758.0,sackmann_archive_2025
2025-0741,Eastbourne,Grass,28,A,2025-06-23,365,200221,6.0,,Alejandro Davidovich Fokina,R,183.0,ESP,26.0,202358,,LL,Chun Hsin Tseng,R,175.0,TPE,23.8,7-6(6) 6-2,3,R32,93.0,2.0,3.0,60.0,40.0,35.0,13.0,10.0,2.0,2.0,3.0,4.0,79.0,48.0,31.0,17.0,10.0,7.0,9.0,28.0,1770.0,96.0,648.0,sackmann_archive_2025
2025-0741,Eastbourne,Grass,28,A,2025-06-23,364,126129,,LL,Billy Harris,R,193.0,GBR,30.4,111815,,WC,Cameron Norrie,L,188.0,GBR,29.8,6-4 6-4,3,R32,84.0,4.0,1.0,68.0,48.0,35.0,10.0,10.0,7.0,8.0,0.0,1.0,53.0,35.0,18.0,14.0,10.0,0.0,3.0,142.0,426.0,61.0,952.0,sackmann_archive_2025
2025-0741,Eastbourne,Grass,28,A,2025-06-23,363,208233,,Q,Mattia Bellucci,L,175.0,ITA,24.0,111460,,,Quentin Halys,R,191.0,FRA,28.6,6-4 6-2,3,R32,68.0,1.0,2.0,49.0,28.0,23.0,16.0,9.0,1.0,1.0,5.0,3.0,49.0,30.0,22.0,7.0,9.0,1.0,4.0,74.0,836.0,47.0,1174.0,sackmann_archive_2025
2025-0741,Eastbourne,Grass,28,A,2025-06-23,362,132283,,,Lorenzo Sonego,R,191.0,ITA,30.1,206681,,,Fabian Marozsan,R,193.0,HUN,25.7,6-2 6-4,3,R32,78.0,1.0,3.0,54.0,32.0,27.0,12.0,9.0,2.0,2.0,2.0,2.0,52.0,39.0,24.0,5.0,9.0,0.0,3.0,48.0,1171.0,58.0,990.0,sackmann_archive_2025
2025-0741,Eastbourne,Grass,28,A,2025-06-23,361,132686,8.0,,Nuno Borges,R,185.0,POR,28.3,209957,,WC,Jack Pinnington Jones,R,180.0,GBR,22.2,4-6 6-3 6-3,3,R32,121.0,7.0,1.0,86.0,65.0,47.0,9.0,14.0,5.0,8.0,3.0,14.0,105.0,68.0,45.0,14.0,14.0,8.0,13.0,37.0,1400.0,282.0,196.0,sackmann_archive_2025
2025-0741,Eastbourne,Grass,28,A,2025-06-23,360,202385,,LL,Jenson Brooksby,R,188.0,USA,24.6,207681,,,Francisco Comesana,R,178.0,ARG,24.7,7-6(6) 6-4,3,R32,105.0,2.0,0.0,68.0,44.0,31.0,16.0,11.0,3.0,5.0,6.0,4.0,74.0,52.0,34.0,11.0,11.0,7.0,10.0,149.0,405.0,65.0,914.0,sackmann_archive_2025
2025-0741,Eastbourne,Grass,28,A,2025-06-23,359,105554,,WC,Daniel Evans,R,175.0,GBR,35.0,200175,,,Miomir Kecmanovic,R,183.0,SRB,25.8,3-6 6-4 6-4,3,R32,129.0,6.0,3.0,95.0,63.0,46.0,13.0,15.0,4.0,8.0,5.0,3.0,78.0,55.0,37.0,11.0,14.0,4.0,8.0,170.0,325.0,49.0,1146.0,sackmann_archive_2025
2025-0316,Bastad,Clay,28,A,2025-07-14,385,209260,6.0,,Luciano Darderi,R,183.0,ITA,23.4,207411,,,Jesper De Jong,R,180.0,NED,25.1,6-4 3-6 6-3,3,F,126.0,6.0,2.0,72.0,47.0,38.0,13.0,14.0,0.0,2.0,6.0,1.0,85.0,53.0,39.0,17.0,14.0,4.0,7.0,55.0,1039.0,106.0,590.0,sackmann_archive_2025
2025-0316,Bastad,Clay,28,A,2025-07-14,384,209260,6.0,,Luciano Darderi,R,183.0,ITA,23.4,202103,1.0,,Francisco Cerundolo,R,185.0,ARG,26.9,6-2 3-6 7-6(3),3,SF,153.0,5.0,1.0,96.0,56.0,41.0,16.0,14.0,9.0,14.0,1.0,5.0,96.0,56.0,33.0,20.0,15.0,5.0,11.0,55.0,1039.0,20.0,2285.0,sackmann_archive_2025
2025-0316,Bastad,Clay,28,A,2025-07-14,383,207411,,,Jesper De Jong,R,180.0,NED,25.1,200116,5.0,,Camilo Ugo Carabelli,R,185.0,ARG,26.0,6-3 7-6(3),3,SF,112.0,8.0,2.0,70.0,41.0,34.0,13.0,11.0,0.0,1.0,3.0,3.0,64.0,37.0,26.0,13.0,10.0,1.0,3.0,106.0,590.0,59.0,972.0,sackmann_archive_2025
2025-0316,Bastad,Clay,28,A,2025-07-14,382,202103,1.0,,Francisco Cerundolo,R,185.0,ARG,26.9,106000,7.0,,Damir Dzumhur,R,175.0,BIH,33.1,6-0 3-6 6-3,3,QF,106.0,5.0,5.0,77.0,45.0,33.0,13.0,12.0,2.0,5.0,1.0,0.0,69.0,51.0,26.0,8.0,12.0,2.0,8.0,20.0,2285.0,70.0,894.0,sackmann_archive_2025
2025-0316,Bastad,Clay,28,A,2025-07-14,381,209260,6.0,,Luciano Darderi,R,183.0,ITA,23.4,202104,4.0,,Sebastian Baez,R,170.0,ARG,24.5,6-0 6-2,3,QF,64.0,5.0,2.0,38.0,19.0,17.0,12.0,7.0,0.0,0.0,1.0,3.0,51.0,37.0,18.0,4.0,7.0,3.0,8.0,55.0,1039.0,37.0,1370.0,sackmann_archive_2025
2025-0316,Bastad,Clay,28,A,2025-07-14,380,200116,5.0,,Camilo Ugo Carabelli,R,185.0,ARG,26.0,209209,,Q,Filip Misolic,R,180.0,AUT,23.9,6-3 7-5,3,QF,96.0,7.0,3.0,57.0,41.0,32.0,6.0,10.0,2.0,4.0,2.0,0.0,77.0,54.0,35.0,6.0,11.0,7.0,12.0,59.0,972.0,105.0,593.0,sackmann_archive_2025
2025-0316,Bastad,Clay,28,A,2025-07-14,379,207411,,,Jesper De Jong,R,180.0,NED,25.1,134868,2.0,,Tallon Griekspoor,R,188.0,NED,29.0,4-6 7-6(3) 6-3,3,QF,160.0,13.0,3.0,98.0,52.0,40.0,24.0,15.0,7.0,10.0,9.0,1.0,109.0,67.0,45.0,21.0,16.0,4.0,8.0,106.0,590.0,29.0,1715.0,sackmann_archive_2025
2025-0316,Bastad,Clay,28,A,2025-07-14,378,202103,1.0,,Francisco Cerundolo,R,185.0,ARG,26.9,208363,,,Mariano Navone,R,178.0,ARG,24.3,6-3 6-3,3,R16,92.0,1.0,2.0,59.0,38.0,28.0,10.0,9.0,4.0,5.0,2.0,4.0,69.0,42.0,28.0,9.0,9.0,6.0,10.0,20.0,2285.0,75.0,810.0,sackmann_archive_2025
2025-0316,Bastad,Clay,28,A,2025-07-14,377,106000,7.0,,Damir Dzumhur,R,175.0,BIH,33.1,200384,,,Hugo Gaston,L,173.0,FRA,24.7,4-6 6-2 6-2,3,R16,108.0,2.0,0.0,77.0,59.0,43.0,10.0,13.0,4.0,6.0,1.0,2.0,80.0,44.0,27.0,18.0,13.0,7.0,12.0,70.0,894.0,91.0,663.0,sackmann_archive_2025
2025-0316,Bastad,Clay,28,A,2025-07-14,376,202104,4.0,,Sebastian Baez,R,170.0,ARG,24.5,149282,,Q,Nicolai Budkov Kjaer,R,188.0,NOR,18.8,3-6 6-2 7-5,3,R16,124.0,1.0,2.0,81.0,57.0,36.0,12.0,14.0,3.0,7.0,4.0,3.0,101.0,67.0,41.0,14.0,15.0,9.0,15.0,37.0,1370.0,298.0,180.0,sackmann_archive_2025
2025-0316,Bastad,Clay,28,A,2025-07-14,375,209260,6.0,,Luciano Darderi,R,183.0,ITA,23.4,111200,,WC,Elias Ymer,R,185.0,SWE,29.2,6-2 6-2,3,R16,71.0,8.0,3.0,50.0,27.0,20.0,16.0,8.0,2.0,2.0,2.0,3.0,49.0,30.0,17.0,9.0,8.0,5.0,9.0,55.0,1039.0,264.0,211.0,sackmann_archive_2025
2025-0316,Bastad,Clay,28,A,2025-07-14,374,200116,5.0,,Camilo Ugo Carabelli,R,185.0,ARG,26.0,122298,,,Botic Van De Zandschulp,R,191.0,NED,29.7,7-6(3) 5-7 6-3,3,R16,170.0,8.0,2.0,124.0,88.0,59.0,18.0,17.0,11.0,13.0,3.0,0.0,94.0,62.0,46.0,16.0,16.0,2.0,4.0,59.0,972.0,100.0,622.0,sackmann_archive_2025
2025-0316,Bastad,Clay,28,A,2025-07-14,373,209209,,Q,Filip Misolic,R,180.0,AUT,23.9,132686,3.0,,Nuno Borges,R,185.0,POR,28.3,3-6 7-6(1) 6-3,3,R16,119.0,7.0,1.0,87.0,57.0,43.0,19.0,16.0,5.0,8.0,3.0,0.0,81.0,54.0,38.0,18.0,14.0,1.0,3.0,105.0,593.0,35.0,1490.0,sackmann_archive_2025
2025-0316,Bastad,Clay,28,A,2025-07-14,372,207411,,,Jesper De Jong,R,180.0,NED,25.1,200240,8.0,,Vit Kopriva,R,178.0,CZE,28.0,7-6(3) 7-5,3,R16,147.0,8.0,5.0,76.0,42.0,31.0,19.0,12.0,2.0,4.0,9.0,3.0,112.0,58.0,34.0,32.0,12.0,14.0,17.0,106.0,590.0,83.0,719.0,sackmann_archive_2025
2025-0316,Bastad,Clay,28,A,2025-07-14,371,134868,2.0,,Tallon Griekspoor,R,188.0,NED,29.0,126504,,Q,Andrea Pellegrino,R,185.0,ITA,28.3,4-6 7-6(6) 6-3,3,R16,131.0,12.0,6.0,103.0,66.0,47.0,19.0,16.0,4.0,7.0,4.0,3.0,93.0,61.0,38.0,20.0,15.0,2.0,5.0,29.0,1715.0,139.0,437.0,sackmann_archive_2025
2025-0316,Bastad,Clay,28,A,2025-07-14,370,208363,,,Mariano Navone,R,178.0,ARG,24.3,144642,,,Tomas Barrios Vera,R,191.0,CHI,27.5,7-5 7-5,3,R32,118.0,4.0,1.0,75.0,47.0,30.0,16.0,12.0,4.0,7.0,1.0,0.0,82.0,63.0,35.0,9.0,12.0,5.0,10.0,75.0,810.0,124.0,493.0,sackmann_archive_2025
2025-0316,Bastad,Clay,28,A,2025-07-14,369,200384,,,Hugo Gaston,L,173.0,FRA,24.7,202358,,,Chun Hsin Tseng,R,175.0,TPE,23.9,6-4 6-3,3,R32,78.0,2.0,1.0,64.0,41.0,28.0,13.0,9.0,5.0,6.0,2.0,2.0,55.0,36.0,26.0,7.0,10.0,1.0,5.0,91.0,663.0,98.0,631.0,sackmann_archive_2025
2025-0316,Bastad,Clay,28,A,2025-07-14,368,106000,7.0,,Damir Dzumhur,R,175.0,BIH,33.1,124116,,,Sebastian Ofner,R,191.0,AUT,29.1,6-4 6-4,3,R32,87.0,0.0,1.0,56.0,38.0,26.0,12.0,10.0,2.0,3.0,4.0,2.0,64.0,32.0,24.0,13.0,10.0,3.0,6.0,70.0,894.0,141.0,433.0,sackmann_archive_2025
2025-0316,Bastad,Clay,28,A,2025-07-14,367,149282,,Q,Nicolai Budkov Kjaer,R,188.0,NOR,18.8,106329,,Q,Thiago Monteiro,L,183.0,BRA,31.1,5-7 6-3 7-6(2),3,R32,161.0,5.0,7.0,106.0,74.0,52.0,17.0,17.0,4.0,7.0,4.0,0.0,104.0,70.0,49.0,13.0,16.0,1.0,4.0,298.0,180.0,152.0,375.0,sackmann_archive_2025
2025-0316,Bastad,Clay,28,A,2025-07-14,366,111200,,WC,Elias Ymer,R,185.0,SWE,29.2,207729,,,Tristan Boyer,R,188.0,USA,24.2,6-3 3-6 6-2,3,R32,134.0,2.0,1.0,73.0,52.0,40.0,11.0,13.0,5.0,7.0,3.0,0.0,77.0,48.0,28.0,17.0,13.0,2.0,6.0,264.0,211.0,126.0,486.0,sackmann_archive_2025
2025-0316,Bastad,Clay,28,A,2025-07-14,365,209260,6.0,,Luciano Darderi,R,183.0,ITA,23.4,209920,,,Raphael Collignon,R,191.0,BEL,23.4,6-2 2-6 6-2,3,R32,129.0,5.0,2.0,91.0,55.0,37.0,20.0,12.0,6.0,8.0,5.0,4.0,81.0,53.0,35.0,12.0,12.0,6.0,10.0,55.0,1039.0,84.0,715.0,sackmann_archive_2025
2025-0316,Bastad,Clay,28,A,2025-07-14,364,200116,5.0,,Camilo Ugo Carabelli,R,185.0,ARG,26.0,106426,,,Cristian Garin,R,185.0,CHI,29.1,6-4 6-4,3,R32,123.0,1.0,2.0,71.0,46.0,27.0,12.0,10.0,9.0,12.0,2.0,2.0,83.0,55.0,32.0,10.0,10.0,9.0,14.0,59.0,972.0,117.0,535.0,sackmann_archive_2025
2025-0316,Bastad,Clay,28,A,2025-07-14,363,122298,,,Botic Van De Zandschulp,R,191.0,NED,29.7,144707,,WC,Mikael Ymer,R,183.0,SWE,26.8,6-4 6-1,3,R32,77.0,0.0,3.0,45.0,29.0,23.0,9.0,8.0,1.0,2.0,2.0,1.0,49.0,29.0,17.0,6.0,9.0,5.0,10.0,100.0,622.0,618.0,53.0,sackmann_archive_2025
2025-0316,Bastad,Clay,28,A,2025-07-14,362,209209,,Q,Filip Misolic,R,180.0,AUT,23.9,209284,,,Elmer Moller,R,183.0,DEN,22.0,6-3 3-6 7-5,3,R32,161.0,6.0,1.0,116.0,69.0,40.0,23.0,15.0,9.0,14.0,7.0,3.0,116.0,78.0,43.0,19.0,15.0,12.0,18.0,105.0,593.0,102.0,609.0,sackmann_archive_2025
2025-0316,Bastad,Clay,28,A,2025-07-14,361,200240,8.0,,Vit Kopriva,R,178.0,CZE,28.0,106198,,,Hugo Dellien,R,180.0,BOL,32.0,6-1 3-0 RET,3,R32,45.0,1.0,0.0,32.0,18.0,13.0,9.0,5.0,4.0,4.0,0.0,0.0,31.0,23.0,7.0,3.0,5.0,2.0,6.0,83.0,719.0,94.0,661.0,sackmann_archive_2025
2025-0316,Bastad,Clay,28,A,2025-07-14,360,207411,,,Jesper De Jong,R,180.0,NED,25.1,212478,,WC,William Rejchtman Vinciguerra,U,,SWE,18.4,6-3 6-2,3,R32,82.0,8.0,1.0,49.0,28.0,23.0,15.0,9.0,0.0,0.0,1.0,4.0,66.0,37.0,19.0,16.0,8.0,3.0,6.0,106.0,590.0,1476.0,3.0,sackmann_archive_2025
2025-0316,Bastad,Clay,28,A,2025-07-14,359,126504,,Q,Andrea Pellegrino,R,185.0,ITA,28.3,210262,,,Jaime Faria,R,188.0,POR,21.9,2-6 6-3 6-3,3,R32,106.0,3.0,1.0,87.0,59.0,39.0,15.0,13.0,8.0,11.0,4.0,5.0,81.0,46.0,29.0,18.0,13.0,3.0,7.0,139.0,437.0,115.0,543.0,sackmann_archive_2025
2025-0314,Gstaad,Clay,28,A,2025-07-14,385,122330,2.0,,Alexander Bublik,R,196.0,KAZ,28.0,207678,,,Juan Manuel Cerundolo,L,183.0,ARG,23.6,6-4 4-6 6-3,3,F,127.0,13.0,4.0,94.0,62.0,50.0,11.0,15.0,7.0,10.0,1.0,2.0,100.0,73.0,44.0,13.0,14.0,10.0,14.0,34.0,1585.0,109.0,577.0,sackmann_archive_2025
2025-0314,Gstaad,Clay,28,A,2025-07-14,384,207678,,,Juan Manuel Cerundolo,L,183.0,ARG,23.6,209860,,Q,Ignacio Buse,R,185.0,PER,21.3,6-3 6-3,3,SF,82.0,3.0,1.0,54.0,40.0,30.0,9.0,9.0,1.0,1.0,3.0,3.0,54.0,26.0,17.0,15.0,9.0,3.0,6.0,109.0,577.0,167.0,340.0,sackmann_archive_2025
2025-0314,Gstaad,Clay,28,A,2025-07-14,383,122330,2.0,,Alexander Bublik,R,196.0,KAZ,28.0,209070,,,Arthur Cazaux,R,183.0,FRA,22.8,6-1 7-5,3,SF,73.0,12.0,3.0,53.0,38.0,33.0,7.0,10.0,0.0,0.0,2.0,1.0,58.0,31.0,19.0,13.0,9.0,5.0,8.0,34.0,1585.0,116.0,535.0,sackmann_archive_2025
2025-0314,Gstaad,Clay,28,A,2025-07-14,382,207678,,,Juan Manuel Cerundolo,L,183.0,ARG,23.6,134770,1.0,,Casper Ruud,R,183.0,NOR,26.5,6-2 1-6 6-3,3,QF,129.0,3.0,5.0,87.0,55.0,34.0,12.0,12.0,10.0,15.0,4.0,0.0,79.0,54.0,33.0,9.0,12.0,3.0,9.0,109.0,577.0,13.0,2855.0,sackmann_archive_2025
2025-0314,Gstaad,Clay,28,A,2025-07-14,381,209860,,Q,Ignacio Buse,R,185.0,PER,21.3,208882,,,Roman Andres Burruchaga,R,183.0,ARG,23.4,6-3 3-6 6-1,3,QF,134.0,4.0,5.0,95.0,53.0,40.0,19.0,13.0,6.0,8.0,2.0,1.0,94.0,67.0,41.0,11.0,12.0,9.0,13.0,167.0,340.0,136.0,445.0,sackmann_archive_2025
2025-0314,Gstaad,Clay,28,A,2025-07-14,380,209070,,,Arthur Cazaux,R,183.0,FRA,22.8,208843,,WC,Jerome Kym,R,198.0,SUI,22.4,7-6(3) 3-6 7-5,3,QF,137.0,7.0,5.0,87.0,49.0,42.0,21.0,16.0,1.0,3.0,11.0,2.0,100.0,59.0,45.0,25.0,17.0,1.0,3.0,116.0,535.0,154.0,369.0,sackmann_archive_2025
2025-0314,Gstaad,Clay,28,A,2025-07-14,379,122330,2.0,,Alexander Bublik,R,196.0,KAZ,28.0,207681,7.0,,Francisco Comesana,R,178.0,ARG,24.7,6-4 6-3,3,QF,71.0,11.0,5.0,62.0,37.0,28.0,15.0,10.0,2.0,2.0,8.0,3.0,53.0,41.0,31.0,3.0,9.0,2.0,4.0,34.0,1585.0,74.0,824.0,sackmann_archive_2025
2025-0314,Gstaad,Clay,28,A,2025-07-14,378,134770,1.0,,Casper Ruud,R,183.0,NOR,26.5,208502,,WC,Dominic Stricker,L,183.0,SUI,22.9,7-5 7-6(6),3,R16,104.0,9.0,2.0,74.0,46.0,37.0,17.0,12.0,1.0,2.0,7.0,3.0,78.0,40.0,32.0,19.0,12.0,3.0,5.0,13.0,2855.0,229.0,245.0,sackmann_archive_2025
2025-0314,Gstaad,Clay,28,A,2025-07-14,377,207678,,,Juan Manuel Cerundolo,L,183.0,ARG,23.6,105676,6.0,WC,David Goffin,R,180.0,BEL,34.6,5-7 6-4 6-1,3,R16,127.0,9.0,2.0,87.0,61.0,44.0,13.0,14.0,5.0,7.0,4.0,3.0,94.0,57.0,39.0,17.0,15.0,4.0,9.0,109.0,577.0,68.0,914.0,sackmann_archive_2025
2025-0314,Gstaad,Clay,28,A,2025-07-14,376,208882,,,Roman Andres Burruchaga,R,183.0,ARG,23.4,200452,,LL,Patrick Zahraj,R,188.0,GER,25.9,4-6 6-4 6-1,3,R16,135.0,2.0,1.0,92.0,60.0,41.0,18.0,14.0,3.0,6.0,2.0,6.0,81.0,40.0,30.0,14.0,13.0,3.0,8.0,136.0,445.0,283.0,193.0,sackmann_archive_2025
2025-0314,Gstaad,Clay,28,A,2025-07-14,375,209860,,Q,Ignacio Buse,R,185.0,PER,21.3,111794,,,Kamil Majchrzak,R,180.0,POL,29.5,1-6 7-5 6-1,3,R16,111.0,5.0,3.0,79.0,50.0,37.0,14.0,13.0,3.0,5.0,1.0,2.0,84.0,48.0,34.0,15.0,13.0,7.0,10.0,167.0,340.0,81.0,727.0,sackmann_archive_2025
2025-0314,Gstaad,Clay,28,A,2025-07-14,374,208843,,WC,Jerome Kym,R,198.0,SUI,22.4,208859,,Q,Francesco Passaro,R,180.0,ITA,24.5,7-6(3) 7-6(3),3,R16,115.0,9.0,3.0,87.0,57.0,50.0,16.0,12.0,6.0,6.0,3.0,1.0,78.0,48.0,35.0,20.0,12.0,1.0,1.0,154.0,369.0,131.0,461.0,sackmann_archive_2025
2025-0314,Gstaad,Clay,28,A,2025-07-14,373,209070,,,Arthur Cazaux,R,183.0,FRA,22.8,144869,4.0,,Tomas Martin Etcheverry,R,196.0,ARG,25.9,6-3 4-6 6-4,3,R16,150.0,16.0,2.0,112.0,78.0,61.0,12.0,15.0,10.0,11.0,5.0,2.0,71.0,41.0,34.0,18.0,14.0,4.0,6.0,116.0,535.0,58.0,985.0,sackmann_archive_2025
2025-0314,Gstaad,Clay,28,A,2025-07-14,372,207681,7.0,,Francisco Comesana,R,178.0,ARG,24.7,106148,,,Roberto Carballes Baena,R,183.0,ESP,32.3,6-1 6-4,3,R16,73.0,10.0,1.0,47.0,32.0,29.0,8.0,9.0,1.0,1.0,1.0,1.0,50.0,26.0,11.0,18.0,8.0,2.0,5.0,74.0,824.0,79.0,740.0,sackmann_archive_2025
2025-0314,Gstaad,Clay,28,A,2025-07-14,371,122330,2.0,,Alexander Bublik,R,196.0,KAZ,28.0,207686,,,Alexander Shevchenko,R,185.0,KAZ,24.6,6-2 6-3,3,R16,61.0,5.0,5.0,52.0,30.0,24.0,11.0,9.0,2.0,3.0,0.0,2.0,49.0,29.0,17.0,9.0,8.0,3.0,7.0,34.0,1585.0,101.0,610.0,sackmann_archive_2025
2025-0314,Gstaad,Clay,28,A,2025-07-14,370,208502,,WC,Dominic Stricker,L,183.0,SUI,22.9,105732,,,Pierre Hugues Herbert,R,188.0,FRA,34.3,4-6 6-4 6-2,3,R32,106.0,9.0,0.0,77.0,43.0,33.0,24.0,14.0,1.0,2.0,7.0,10.0,78.0,40.0,32.0,20.0,14.0,3.0,6.0,229.0,245.0,144.0,431.0,sackmann_archive_2025
2025-0314,Gstaad,Clay,28,A,2025-07-14,369,207678,,,Juan Manuel Cerundolo,L,183.0,ARG,23.6,105526,,,Jan Lennard Struff,R,193.0,GER,35.2,6-3 3-6 6-3,3,R32,140.0,5.0,3.0,90.0,58.0,41.0,20.0,14.0,10.0,11.0,9.0,8.0,116.0,52.0,37.0,32.0,13.0,8.0,10.0,109.0,577.0,129.0,475.0,sackmann_archive_2025
2025-0314,Gstaad,Clay,28,A,2025-07-14,368,105676,6.0,WC,David Goffin,R,180.0,BEL,34.6,212021,,NG,Martin Landaluce,R,191.0,ESP,19.5,7-6(2) 6-3,3,R32,120.0,9.0,4.0,72.0,42.0,37.0,18.0,11.0,7.0,7.0,6.0,7.0,96.0,63.0,40.0,17.0,10.0,13.0,14.0,68.0,914.0,138.0,440.0,sackmann_archive_2025
2025-0314,Gstaad,Clay,28,A,2025-07-14,367,208882,,,Roman Andres Burruchaga,R,183.0,ARG,23.4,207494,,,Dalibor Svrcina,R,178.0,CZE,22.7,6-3 6-1,3,R32,63.0,0.0,0.0,46.0,38.0,28.0,5.0,8.0,3.0,4.0,0.0,2.0,45.0,28.0,14.0,7.0,8.0,0.0,5.0,136.0,445.0,120.0,514.0,sackmann_archive_2025
2025-0314,Gstaad,Clay,28,A,2025-07-14,366,111794,,,Kamil Majchrzak,R,180.0,POL,29.5,209279,,,Terence Atmane,L,193.0,FRA,23.5,6-4 3-6 6-2,3,R32,109.0,10.0,3.0,73.0,42.0,33.0,18.0,13.0,2.0,4.0,13.0,7.0,94.0,59.0,39.0,17.0,14.0,4.0,8.0,81.0,727.0,127.0,477.0,sackmann_archive_2025
2025-0314,Gstaad,Clay,28,A,2025-07-14,365,209860,,Q,Ignacio Buse,R,185.0,PER,21.3,111513,5.0,,Laslo Djere,R,188.0,SRB,30.1,7-6(4) 1-6 6-4,3,R32,142.0,5.0,1.0,94.0,55.0,41.0,20.0,15.0,3.0,6.0,9.0,2.0,83.0,55.0,42.0,15.0,14.0,1.0,2.0,167.0,340.0,60.0,961.0,sackmann_archive_2025
2025-0314,Gstaad,Clay,28,A,2025-07-14,364,208859,,Q,Francesco Passaro,R,180.0,ITA,24.5,126239,8.0,,Arthur Rinderknech,R,196.0,FRA,29.9,6-1 7-5,3,R32,74.0,5.0,0.0,51.0,37.0,30.0,12.0,10.0,2.0,2.0,7.0,3.0,49.0,26.0,22.0,8.0,9.0,1.0,4.0,131.0,461.0,64.0,923.0,sackmann_archive_2025
2025-0314,Gstaad,Clay,28,A,2025-07-14,363,208843,,WC,Jerome Kym,R,198.0,SUI,22.4,123921,,Q,Calvin Hemery,R,191.0,FRA,30.4,7-5 4-6 7-5,3,R32,135.0,8.0,6.0,90.0,60.0,53.0,12.0,17.0,0.0,2.0,10.0,10.0,103.0,71.0,55.0,10.0,17.0,6.0,9.0,154.0,369.0,171.0,331.0,sackmann_archive_2025
2025-0314,Gstaad,Clay,28,A,2025-07-14,362,209070,,,Arthur Cazaux,R,183.0,FRA,22.8,105932,,,Nikoloz Basilashvili,R,185.0,GEO,33.3,4-6 7-5 7-6(5),3,R32,169.0,16.0,2.0,115.0,72.0,52.0,27.0,17.0,4.0,5.0,12.0,9.0,123.0,64.0,46.0,35.0,17.0,7.0,8.0,116.0,535.0,112.0,552.0,sackmann_archive_2025
2025-0314,Gstaad,Clay,28,A,2025-07-14,361,207681,7.0,,Francisco Comesana,R,178.0,ARG,24.7,105477,,Q,Marco Trungelliti,R,178.0,ARG,35.4,6-3 6-4,3,R32,76.0,14.0,1.0,53.0,41.0,35.0,7.0,10.0,1.0,1.0,2.0,2.0,57.0,39.0,28.0,8.0,9.0,2.0,4.0,74.0,824.0,147.0,396.0,sackmann_archive_2025
2025-0314,Gstaad,Clay,28,A,2025-07-14,360,106148,,,Roberto Carballes Baena,R,183.0,ESP,32.3,126535,,,Carlos Taberner,R,183.0,ESP,27.9,1-6 6-2 7-6(5),3,R32,153.0,3.0,4.0,95.0,60.0,43.0,14.0,13.0,6.0,9.0,6.0,6.0,98.0,62.0,43.0,16.0,14.0,7.0,10.0,79.0,740.0,107.0,581.0,sackmann_archive_2025
2025-0314,Gstaad,Clay,28,A,2025-07-14,359,207686,,,Alexander Shevchenko,R,185.0,KAZ,24.6,104527,,,Stan Wawrinka,R,183.0,SUI,40.2,6-3 6-2,3,R32,74.0,7.0,2.0,64.0,38.0,30.0,16.0,9.0,5.0,5.0,6.0,0.0,54.0,32.0,22.0,8.0,8.0,3.0,6.0,101.0,610.0,156.0,357.0,sackmann_archive_2025
2025-7480,Los Cabos,Hard,28,A,2025-07-14,385,133430,3.0,,Denis Shapovalov,L,185.0,CAN,26.2,206499,7.0,,Aleksandar Kovacevic,R,183.0,USA,26.8,6-4 6-2,3,F,75.0,6.0,2.0,51.0,32.0,26.0,12.0,9.0,1.0,1.0,2.0,2.0,50.0,33.0,22.0,8.0,9.0,5.0,8.0,33.0,1586.0,76.0,799.0,sackmann_archive_2025
2025-7480,Los Cabos,Hard,28,A,2025-07-14,384,206499,7.0,,Aleksandar Kovacevic,R,183.0,USA,26.8,126094,1.0,,Andrey Rublev,R,188.0,RUS,27.7,3-6 6-4 6-4,3,SF,148.0,5.0,1.0,95.0,50.0,33.0,25.0,15.0,3.0,6.0,10.0,4.0,98.0,49.0,37.0,24.0,14.0,11.0,14.0,76.0,799.0,10.0,3110.0,sackmann_archive_2025
2025-7480,Los Cabos,Hard,28,A,2025-07-14,383,133430,3.0,,Denis Shapovalov,L,185.0,CAN,26.2,200443,8.0,,Adam Walton,R,183.0,AUS,26.2,6-2 6-2,3,SF,66.0,7.0,4.0,52.0,29.0,22.0,14.0,8.0,4.0,4.0,3.0,2.0,37.0,17.0,11.0,9.0,8.0,0.0,4.0,33.0,1586.0,97.0,638.0,sackmann_archive_2025
2025-7480,Los Cabos,Hard,28,A,2025-07-14,382,126094,1.0,,Andrey Rublev,R,188.0,RUS,27.7,207182,,,Emilio Nava,R,185.0,USA,23.6,5-7 6-4 6-3,3,QF,138.0,5.0,4.0,83.0,49.0,37.0,18.0,16.0,0.0,3.0,6.0,5.0,91.0,51.0,38.0,20.0,15.0,7.0,11.0,10.0,3110.0,123.0,495.0,sackmann_archive_2025
2025-7480,Los Cabos,Hard,28,A,2025-07-14,381,206499,7.0,,Aleksandar Kovacevic,R,183.0,USA,26.8,126663,,,Juan Pablo Ficovich,R,191.0,ARG,28.4,6-3 6-1,3,QF,80.0,3.0,3.0,51.0,26.0,21.0,13.0,8.0,3.0,4.0,2.0,1.0,66.0,39.0,22.0,9.0,8.0,8.0,13.0,76.0,799.0,148.0,391.0,sackmann_archive_2025
2025-7480,Los Cabos,Hard,28,A,2025-07-14,380,133430,3.0,,Denis Shapovalov,L,185.0,CAN,26.2,209262,,,Tristan Schoolkate,R,183.0,AUS,24.3,6-3 6-2,3,QF,77.0,10.0,4.0,55.0,36.0,25.0,12.0,9.0,1.0,2.0,2.0,5.0,53.0,17.0,10.0,17.0,8.0,0.0,4.0,33.0,1586.0,110.0,574.0,sackmann_archive_2025
2025-7480,Los Cabos,Hard,28,A,2025-07-14,379,200443,8.0,,Adam Walton,R,183.0,AUS,26.2,105902,,,James Duckworth,R,183.0,AUS,33.4,3-6 6-3 6-4,3,QF,120.0,10.0,5.0,81.0,44.0,33.0,18.0,14.0,2.0,5.0,5.0,5.0,85.0,40.0,26.0,26.0,14.0,3.0,7.0,97.0,638.0,113.0,550.0,sackmann_archive_2025
2025-7480,Los Cabos,Hard,28,A,2025-07-14,378,126094,1.0,,Andrey Rublev,R,188.0,RUS,27.7,207834,,WC,Juan Alejandro Hernandez Serrano,R,175.0,MEX,26.0,6-3 6-2,3,R16,74.0,11.0,6.0,46.0,24.0,22.0,12.0,8.0,1.0,1.0,0.0,3.0,69.0,46.0,25.0,11.0,9.0,5.0,9.0,10.0,3110.0,493.0,82.0,sackmann_archive_2025
2025-7480,Los Cabos,Hard,28,A,2025-07-14,377,207182,,,Emilio Nava,R,185.0,USA,23.6,207352,6.0,,Bu Yunchaokete,R,185.0,CHN,23.4,3-6 7-5 7-6(6),3,R16,182.0,14.0,5.0,113.0,69.0,58.0,18.0,16.0,6.0,7.0,8.0,3.0,123.0,71.0,53.0,27.0,17.0,8.0,9.0,123.0,495.0,73.0,862.0,sackmann_archive_2025
2025-7480,Los Cabos,Hard,28,A,2025-07-14,376,126663,,,Juan Pablo Ficovich,R,191.0,ARG,28.4,111460,4.0,,Quentin Halys,R,191.0,FRA,28.7,6-4 6-7(5) 6-3,3,R16,152.0,5.0,3.0,103.0,62.0,49.0,19.0,16.0,5.0,8.0,4.0,10.0,109.0,56.0,38.0,25.0,15.0,7.0,12.0,148.0,391.0,52.0,1054.0,sackmann_archive_2025
2025-7480,Los Cabos,Hard,28,A,2025-07-14,375,206499,7.0,,Aleksandar Kovacevic,R,183.0,USA,26.8,210545,,WC,Luis Carlos Alvarez,R,,MEX,20.8,7-5 6-4,3,R16,96.0,8.0,7.0,65.0,31.0,24.0,17.0,11.0,0.0,2.0,1.0,2.0,64.0,38.0,22.0,14.0,11.0,3.0,7.0,76.0,799.0,784.0,29.0,sackmann_archive_2025
2025-7480,Los Cabos,Hard,28,A,2025-07-14,374,209262,,,Tristan Schoolkate,R,183.0,AUS,24.3,127157,5.0,,Daniel Altmaier,R,188.0,GER,26.8,6-3 6-4,3,R16,77.0,9.0,3.0,61.0,32.0,23.0,22.0,10.0,6.0,6.0,3.0,4.0,49.0,28.0,22.0,9.0,9.0,1.0,3.0,110.0,574.0,61.0,958.0,sackmann_archive_2025
2025-7480,Los Cabos,Hard,28,A,2025-07-14,373,133430,3.0,,Denis Shapovalov,L,185.0,CAN,26.2,207181,,Q,Govind Nanda,R,178.0,USA,24.4,6-1 6-2,3,R16,60.0,4.0,3.0,47.0,22.0,16.0,17.0,8.0,3.0,4.0,1.0,1.0,40.0,23.0,13.0,4.0,7.0,2.0,7.0,33.0,1586.0,405.0,115.0,sackmann_archive_2025
2025-7480,Los Cabos,Hard,28,A,2025-07-14,372,200443,8.0,,Adam Walton,R,183.0,AUS,26.2,210460,,,Nishesh Basavareddy,R,180.0,USA,20.1,6-1 6-0,3,R16,61.0,1.0,0.0,40.0,24.0,19.0,11.0,7.0,3.0,3.0,1.0,4.0,42.0,22.0,10.0,5.0,6.0,5.0,10.0,97.0,638.0,111.0,561.0,sackmann_archive_2025
2025-7480,Los Cabos,Hard,28,A,2025-07-14,371,105902,,,James Duckworth,R,183.0,AUS,33.4,200221,2.0,,Alejandro Davidovich Fokina,R,183.0,ESP,26.1,6-3 6-4,3,R16,87.0,7.0,2.0,65.0,28.0,20.0,22.0,10.0,3.0,4.0,2.0,6.0,63.0,41.0,28.0,7.0,9.0,3.0,6.0,113.0,550.0,26.0,1945.0,sackmann_archive_2025
2025-7480,Los Cabos,Hard,28,A,2025-07-14,370,207834,,WC,Juan Alejandro Hernandez Serrano,R,175.0,MEX,26.0,106121,,,Taro Daniel,R,191.0,JPN,32.4,3-6 7-5 6-4,3,R32,147.0,3.0,1.0,82.0,57.0,42.0,15.0,16.0,1.0,4.0,11.0,3.0,90.0,52.0,41.0,16.0,15.0,3.0,6.0,493.0,82.0,155.0,368.0,sackmann_archive_2025
2025-7480,Los Cabos,Hard,28,A,2025-07-14,369,207182,,,Emilio Nava,R,185.0,USA,23.6,126846,,,Aleksandar Vukic,R,188.0,AUS,29.2,7-6(4) 6-3,3,R32,101.0,11.0,6.0,79.0,36.0,30.0,19.0,11.0,4.0,6.0,4.0,0.0,60.0,34.0,24.0,11.0,10.0,2.0,5.0,123.0,495.0,90.0,664.0,sackmann_archive_2025
2025-7480,Los Cabos,Hard,28,A,2025-07-14,368,207352,6.0,,Bu Yunchaokete,R,185.0,CHN,23.4,209246,,Q,Alan Magadan,U,,MEX,24.1,7-6(5) 6-2,3,R32,124.0,5.0,4.0,85.0,41.0,33.0,20.0,10.0,6.0,7.0,2.0,4.0,69.0,25.0,20.0,20.0,10.0,1.0,4.0,73.0,862.0,921.0,18.0,sackmann_archive_2025
2025-7480,Los Cabos,Hard,28,A,2025-07-14,367,126663,,,Juan Pablo Ficovich,R,191.0,ARG,28.4,208230,,,Alibek Kachmazov,R,185.0,RUS,22.9,6-3 6-2,3,R32,72.0,2.0,2.0,49.0,31.0,26.0,12.0,9.0,1.0,1.0,2.0,8.0,42.0,16.0,10.0,15.0,8.0,1.0,4.0,148.0,391.0,183.0,308.0,sackmann_archive_2025
2025-7480,Los Cabos,Hard,28,A,2025-07-14,366,210545,,WC,Luis Carlos Alvarez,R,,MEX,20.8,210317,,,James Mccabe,R,188.0,AUS,22.0,6-1 6-2,3,R32,73.0,0.0,2.0,52.0,27.0,20.0,15.0,7.0,6.0,6.0,4.0,4.0,44.0,15.0,11.0,8.0,8.0,2.0,7.0,784.0,29.0,164.0,341.0,sackmann_archive_2025
2025-7480,Los Cabos,Hard,28,A,2025-07-14,365,206499,7.0,,Aleksandar Kovacevic,R,183.0,USA,26.8,200273,,,Hady Habib,R,188.0,LIB,26.8,6-1 3-6 6-3,3,R32,108.0,10.0,3.0,71.0,39.0,31.0,20.0,13.0,3.0,5.0,5.0,6.0,81.0,40.0,30.0,17.0,12.0,8.0,12.0,76.0,799.0,172.0,326.0,sackmann_archive_2025
2025-7480,Los Cabos,Hard,28,A,2025-07-14,364,127157,5.0,,Daniel Altmaier,R,188.0,GER,26.8,106283,,,Mitchell Krueger,R,188.0,USA,31.5,6-4 6-3,3,R32,92.0,8.0,2.0,58.0,26.0,22.0,18.0,10.0,1.0,2.0,3.0,3.0,59.0,33.0,23.0,11.0,9.0,4.0,7.0,61.0,958.0,159.0,352.0,sackmann_archive_2025
2025-7480,Los Cabos,Hard,28,A,2025-07-14,363,209262,,,Tristan Schoolkate,R,183.0,AUS,24.3,200059,,Q,Yibing Wu,R,183.0,CHN,25.7,4-6 6-4 6-1,3,R32,121.0,9.0,4.0,81.0,47.0,39.0,20.0,14.0,5.0,6.0,4.0,2.0,85.0,49.0,29.0,23.0,13.0,3.0,6.0,110.0,574.0,259.0,215.0,sackmann_archive_2025
2025-7480,Los Cabos,Hard,28,A,2025-07-14,362,207181,,Q,Govind Nanda,R,178.0,USA,24.4,212256,,,Colton Smith,U,,USA,22.3,6-4 6-2,3,R32,87.0,1.0,1.0,56.0,43.0,31.0,8.0,9.0,5.0,6.0,3.0,5.0,67.0,36.0,22.0,13.0,9.0,5.0,9.0,405.0,115.0,135.0,448.0,sackmann_archive_2025
2025-7480,Los Cabos,Hard,28,A,2025-07-14,361,200443,8.0,,Adam Walton,R,183.0,AUS,26.2,210202,,WC,Rodrigo Pacheco Mendez,L,188.0,MEX,20.2,7-6(5) 6-2,3,R32,110.0,4.0,1.0,67.0,35.0,27.0,17.0,10.0,0.0,1.0,0.0,3.0,67.0,44.0,29.0,8.0,10.0,0.0,3.0,97.0,638.0,219.0,252.0,sackmann_archive_2025
2025-7480,Los Cabos,Hard,28,A,2025-07-14,360,210460,,,Nishesh Basavareddy,R,180.0,USA,20.1,200711,,Q,Nicolas Mejia,R,183.0,COL,25.4,6-4 6-1,3,R32,82.0,5.0,1.0,44.0,23.0,18.0,15.0,8.0,1.0,1.0,3.0,1.0,54.0,31.0,18.0,11.0,9.0,2.0,6.0,111.0,561.0,244.0,226.0,sackmann_archive_2025
2025-7480,Los Cabos,Hard,28,A,2025-07-14,359,105902,,,James Duckworth,R,183.0,AUS,33.4,105173,,,Adrian Mannarino,L,180.0,FRA,37.0,6-3 6-4,3,R32,90.0,9.0,2.0,67.0,39.0,26.0,19.0,10.0,1.0,2.0,2.0,3.0,60.0,29.0,22.0,12.0,9.0,2.0,5.0,113.0,550.0,93.0,661.0,sackmann_archive_2025
2025-0439,Umag,Clay,28,A,2025-07-20,386,209260,2.0,,Luciano Darderi,R,183.0,ITA,23.4,126535,,,Carlos Taberner,R,183.0,ESP,27.9,6-3 6-3,3,F,86.0,7.0,1.0,43.0,23.0,20.0,16.0,9.0,0.0,0.0,0.0,2.0,53.0,31.0,21.0,11.0,9.0,2.0,5.0,46.0,1189.0,111.0,581.0,sackmann_archive_2025
2025-0439,Umag,Clay,28,A,2025-07-20,385,126535,,,Carlos Taberner,R,183.0,ESP,27.9,106000,4.0,,Damir Dzumhur,R,175.0,BIH,33.1,6-2 6-1,3,SF,96.0,2.0,2.0,48.0,28.0,20.0,12.0,8.0,3.0,4.0,1.0,4.0,76.0,51.0,23.0,11.0,7.0,11.0,16.0,111.0,581.0,61.0,936.0,sackmann_archive_2025
2025-0439,Umag,Clay,28,A,2025-07-20,384,209260,2.0,,Luciano Darderi,R,183.0,ITA,23.4,200116,3.0,,Camilo Ugo Carabelli,R,185.0,ARG,26.0,7-6(6) 6-3,3,SF,104.0,4.0,0.0,69.0,38.0,31.0,21.0,11.0,2.0,2.0,5.0,0.0,70.0,45.0,31.0,15.0,10.0,3.0,4.0,46.0,1189.0,51.0,1058.0,sackmann_archive_2025
2025-0439,Umag,Clay,28,A,2025-07-20,383,126535,,,Carlos Taberner,R,183.0,ESP,27.9,207411,,,Jesper De Jong,R,180.0,NED,25.1,7-5 6-3,3,QF,94.0,0.0,0.0,47.0,31.0,30.0,10.0,10.0,0.0,0.0,9.0,0.0,72.0,48.0,32.0,11.0,11.0,4.0,7.0,111.0,581.0,83.0,730.0,sackmann_archive_2025
2025-0439,Umag,Clay,28,A,2025-07-20,382,106000,4.0,,Damir Dzumhur,R,175.0,BIH,33.1,208169,,Q,Titouan Droguet,R,191.0,FRA,24.0,3-6 7-5 6-2,3,QF,139.0,0.0,2.0,81.0,58.0,41.0,14.0,14.0,3.0,6.0,4.0,0.0,115.0,75.0,44.0,20.0,15.0,8.0,13.0,61.0,936.0,176.0,317.0,sackmann_archive_2025
2025-0439,Umag,Clay,28,A,2025-07-20,381,200116,3.0,,Camilo Ugo Carabelli,R,185.0,ARG,26.0,208010,,Q,Pablo Llamas Ruiz,R,188.0,ESP,22.7,6-4 5-2 RET,3,QF,85.0,3.0,2.0,43.0,24.0,18.0,12.0,8.0,0.0,1.0,2.0,2.0,64.0,46.0,26.0,7.0,9.0,3.0,7.0,51.0,1058.0,537.0,70.0,sackmann_archive_2025
2025-0439,Umag,Clay,28,A,2025-07-20,380,209260,2.0,,Luciano Darderi,R,183.0,ITA,23.4,209976,,WC,Dino Prizmic,R,188.0,CRO,19.9,1-6 6-2 6-3,3,QF,132.0,6.0,2.0,74.0,42.0,29.0,13.0,12.0,2.0,6.0,3.0,5.0,73.0,44.0,29.0,13.0,12.0,3.0,8.0,46.0,1189.0,143.0,420.0,sackmann_archive_2025
2025-0439,Umag,Clay,28,A,2025-07-20,379,126535,,,Carlos Taberner,R,183.0,ESP,27.9,202103,1.0,,Francisco Cerundolo,R,185.0,ARG,26.9,6-7(2) 6-4 7-5,3,R16,200.0,3.0,7.0,124.0,77.0,45.0,19.0,17.0,10.0,17.0,4.0,3.0,112.0,57.0,32.0,23.0,17.0,6.0,15.0,111.0,581.0,19.0,2285.0,sackmann_archive_2025
2025-0439,Umag,Clay,28,A,2025-07-20,378,207411,,,Jesper De Jong,R,180.0,NED,25.1,208363,5.0,,Mariano Navone,R,178.0,ARG,24.3,6-3 6-4,3,R16,96.0,2.0,3.0,62.0,42.0,33.0,11.0,10.0,4.0,5.0,1.0,1.0,61.0,42.0,25.0,10.0,9.0,8.0,11.0,83.0,730.0,76.0,785.0,sackmann_archive_2025
2025-0439,Umag,Clay,28,A,2025-07-20,377,106000,4.0,,Damir Dzumhur,R,175.0,BIH,33.1,104527,,,Stan Wawrinka,R,183.0,SUI,40.3,6-4 7-5,3,R16,119.0,1.0,5.0,86.0,53.0,33.0,13.0,11.0,8.0,12.0,5.0,0.0,68.0,35.0,20.0,15.0,11.0,1.0,7.0,61.0,936.0,156.0,357.0,sackmann_archive_2025
2025-0439,Umag,Clay,28,A,2025-07-20,376,208169,,Q,Titouan Droguet,R,191.0,FRA,24.0,200240,8.0,,Vit Kopriva,R,178.0,CZE,28.0,6-2 6-3,3,R16,79.0,6.0,0.0,48.0,25.0,17.0,12.0,9.0,0.0,3.0,2.0,3.0,56.0,36.0,16.0,7.0,8.0,3.0,9.0,176.0,317.0,79.0,744.0,sackmann_archive_2025
2025-0439,Umag,Clay,28,A,2025-07-20,375,208010,,Q,Pablo Llamas Ruiz,R,188.0,ESP,22.7,209279,,,Terence Atmane,L,193.0,FRA,23.5,6-3 6-3,3,R16,77.0,1.0,0.0,49.0,31.0,21.0,12.0,9.0,2.0,4.0,4.0,6.0,58.0,30.0,19.0,7.0,9.0,3.0,8.0,537.0,70.0,136.0,439.0,sackmann_archive_2025
2025-0439,Umag,Clay,28,A,2025-07-20,374,200116,3.0,,Camilo Ugo Carabelli,R,185.0,ARG,26.0,208859,,,Francesco Passaro,R,180.0,ITA,24.5,6-7(5) 6-2 6-3,3,R16,152.0,2.0,2.0,101.0,67.0,46.0,19.0,15.0,4.0,6.0,8.0,3.0,91.0,60.0,39.0,13.0,14.0,7.0,12.0,51.0,1058.0,121.0,499.0,sackmann_archive_2025
2025-0439,Umag,Clay,28,A,2025-07-20,373,209976,,WC,Dino Prizmic,R,188.0,CRO,19.9,105932,,,Nikoloz Basilashvili,R,185.0,GEO,33.4,2-6 6-3 6-2,3,R16,113.0,5.0,3.0,77.0,44.0,36.0,16.0,13.0,5.0,7.0,6.0,4.0,73.0,37.0,29.0,16.0,12.0,1.0,4.0,143.0,420.0,114.0,552.0,sackmann_archive_2025
2025-0439,Umag,Clay,28,A,2025-07-20,372,209260,2.0,,Luciano Darderi,R,183.0,ITA,23.4,202358,,,Chun Hsin Tseng,R,175.0,TPE,23.9,7-5 6-0,3,R16,89.0,5.0,1.0,59.0,36.0,26.0,15.0,9.0,2.0,2.0,4.0,3.0,63.0,31.0,19.0,14.0,9.0,7.0,11.0,46.0,1189.0,101.0,631.0,sackmann_archive_2025
2025-0439,Umag,Clay,28,A,2025-07-20,371,126535,,,Carlos Taberner,R,183.0,ESP,27.9,105732,,,Pierre Hugues Herbert,R,188.0,FRA,34.3,6-4 7-6(1),3,R32,115.0,1.0,1.0,57.0,44.0,37.0,8.0,11.0,0.0,1.0,6.0,4.0,85.0,57.0,38.0,12.0,11.0,5.0,7.0,111.0,581.0,140.0,431.0,sackmann_archive_2025
2025-0439,Umag,Clay,28,A,2025-07-20,370,207411,,,Jesper De Jong,R,180.0,NED,25.1,209890,,WC,Mili Poljicak,R,185.0,CRO,21.0,6-3 6-3,3,R32,83.0,4.0,1.0,49.0,26.0,22.0,15.0,9.0,0.0,0.0,1.0,1.0,52.0,24.0,17.0,15.0,9.0,4.0,7.0,83.0,730.0,277.0,193.0,sackmann_archive_2025
2025-0439,Umag,Clay,28,A,2025-07-20,369,208363,5.0,,Mariano Navone,R,178.0,ARG,24.3,144642,,,Tomas Barrios Vera,R,191.0,CHI,27.6,6-1 6-2,3,R32,70.0,0.0,0.0,39.0,25.0,19.0,10.0,8.0,0.0,1.0,0.0,0.0,46.0,27.0,13.0,7.0,7.0,5.0,10.0,76.0,785.0,142.0,425.0,sackmann_archive_2025
2025-0439,Umag,Clay,28,A,2025-07-20,368,104527,,,Stan Wawrinka,R,183.0,SUI,40.3,208223,,Q,Alvaro Guillen Meza,R,175.0,ECU,22.5,6-4 6-1,3,R32,73.0,0.0,0.0,50.0,29.0,20.0,12.0,9.0,4.0,6.0,0.0,4.0,43.0,33.0,19.0,1.0,8.0,1.0,6.0,156.0,357.0,244.0,228.0,sackmann_archive_2025
2025-0439,Umag,Clay,28,A,2025-07-20,367,208169,,Q,Titouan Droguet,R,191.0,FRA,24.0,106426,,,Cristian Garin,R,185.0,CHI,29.1,6-3 6-3,3,R32,72.0,4.0,1.0,56.0,36.0,29.0,12.0,9.0,3.0,3.0,5.0,1.0,46.0,33.0,23.0,6.0,9.0,4.0,7.0,176.0,317.0,118.0,535.0,sackmann_archive_2025
2025-0439,Umag,Clay,28,A,2025-07-20,366,200240,8.0,,Vit Kopriva,R,178.0,CZE,28.0,209920,,,Raphael Collignon,R,191.0,BEL,23.5,3-6 6-4 6-3,3,R32,154.0,7.0,3.0,104.0,67.0,43.0,16.0,14.0,11.0,16.0,6.0,7.0,82.0,47.0,31.0,14.0,14.0,6.0,12.0,79.0,744.0,88.0,690.0,sackmann_archive_2025
2025-0439,Umag,Clay,28,A,2025-07-20,365,208010,,Q,Pablo Llamas Ruiz,R,188.0,ESP,22.7,111794,7.0,,Kamil Majchrzak,R,180.0,POL,29.5,6-2 6-4,3,R32,82.0,0.0,1.0,54.0,36.0,23.0,12.0,9.0,4.0,6.0,0.0,3.0,48.0,26.0,15.0,8.0,9.0,1.0,6.0,537.0,70.0,78.0,752.0,sackmann_archive_2025
2025-0439,Umag,Clay,28,A,2025-07-20,364,209279,,,Terence Atmane,L,193.0,FRA,23.5,105583,,,Dusan Lajovic,R,183.0,SRB,35.0,6-3 6-4,3,R32,86.0,5.0,1.0,66.0,37.0,33.0,12.0,10.0,4.0,5.0,2.0,2.0,51.0,33.0,21.0,9.0,9.0,4.0,7.0,136.0,439.0,129.0,464.0,sackmann_archive_2025
2025-0439,Umag,Clay,28,A,2025-07-20,363,208859,,,Francesco Passaro,R,180.0,ITA,24.5,212063,,WC,Matej Dodig,R,188.0,CRO,20.0,4-6 6-1 6-2,3,R32,117.0,2.0,1.0,81.0,54.0,37.0,19.0,13.0,2.0,3.0,2.0,3.0,63.0,40.0,28.0,10.0,12.0,3.0,7.0,121.0,499.0,242.0,231.0,sackmann_archive_2025
2025-0439,Umag,Clay,28,A,2025-07-20,362,105932,,,Nikoloz Basilashvili,R,185.0,GEO,33.4,106148,6.0,,Roberto Carballes Baena,R,183.0,ESP,32.3,6-3 6-4,3,R32,91.0,4.0,4.0,57.0,33.0,27.0,4.0,9.0,4.0,7.0,4.0,1.0,71.0,39.0,23.0,12.0,10.0,11.0,17.0,114.0,552.0,85.0,715.0,sackmann_archive_2025
2025-0439,Umag,Clay,28,A,2025-07-20,361,209976,,WC,Dino Prizmic,R,188.0,CRO,19.9,209284,,,Elmer Moller,R,183.0,DEN,22.0,6-4 6-2,3,R32,110.0,2.0,3.0,64.0,32.0,22.0,13.0,9.0,4.0,7.0,0.0,3.0,69.0,44.0,22.0,9.0,9.0,9.0,15.0,143.0,420.0,107.0,601.0,sackmann_archive_2025
2025-0439,Umag,Clay,28,A,2025-07-20,360,202358,,,Chun Hsin Tseng,R,175.0,TPE,23.9,206748,,Q,Giulio Zeppieri,L,183.0,ITA,23.6,7-5 6-4,3,R32,99.0,3.0,2.0,69.0,40.0,27.0,19.0,11.0,6.0,8.0,2.0,5.0,69.0,44.0,28.0,10.0,11.0,4.0,8.0,101.0,631.0,290.0,180.0,sackmann_archive_2025
2025-0319,Kitzbuhel,Clay,28,A,2025-07-21,386,122330,1.0,,Alexander Bublik,R,196.0,KAZ,28.0,209070,,,Arthur Cazaux,R,183.0,FRA,22.9,6-4 6-3,3,F,84.0,5.0,7.0,61.0,32.0,27.0,15.0,10.0,4.0,5.0,7.0,0.0,61.0,32.0,22.0,14.0,9.0,4.0,7.0,30.0,1825.0,100.0,635.0,sackmann_archive_2025
2025-0319,Kitzbuhel,Clay,28,A,2025-07-21,385,122330,1.0,,Alexander Bublik,R,196.0,KAZ,28.0,122298,,,Botic Van De Zandschulp,R,191.0,NED,29.7,6-3 6-4,3,SF,82.0,9.0,6.0,57.0,37.0,30.0,11.0,10.0,1.0,2.0,2.0,3.0,63.0,42.0,27.0,9.0,9.0,6.0,9.0,30.0,1825.0,103.0,622.0,sackmann_archive_2025
2025-0319,Kitzbuhel,Clay,28,A,2025-07-21,384,209070,,SE,Arthur Cazaux,R,183.0,FRA,22.9,126239,6.0,,Arthur Rinderknech,R,196.0,FRA,29.9,7-5 6-3,3,SF,115.0,8.0,0.0,61.0,37.0,31.0,14.0,11.0,0.0,0.0,4.0,1.0,58.0,38.0,26.0,11.0,10.0,2.0,4.0,100.0,635.0,65.0,914.0,sackmann_archive_2025
2025-0319,Kitzbuhel,Clay,28,A,2025-07-21,383,122330,1.0,,Alexander Bublik,R,196.0,KAZ,28.0,207686,,,Alexander Shevchenko,R,185.0,KAZ,24.6,6-4 6-2,3,QF,75.0,5.0,6.0,56.0,26.0,25.0,16.0,9.0,5.0,5.0,2.0,2.0,64.0,40.0,25.0,8.0,9.0,4.0,7.0,30.0,1825.0,110.0,585.0,sackmann_archive_2025
2025-0319,Kitzbuhel,Clay,28,A,2025-07-21,382,122298,,,Botic Van De Zandschulp,R,191.0,NED,29.7,205734,,,Thiago Seyboth Wild,R,185.0,BRA,25.3,7-6(2) 6-2,3,QF,110.0,4.0,3.0,63.0,49.0,39.0,3.0,10.0,6.0,8.0,2.0,1.0,81.0,57.0,34.0,9.0,10.0,4.0,8.0,103.0,622.0,132.0,455.0,sackmann_archive_2025
2025-0319,Kitzbuhel,Clay,28,A,2025-07-21,381,209070,,SE,Arthur Cazaux,R,183.0,FRA,22.9,105526,,Q,Jan Lennard Struff,R,193.0,GER,35.2,6-3 6-4,3,QF,82.0,7.0,4.0,63.0,38.0,30.0,15.0,10.0,3.0,3.0,4.0,0.0,56.0,34.0,23.0,14.0,9.0,2.0,4.0,100.0,635.0,152.0,375.0,sackmann_archive_2025
2025-0319,Kitzbuhel,Clay,28,A,2025-07-21,380,126239,6.0,,Arthur Rinderknech,R,196.0,FRA,29.9,105870,,Q,Yannick Hanfmann,R,193.0,GER,33.6,6-4 3-6 6-1,3,QF,131.0,13.0,4.0,80.0,53.0,41.0,13.0,13.0,3.0,4.0,2.0,3.0,91.0,60.0,43.0,12.0,13.0,6.0,9.0,65.0,914.0,141.0,429.0,sackmann_archive_2025
2025-0319,Kitzbuhel,Clay,28,A,2025-07-21,379,122330,1.0,,Alexander Bublik,R,196.0,KAZ,28.0,202058,,,Thiago Agustin Tirante,R,185.0,ARG,24.2,6-3 6-4,3,R16,73.0,17.0,2.0,65.0,46.0,35.0,12.0,10.0,3.0,3.0,3.0,1.0,53.0,34.0,27.0,7.0,9.0,0.0,2.0,30.0,1825.0,130.0,461.0,sackmann_archive_2025
2025-0319,Kitzbuhel,Clay,28,A,2025-07-21,378,207686,,,Alexander Shevchenko,R,185.0,KAZ,24.6,105916,8.0,,Marton Fucsovics,R,188.0,HUN,33.4,7-5 6-4,3,R16,86.0,5.0,4.0,60.0,33.0,26.0,15.0,11.0,1.0,3.0,2.0,4.0,62.0,32.0,22.0,13.0,11.0,3.0,7.0,110.0,585.0,91.0,670.0,sackmann_archive_2025
2025-0319,Kitzbuhel,Clay,28,A,2025-07-21,377,205734,,,Thiago Seyboth Wild,R,185.0,BRA,25.3,105138,4.0,,Roberto Bautista Agut,R,183.0,ESP,37.2,7-5 7-5,3,R16,118.0,2.0,0.0,64.0,45.0,36.0,6.0,12.0,0.0,2.0,2.0,3.0,90.0,56.0,34.0,16.0,12.0,10.0,14.0,132.0,455.0,53.0,1046.0,sackmann_archive_2025
2025-0319,Kitzbuhel,Clay,28,A,2025-07-21,376,122298,,,Botic Van De Zandschulp,R,191.0,NED,29.7,209209,,,Filip Misolic,R,180.0,AUT,23.9,6-3 7-6(4),3,R16,101.0,8.0,3.0,72.0,47.0,37.0,14.0,11.0,2.0,3.0,3.0,2.0,70.0,44.0,32.0,12.0,10.0,5.0,7.0,103.0,622.0,97.0,649.0,sackmann_archive_2025
2025-0319,Kitzbuhel,Clay,28,A,2025-07-21,375,209070,,SE,Arthur Cazaux,R,183.0,FRA,22.9,207681,7.0,,Francisco Comesana,R,178.0,ARG,24.7,6-4 7-6(7),3,R16,106.0,11.0,3.0,69.0,40.0,31.0,20.0,11.0,1.0,1.0,8.0,9.0,73.0,42.0,32.0,17.0,11.0,3.0,4.0,100.0,635.0,73.0,861.0,sackmann_archive_2025
2025-0319,Kitzbuhel,Clay,28,A,2025-07-21,374,105526,,Q,Jan Lennard Struff,R,193.0,GER,35.2,124079,3.0,,Pedro Martinez,R,185.0,ESP,28.2,6-2 6-2,3,R16,71.0,9.0,1.0,43.0,22.0,18.0,12.0,8.0,0.0,1.0,0.0,6.0,66.0,47.0,26.0,6.0,8.0,10.0,15.0,152.0,375.0,62.0,930.0,sackmann_archive_2025
2025-0319,Kitzbuhel,Clay,28,A,2025-07-21,373,126239,6.0,,Arthur Rinderknech,R,196.0,FRA,29.9,105613,,Q,Norbert Gombos,R,193.0,SVK,34.9,6-7(3) 6-4 6-4,3,R16,151.0,21.0,5.0,99.0,64.0,55.0,16.0,16.0,3.0,3.0,11.0,2.0,102.0,61.0,43.0,27.0,16.0,4.0,6.0,65.0,914.0,307.0,166.0,sackmann_archive_2025
2025-0319,Kitzbuhel,Clay,28,A,2025-07-21,372,105870,,Q,Yannick Hanfmann,R,193.0,GER,33.6,202104,2.0,,Sebastian Baez,R,170.0,ARG,24.5,5-7 6-3 7-5,3,R16,162.0,4.0,1.0,105.0,74.0,51.0,17.0,16.0,4.0,7.0,2.0,5.0,117.0,77.0,52.0,18.0,17.0,8.0,13.0,141.0,429.0,43.0,1220.0,sackmann_archive_2025
2025-0319,Kitzbuhel,Clay,28,A,2025-07-21,371,202058,,,Thiago Agustin Tirante,R,185.0,ARG,24.2,210262,,,Jaime Faria,R,188.0,POR,21.9,6-2 6-2,3,R32,62.0,9.0,4.0,43.0,25.0,22.0,8.0,8.0,1.0,2.0,7.0,5.0,57.0,25.0,20.0,7.0,8.0,1.0,6.0,130.0,461.0,119.0,530.0,sackmann_archive_2025
2025-0319,Kitzbuhel,Clay,28,A,2025-07-21,370,207686,,,Alexander Shevchenko,R,185.0,KAZ,24.6,123755,,,Daniel Elahi Galan,R,191.0,COL,29.0,2-6 6-3 6-4,3,R32,135.0,8.0,7.0,106.0,60.0,42.0,19.0,14.0,3.0,7.0,4.0,6.0,93.0,46.0,39.0,15.0,13.0,5.0,9.0,110.0,585.0,125.0,487.0,sackmann_archive_2025
2025-0319,Kitzbuhel,Clay,28,A,2025-07-21,369,105916,8.0,,Marton Fucsovics,R,188.0,HUN,33.4,212082,,WC,Joel Schwaerzler,L,188.0,AUT,19.4,6-2 2-6 6-3,3,R32,107.0,5.0,2.0,70.0,41.0,32.0,16.0,12.0,5.0,7.0,6.0,3.0,81.0,55.0,39.0,9.0,13.0,7.0,11.0,91.0,670.0,354.0,140.0,sackmann_archive_2025
2025-0319,Kitzbuhel,Clay,28,A,2025-07-21,368,205734,,,Thiago Seyboth Wild,R,185.0,BRA,25.3,211514,,NG,Justin Engel,U,,GER,17.8,7-5 6-3,3,R32,96.0,1.0,0.0,61.0,43.0,34.0,11.0,11.0,0.0,1.0,6.0,4.0,70.0,39.0,26.0,15.0,10.0,4.0,7.0,132.0,455.0,208.0,262.0,sackmann_archive_2025
2025-0319,Kitzbuhel,Clay,28,A,2025-07-21,367,122298,,,Botic Van De Zandschulp,R,191.0,NED,29.7,111797,,WC,Nicolas Jarry,R,201.0,CHI,29.7,6-4 4-6 6-3,3,R32,145.0,4.0,10.0,83.0,47.0,34.0,22.0,15.0,4.0,6.0,7.0,3.0,86.0,49.0,36.0,19.0,14.0,1.0,4.0,103.0,622.0,98.0,638.0,sackmann_archive_2025
2025-0319,Kitzbuhel,Clay,28,A,2025-07-21,366,209209,,,Filip Misolic,R,180.0,AUT,23.9,144869,5.0,,Tomas Martin Etcheverry,R,196.0,ARG,26.0,7-5 5-7 6-3,3,R32,162.0,3.0,4.0,103.0,63.0,44.0,21.0,17.0,6.0,9.0,6.0,1.0,98.0,60.0,41.0,19.0,16.0,3.0,7.0,97.0,649.0,58.0,960.0,sackmann_archive_2025
2025-0319,Kitzbuhel,Clay,28,A,2025-07-21,365,207681,7.0,,Francisco Comesana,R,178.0,ARG,24.7,207729,,,Tristan Boyer,R,188.0,USA,24.2,6-3 7-6(1),3,R32,98.0,4.0,1.0,67.0,45.0,36.0,12.0,11.0,1.0,2.0,2.0,3.0,61.0,35.0,26.0,12.0,10.0,1.0,3.0,73.0,861.0,126.0,480.0,sackmann_archive_2025
2025-0319,Kitzbuhel,Clay,28,A,2025-07-21,364,209070,,SE,Arthur Cazaux,R,183.0,FRA,22.9,209860,,SE,Ignacio Buse,R,185.0,PER,21.3,6-3 3-6 7-5,3,R32,135.0,10.0,2.0,92.0,47.0,36.0,27.0,15.0,6.0,7.0,2.0,2.0,82.0,46.0,36.0,22.0,15.0,0.0,2.0,100.0,635.0,133.0,453.0,sackmann_archive_2025
2025-0319,Kitzbuhel,Clay,28,A,2025-07-21,363,105526,,Q,Jan Lennard Struff,R,193.0,GER,35.2,124116,,,Sebastian Ofner,R,191.0,AUT,29.1,6-4 6-2,3,R32,64.0,3.0,1.0,51.0,36.0,29.0,7.0,9.0,2.0,3.0,6.0,6.0,59.0,33.0,22.0,8.0,9.0,1.0,5.0,152.0,375.0,138.0,433.0,sackmann_archive_2025
2025-0319,Kitzbuhel,Clay,28,A,2025-07-21,362,126239,6.0,,Arthur Rinderknech,R,196.0,FRA,29.9,105487,,Q,Facundo Bagnis,L,183.0,ARG,35.3,7-6(4) 4-6 6-3,3,R32,166.0,12.0,5.0,115.0,64.0,47.0,26.0,16.0,4.0,8.0,2.0,1.0,110.0,66.0,43.0,24.0,15.0,14.0,18.0,65.0,914.0,772.0,31.0,sackmann_archive_2025
2025-0319,Kitzbuhel,Clay,28,A,2025-07-21,361,105613,,Q,Norbert Gombos,R,193.0,SVK,34.9,200384,,,Hugo Gaston,L,173.0,FRA,24.8,6-3 6-4,3,R32,86.0,4.0,0.0,64.0,41.0,28.0,16.0,10.0,4.0,5.0,0.0,4.0,59.0,30.0,19.0,15.0,9.0,5.0,8.0,307.0,166.0,99.0,638.0,sackmann_archive_2025
2025-0319,Kitzbuhel,Clay,28,A,2025-07-21,360,105870,,Q,Yannick Hanfmann,R,193.0,GER,33.6,209903,,WC,Lukas Neumayer,R,183.0,AUT,22.8,7-5 6-2,3,R32,101.0,8.0,2.0,64.0,36.0,28.0,15.0,10.0,6.0,7.0,6.0,1.0,75.0,42.0,25.0,15.0,10.0,4.0,8.0,141.0,429.0,162.0,345.0,sackmann_archive_2025
2025-0418,Washington,Hard,48,A,2025-07-21,385,200282,7.0,,Alex De Minaur,R,183.0,AUS,26.4,200221,12.0,,Alejandro Davidovich Fokina,R,183.0,ESP,26.1,5-7 6-1 7-6(3),3,F,183.0,9.0,6.0,113.0,66.0,45.0,26.0,16.0,5.0,8.0,2.0,2.0,108.0,68.0,40.0,23.0,15.0,5.0,9.0,13.0,2885.0,26.0,1945.0,sackmann_archive_2025
2025-0418,Washington,Hard,48,A,2025-07-21,384,200221,12.0,,Alejandro Davidovich Fokina,R,183.0,ESP,26.1,210097,4.0,,Ben Shelton,L,193.0,USA,22.7,6-2 7-5,3,SF,79.0,1.0,1.0,52.0,37.0,29.0,9.0,10.0,0.0,1.0,7.0,5.0,55.0,30.0,20.0,12.0,10.0,2.0,6.0,26.0,1945.0,8.0,3330.0,sackmann_archive_2025
2025-0418,Washington,Hard,48,A,2025-07-21,383,200282,7.0,,Alex De Minaur,R,183.0,AUS,26.4,144895,,LL,Corentin Moutet,L,180.0,FRA,26.2,6-4 6-3,3,SF,104.0,0.0,2.0,58.0,34.0,24.0,12.0,9.0,3.0,5.0,0.0,3.0,66.0,36.0,17.0,14.0,10.0,2.0,7.0,13.0,2885.0,59.0,944.0,sackmann_archive_2025
2025-0418,Washington,Hard,48,A,2025-07-21,382,200221,12.0,,Alejandro Davidovich Fokina,R,183.0,ESP,26.1,126203,1.0,,Taylor Fritz,R,196.0,USA,27.7,7-6(3) 3-6 7-5,3,QF,184.0,8.0,8.0,131.0,88.0,57.0,20.0,17.0,11.0,17.0,20.0,6.0,120.0,71.0,53.0,17.0,16.0,10.0,15.0,26.0,1945.0,4.0,5035.0,sackmann_archive_2025
2025-0418,Washington,Hard,48,A,2025-07-21,381,210097,4.0,,Ben Shelton,L,193.0,USA,22.7,126207,6.0,,Frances Tiafoe,R,188.0,USA,27.4,7-6(2) 6-4,3,QF,117.0,9.0,1.0,57.0,31.0,28.0,17.0,11.0,0.0,1.0,8.0,3.0,89.0,48.0,36.0,19.0,11.0,8.0,10.0,8.0,3330.0,11.0,2940.0,sackmann_archive_2025
2025-0418,Washington,Hard,48,A,2025-07-21,380,144895,,LL,Corentin Moutet,L,180.0,FRA,26.2,106421,8.0,,Daniil Medvedev,R,198.0,RUS,29.4,1-6 6-4 6-4,3,QF,145.0,4.0,3.0,83.0,54.0,33.0,18.0,13.0,6.0,9.0,7.0,10.0,81.0,41.0,31.0,22.0,14.0,4.0,7.0,59.0,944.0,14.0,2630.0,sackmann_archive_2025
2025-0418,Washington,Hard,48,A,2025-07-21,379,200282,7.0,,Alex De Minaur,R,183.0,AUS,26.4,206909,14.0,,Brandon Nakashima,R,188.0,USA,23.9,6-4 6-4,3,QF,95.0,6.0,2.0,66.0,39.0,26.0,16.0,10.0,3.0,5.0,4.0,3.0,56.0,28.0,19.0,9.0,10.0,2.0,6.0,13.0,2885.0,32.0,1650.0,sackmann_archive_2025
2025-0418,Washington,Hard,48,A,2025-07-21,378,126203,1.0,,Taylor Fritz,R,196.0,USA,27.7,208286,,,Matteo Arnaldi,R,185.0,ITA,24.4,6-3 6-4,3,R16,101.0,10.0,2.0,61.0,39.0,37.0,7.0,10.0,4.0,4.0,7.0,1.0,76.0,42.0,32.0,11.0,9.0,8.0,10.0,4.0,5035.0,44.0,1215.0,sackmann_archive_2025
2025-0418,Washington,Hard,48,A,2025-07-21,377,200221,12.0,,Alejandro Davidovich Fokina,R,183.0,ESP,26.1,210530,,,Learner Tien,L,180.0,USA,19.6,6-2 6-2,3,R16,70.0,2.0,1.0,48.0,27.0,20.0,14.0,8.0,1.0,1.0,5.0,4.0,55.0,25.0,14.0,13.0,8.0,1.0,5.0,26.0,1945.0,67.0,912.0,sackmann_archive_2025
2025-0418,Washington,Hard,48,A,2025-07-21,376,210097,4.0,,Ben Shelton,L,193.0,USA,22.7,209113,15.0,,Gabriel Diallo,R,203.0,CAN,23.8,6-3 6-2,3,R16,61.0,16.0,2.0,42.0,30.0,28.0,8.0,9.0,0.0,0.0,5.0,4.0,44.0,28.0,20.0,6.0,8.0,1.0,4.0,8.0,3330.0,35.0,1358.0,sackmann_archive_2025
2025-0418,Washington,Hard,48,A,2025-07-21,375,126207,6.0,,Frances Tiafoe,R,188.0,USA,27.4,207925,9.0,,Flavio Cobolli,R,183.0,ITA,23.2,6-1 6-4,3,R16,72.0,8.0,4.0,63.0,34.0,25.0,15.0,9.0,4.0,5.0,4.0,6.0,52.0,23.0,15.0,12.0,8.0,4.0,8.0,11.0,2940.0,18.0,2360.0,sackmann_archive_2025
2025-0418,Washington,Hard,48,A,2025-07-21,374,106421,8.0,,Daniil Medvedev,R,198.0,RUS,29.4,200059,,Q,Yibing Wu,R,183.0,CHN,25.7,6-3 6-2,3,R16,69.0,11.0,3.0,38.0,29.0,27.0,5.0,8.0,0.0,0.0,2.0,3.0,65.0,45.0,28.0,5.0,9.0,9.0,13.0,14.0,2630.0,243.0,228.0,sackmann_archive_2025
2025-0418,Washington,Hard,48,A,2025-07-21,373,144895,,LL,Corentin Moutet,L,180.0,FRA,26.2,105554,,WC,Daniel Evans,R,175.0,GBR,35.1,6-2 7-6(4),3,R16,100.0,3.0,5.0,56.0,29.0,23.0,15.0,10.0,0.0,2.0,2.0,3.0,62.0,37.0,20.0,13.0,10.0,3.0,7.0,59.0,944.0,144.0,415.0,sackmann_archive_2025
2025-0418,Washington,Hard,48,A,2025-07-21,372,200282,7.0,,Alex De Minaur,R,183.0,AUS,26.4,208103,11.0,,Jiri Lehecka,R,185.0,CZE,23.6,7-6(4) 6-7(6) 6-4,3,R16,165.0,8.0,4.0,98.0,48.0,41.0,30.0,17.0,3.0,5.0,9.0,5.0,121.0,67.0,48.0,26.0,17.0,6.0,9.0,13.0,2885.0,25.0,2015.0,sackmann_archive_2025
2025-0418,Washington,Hard,48,A,2025-07-21,371,206909,14.0,,Brandon Nakashima,R,188.0,USA,23.9,111815,,,Cameron Norrie,L,188.0,GBR,29.9,7-6(3) 6-3,3,R16,107.0,12.0,0.0,60.0,37.0,29.0,16.0,10.0,2.0,2.0,3.0,4.0,75.0,50.0,35.0,10.0,11.0,3.0,5.0,32.0,1650.0,41.0,1227.0,sackmann_archive_2025
2025-0418,Washington,Hard,48,A,2025-07-21,370,126203,1.0,,Taylor Fritz,R,196.0,USA,27.7,126846,,,Aleksandar Vukic,R,188.0,AUS,29.2,6-3 6-2,3,R32,59.0,11.0,2.0,48.0,33.0,29.0,9.0,9.0,1.0,1.0,9.0,1.0,52.0,32.0,21.0,8.0,8.0,1.0,4.0,4.0,5035.0,105.0,614.0,sackmann_archive_2025
2025-0418,Washington,Hard,48,A,2025-07-21,369,208286,,,Matteo Arnaldi,R,185.0,ITA,24.4,132283,16.0,,Lorenzo Sonego,R,191.0,ITA,30.1,7-5 7-5,3,R32,126.0,4.0,6.0,70.0,38.0,30.0,17.0,12.0,2.0,4.0,4.0,3.0,77.0,51.0,31.0,14.0,12.0,4.0,8.0,44.0,1215.0,37.0,1321.0,sackmann_archive_2025
2025-0418,Washington,Hard,48,A,2025-07-21,368,200221,12.0,,Alejandro Davidovich Fokina,R,183.0,ESP,26.1,144719,,,Jaume Munar,R,183.0,ESP,28.2,6-4 6-2,3,R32,87.0,3.0,1.0,57.0,35.0,23.0,14.0,9.0,5.0,6.0,1.0,2.0,54.0,32.0,18.0,11.0,9.0,1.0,5.0,26.0,1945.0,50.0,1062.0,sackmann_archive_2025
2025-0418,Washington,Hard,48,A,2025-07-21,367,210530,,,Learner Tien,L,180.0,USA,19.6,126094,5.0,,Andrey Rublev,R,188.0,RUS,27.7,7-5 6-2,3,R32,91.0,6.0,5.0,77.0,44.0,28.0,20.0,10.0,7.0,8.0,6.0,8.0,62.0,33.0,26.0,9.0,10.0,2.0,6.0,67.0,912.0,10.0,3160.0,sackmann_archive_2025
2025-0418,Washington,Hard,48,A,2025-07-21,366,210097,4.0,,Ben Shelton,L,193.0,USA,22.7,111456,,WC,Mackenzie Mcdonald,R,178.0,USA,30.2,6-3 6-4,3,R32,75.0,9.0,0.0,47.0,31.0,27.0,13.0,10.0,0.0,0.0,3.0,5.0,60.0,36.0,29.0,7.0,9.0,1.0,3.0,8.0,3330.0,95.0,655.0,sackmann_archive_2025
2025-0418,Washington,Hard,48,A,2025-07-21,365,209113,15.0,,Gabriel Diallo,R,203.0,CAN,23.8,206681,,,Fabian Marozsan,R,193.0,HUN,25.7,6-3 6-4,3,R32,73.0,10.0,0.0,53.0,34.0,27.0,14.0,10.0,1.0,1.0,1.0,6.0,69.0,35.0,26.0,15.0,9.0,5.0,7.0,35.0,1358.0,54.0,1030.0,sackmann_archive_2025
2025-0418,Washington,Hard,48,A,2025-07-21,364,207925,9.0,,Flavio Cobolli,R,183.0,ITA,23.2,106415,,,Yoshihito Nishioka,L,170.0,JPN,29.8,6-2 7-6(3),3,R32,89.0,10.0,5.0,71.0,39.0,32.0,13.0,10.0,3.0,5.0,2.0,3.0,64.0,31.0,17.0,17.0,10.0,1.0,5.0,18.0,2360.0,89.0,684.0,sackmann_archive_2025
2025-0418,Washington,Hard,48,A,2025-07-21,363,126207,6.0,,Frances Tiafoe,R,188.0,USA,27.4,206499,,,Aleksandar Kovacevic,R,183.0,USA,26.8,7-5 3-6 6-3,3,R32,115.0,12.0,3.0,80.0,46.0,40.0,21.0,15.0,2.0,3.0,12.0,3.0,84.0,58.0,42.0,16.0,15.0,3.0,5.0,11.0,2940.0,66.0,914.0,sackmann_archive_2025
2025-0418,Washington,Hard,48,A,2025-07-21,362,106421,8.0,,Daniil Medvedev,R,198.0,RUS,29.4,124187,,,Reilly Opelka,R,211.0,USA,27.8,3-6 7-5 6-1,3,R32,120.0,14.0,6.0,76.0,46.0,40.0,16.0,14.0,1.0,2.0,16.0,7.0,99.0,56.0,43.0,19.0,14.0,10.0,13.0,14.0,2630.0,74.0,827.0,sackmann_archive_2025
2025-0418,Washington,Hard,48,A,2025-07-21,361,200059,,Q,Yibing Wu,R,183.0,CHN,25.7,200615,10.0,,Alexei Popyrin,R,196.0,AUS,25.9,7-5 5-7 6-3,3,R32,157.0,8.0,7.0,113.0,65.0,44.0,29.0,17.0,8.0,10.0,13.0,3.0,90.0,54.0,39.0,17.0,16.0,2.0,5.0,243.0,228.0,24.0,2050.0,sackmann_archive_2025
2025-0418,Washington,Hard,48,A,2025-07-21,360,105554,,WC,Daniel Evans,R,175.0,GBR,35.1,210506,13.0,,Alex Michelsen,R,193.0,USA,20.9,6-4 6-4,3,R32,104.0,2.0,2.0,79.0,46.0,34.0,14.0,10.0,1.0,2.0,6.0,7.0,61.0,31.0,22.0,14.0,10.0,1.0,4.0,144.0,415.0,34.0,1555.0,sackmann_archive_2025
2025-0418,Washington,Hard,48,A,2025-07-21,359,144895,,LL,Corentin Moutet,L,180.0,FRA,26.2,124186,,,Alexandre Muller,R,183.0,FRA,28.4,6-0 6-1,3,R32,57.0,1.0,2.0,42.0,23.0,15.0,13.0,7.0,1.0,2.0,2.0,3.0,36.0,17.0,7.0,4.0,6.0,4.0,10.0,59.0,944.0,39.0,1271.0,sackmann_archive_2025
2025-0418,Washington,Hard,48,A,2025-07-21,358,200282,7.0,,Alex De Minaur,R,183.0,AUS,26.4,207352,,,Bu Yunchaokete,R,185.0,CHN,23.5,7-6(5) 6-2,3,R32,109.0,2.0,1.0,67.0,40.0,29.0,18.0,10.0,2.0,3.0,6.0,3.0,64.0,28.0,20.0,18.0,10.0,4.0,7.0,13.0,2885.0,75.0,812.0,sackmann_archive_2025
2025-0418,Washington,Hard,48,A,2025-07-21,357,208103,11.0,,Jiri Lehecka,R,185.0,CZE,23.6,208260,,Q,Zachary Svajda,R,175.0,USA,22.6,6-4 6-7(5) 6-3,3,R32,124.0,11.0,1.0,87.0,55.0,46.0,20.0,16.0,0.0,1.0,9.0,4.0,91.0,47.0,33.0,26.0,15.0,1.0,4.0,25.0,2015.0,153.0,371.0,sackmann_archive_2025
2025-0418,Washington,Hard,48,A,2025-07-21,356,206909,14.0,,Brandon Nakashima,R,188.0,USA,23.9,210319,,WC,Ethan Quinn,R,191.0,USA,21.3,6-3 6-4,3,R32,80.0,11.0,0.0,57.0,34.0,28.0,14.0,10.0,3.0,3.0,6.0,3.0,56.0,38.0,26.0,9.0,9.0,3.0,5.0,32.0,1650.0,86.0,707.0,sackmann_archive_2025
2025-0418,Washington,Hard,48,A,2025-07-21,355,111815,,,Cameron Norrie,L,188.0,GBR,29.9,207518,2.0,,Lorenzo Musetti,R,185.0,ITA,23.3,3-6 6-2 6-3,3,R32,126.0,4.0,8.0,91.0,55.0,41.0,17.0,13.0,9.0,11.0,5.0,4.0,73.0,39.0,31.0,15.0,13.0,3.0,7.0,41.0,1227.0,7.0,3350.0,sackmann_archive_2025
2025-0418,Washington,Hard,48,A,2025-07-21,354,126846,,,Aleksandar Vukic,R,188.0,AUS,29.2,208659,,,Giovanni Mpetshi Perricard,R,203.0,FRA,22.0,6-4 3-6 6-3,3,R64,100.0,17.0,2.0,86.0,55.0,42.0,17.0,14.0,7.0,8.0,15.0,5.0,84.0,50.0,41.0,15.0,14.0,4.0,6.0,105.0,614.0,45.0,1205.0,sackmann_archive_2025
2025-0418,Washington,Hard,48,A,2025-07-21,353,208286,,,Matteo Arnaldi,R,185.0,ITA,24.4,127157,,,Daniel Altmaier,R,188.0,GER,26.8,4-6 6-2 7-6(2),3,R64,162.0,3.0,2.0,95.0,53.0,35.0,28.0,15.0,8.0,11.0,7.0,1.0,113.0,71.0,45.0,22.0,15.0,11.0,15.0,44.0,1215.0,56.0,973.0,sackmann_archive_2025
2025-0418,Washington,Hard,48,A,2025-07-21,352,144719,,,Jaume Munar,R,183.0,ESP,28.2,106218,,,Marcos Giron,R,180.0,USA,31.9,7-5 6-3,3,R64,110.0,2.0,5.0,67.0,36.0,26.0,22.0,11.0,8.0,8.0,2.0,2.0,67.0,35.0,24.0,17.0,10.0,5.0,7.0,50.0,1062.0,57.0,960.0,sackmann_archive_2025
2025-0418,Washington,Hard,48,A,2025-07-21,351,210530,,,Learner Tien,L,180.0,USA,19.6,207182,,WC,Emilio Nava,R,185.0,USA,23.6,6-1 6-4,3,R64,75.0,2.0,1.0,53.0,28.0,20.0,16.0,9.0,4.0,5.0,6.0,7.0,60.0,35.0,20.0,10.0,8.0,4.0,8.0,67.0,912.0,116.0,539.0,sackmann_archive_2025
2025-0418,Washington,Hard,48,A,2025-07-21,350,111456,,WC,Mackenzie Mcdonald,R,178.0,USA,30.2,212256,,Q,Colton Smith,U,,USA,22.3,6-4 6-1,3,R64,65.0,4.0,2.0,49.0,28.0,22.0,12.0,9.0,2.0,3.0,1.0,1.0,48.0,30.0,20.0,6.0,8.0,3.0,7.0,95.0,655.0,139.0,432.0,sackmann_archive_2025
2025-0418,Washington,Hard,48,A,2025-07-21,349,206681,,,Fabian Marozsan,R,193.0,HUN,25.7,126127,,,Benjamin Bonzi,R,183.0,FRA,29.1,7-5 6-1,3,R64,77.0,10.0,1.0,60.0,37.0,28.0,11.0,9.0,4.0,5.0,7.0,6.0,58.0,37.0,23.0,6.0,10.0,3.0,8.0,54.0,1030.0,69.0,905.0,sackmann_archive_2025
2025-0418,Washington,Hard,48,A,2025-07-21,348,106415,,,Yoshihito Nishioka,L,170.0,JPN,29.8,202385,,PR,Jenson Brooksby,R,188.0,USA,24.7,6-4 5-7 6-1,3,R64,158.0,0.0,6.0,91.0,42.0,32.0,21.0,15.0,2.0,6.0,5.0,5.0,104.0,53.0,34.0,20.0,14.0,8.0,14.0,89.0,684.0,102.0,627.0,sackmann_archive_2025
2025-0418,Washington,Hard,48,A,2025-07-21,347,206499,,,Aleksandar Kovacevic,R,183.0,USA,26.8,111460,,,Quentin Halys,R,191.0,FRA,28.7,6-2 3-6 6-3,3,R64,116.0,8.0,9.0,83.0,46.0,39.0,15.0,13.0,2.0,3.0,8.0,6.0,87.0,56.0,40.0,13.0,13.0,5.0,8.0,66.0,914.0,71.0,886.0,sackmann_archive_2025
2025-0418,Washington,Hard,48,A,2025-07-21,346,124187,,,Reilly Opelka,R,211.0,USA,27.8,209326,,Q,Murphy Cassone,R,188.0,USA,22.9,7-6(4) 6-7(5) 6-3,3,R64,140.0,23.0,3.0,108.0,61.0,53.0,27.0,17.0,3.0,4.0,11.0,8.0,100.0,56.0,46.0,24.0,16.0,4.0,6.0,74.0,827.0,185.0,299.0,sackmann_archive_2025
2025-0418,Washington,Hard,48,A,2025-07-21,345,200059,,Q,Yibing Wu,R,183.0,CHN,25.7,104792,,,Gael Monfils,R,193.0,FRA,38.8,6-3 6-1,3,R64,78.0,1.0,3.0,50.0,32.0,26.0,9.0,8.0,4.0,4.0,3.0,4.0,49.0,31.0,19.0,6.0,8.0,1.0,5.0,243.0,228.0,48.0,1115.0,sackmann_archive_2025
2025-0418,Washington,Hard,48,A,2025-07-21,344,105554,,WC,Daniel Evans,R,175.0,GBR,35.1,200267,,,Zizou Bergs,R,185.0,BEL,26.1,3-6 6-4 6-3,3,R64,149.0,5.0,6.0,84.0,43.0,29.0,25.0,14.0,2.0,5.0,10.0,15.0,98.0,53.0,38.0,18.0,14.0,8.0,12.0,144.0,415.0,52.0,1049.0,sackmann_archive_2025
2025-0418,Washington,Hard,48,A,2025-07-21,343,124186,,,Alexandre Muller,R,183.0,FRA,28.4,202320,,Q,Beibit Zhukayev,R,198.0,KAZ,24.7,6-4 6-4,3,R64,86.0,3.0,1.0,59.0,36.0,27.0,15.0,10.0,4.0,5.0,14.0,5.0,62.0,37.0,29.0,8.0,10.0,6.0,9.0,39.0,1271.0,218.0,253.0,sackmann_archive_2025
2025-0418,Washington,Hard,48,A,2025-07-21,342,207352,,,Bu Yunchaokete,R,185.0,CHN,23.5,105676,,,David Goffin,R,180.0,BEL,34.6,6-4 7-5,3,R64,104.0,10.0,4.0,68.0,40.0,31.0,15.0,11.0,6.0,7.0,6.0,9.0,74.0,35.0,28.0,17.0,11.0,4.0,7.0,75.0,812.0,60.0,939.0,sackmann_archive_2025
2025-0418,Washington,Hard,48,A,2025-07-21,341,208260,,Q,Zachary Svajda,R,175.0,USA,22.6,200175,,,Miomir Kecmanovic,R,183.0,SRB,25.8,1-6 6-2 6-2,3,R64,88.0,14.0,4.0,83.0,45.0,32.0,19.0,12.0,5.0,8.0,3.0,2.0,68.0,34.0,22.0,17.0,11.0,6.0,10.0,153.0,371.0,49.0,1106.0,sackmann_archive_2025
2025-0418,Washington,Hard,48,A,2025-07-21,340,210319,,WC,Ethan Quinn,R,191.0,USA,21.3,106331,,,Christopher Oconnell,R,183.0,AUS,31.1,6-3 6-2,3,R64,71.0,6.0,2.0,51.0,27.0,21.0,17.0,9.0,1.0,1.0,7.0,2.0,52.0,35.0,23.0,7.0,8.0,1.0,4.0,86.0,707.0,77.0,775.0,sackmann_archive_2025
2025-0418,Washington,Hard,48,A,2025-07-21,339,111815,,,Cameron Norrie,L,188.0,GBR,29.9,126129,,Q,Billy Harris,R,193.0,GBR,30.4,6-3 7-6(4),3,R64,103.0,3.0,1.0,76.0,44.0,35.0,17.0,11.0,3.0,4.0,6.0,0.0,60.0,40.0,29.0,12.0,10.0,2.0,4.0,41.0,1227.0,148.0,402.0,sackmann_archive_2025
2025-0421,Canada Masters,Hard,96,M,2025-07-27,369,210097,4.0,,Ben Shelton,L,193.0,USA,22.8,111575,11.0,,Karen Khachanov,R,198.0,RUS,29.1,6-7(5) 6-4 7-6(3),3,F,167.0,16.0,6.0,108.0,69.0,55.0,23.0,17.0,5.0,6.0,3.0,2.0,101.0,64.0,46.0,26.0,17.0,4.0,6.0,7.0,3520.0,16.0,2590.0,sackmann_archive_2025
2025-0421,Canada Masters,Hard,96,M,2025-07-27,368,111575,11.0,,Karen Khachanov,R,198.0,RUS,29.1,100644,1.0,,Alexander Zverev,R,198.0,GER,28.2,6-3 4-6 7-6(4),3,SF,172.0,5.0,3.0,105.0,63.0,46.0,22.0,16.0,1.0,2.0,13.0,7.0,102.0,72.0,52.0,13.0,15.0,2.0,3.0,16.0,2590.0,3.0,6030.0,sackmann_archive_2025
2025-0421,Canada Masters,Hard,96,M,2025-07-27,367,210097,4.0,,Ben Shelton,L,193.0,USA,22.8,126203,2.0,,Taylor Fritz,R,196.0,USA,27.7,6-4 6-3,3,SF,78.0,7.0,0.0,51.0,29.0,25.0,13.0,9.0,2.0,2.0,4.0,3.0,61.0,38.0,26.0,9.0,10.0,7.0,10.0,7.0,3520.0,4.0,5135.0,sackmann_archive_2025
2025-0421,Canada Masters,Hard,96,M,2025-07-27,366,100644,1.0,,Alexander Zverev,R,198.0,GER,28.2,200615,18.0,,Alexei Popyrin,R,196.0,AUS,25.9,6-7(8) 6-4 6-3,3,QF,162.0,12.0,7.0,100.0,68.0,56.0,16.0,16.0,2.0,3.0,11.0,5.0,103.0,63.0,47.0,18.0,15.0,3.0,6.0,3.0,6030.0,26.0,2050.0,sackmann_archive_2025
2025-0421,Canada Masters,Hard,96,M,2025-07-27,365,111575,11.0,,Karen Khachanov,R,198.0,RUS,29.1,210506,26.0,,Alex Michelsen,R,193.0,USA,20.9,6-4 7-6(3),3,QF,104.0,6.0,5.0,73.0,47.0,40.0,13.0,11.0,6.0,7.0,5.0,3.0,88.0,55.0,37.0,17.0,11.0,9.0,11.0,16.0,2590.0,34.0,1555.0,sackmann_archive_2025
2025-0421,Canada Masters,Hard,96,M,2025-07-27,364,210097,4.0,,Ben Shelton,L,193.0,USA,22.8,200282,9.0,,Alex De Minaur,R,183.0,AUS,26.4,6-3 6-4,3,QF,91.0,11.0,1.0,60.0,37.0,29.0,12.0,10.0,1.0,2.0,1.0,2.0,66.0,35.0,23.0,15.0,9.0,2.0,5.0,7.0,3520.0,8.0,3335.0,sackmann_archive_2025
2025-0421,Canada Masters,Hard,96,M,2025-07-27,363,126203,2.0,,Taylor Fritz,R,196.0,USA,27.7,126094,6.0,,Andrey Rublev,R,188.0,RUS,27.7,6-3 7-6(4),3,QF,81.0,20.0,3.0,73.0,48.0,38.0,16.0,11.0,3.0,4.0,6.0,1.0,57.0,31.0,24.0,15.0,10.0,0.0,2.0,4.0,5135.0,11.0,3110.0,sackmann_archive_2025
2025-0421,Canada Masters,Hard,96,M,2025-07-27,362,100644,1.0,,Alexander Zverev,R,198.0,GER,28.2,202103,14.0,,Francisco Cerundolo,R,185.0,ARG,26.9,6-4 1-0 RET,3,R16,51.0,3.0,1.0,29.0,21.0,16.0,3.0,5.0,1.0,2.0,1.0,3.0,35.0,29.0,15.0,2.0,6.0,1.0,4.0,3.0,6030.0,24.0,2085.0,sackmann_archive_2025
2025-0421,Canada Masters,Hard,96,M,2025-07-27,361,200615,18.0,,Alexei Popyrin,R,196.0,AUS,25.9,208029,5.0,,Holger Rune,R,188.0,DEN,22.2,4-6 6-2 6-3,3,R16,123.0,14.0,4.0,77.0,45.0,39.0,18.0,14.0,3.0,4.0,7.0,5.0,97.0,63.0,41.0,17.0,13.0,11.0,14.0,26.0,2050.0,9.0,3250.0,sackmann_archive_2025
2025-0421,Canada Masters,Hard,96,M,2025-07-27,360,210506,26.0,,Alex Michelsen,R,193.0,USA,20.9,210530,,,Learner Tien,L,180.0,USA,19.6,6-3 6-3,3,R16,80.0,3.0,2.0,65.0,36.0,26.0,16.0,9.0,3.0,4.0,2.0,8.0,66.0,35.0,21.0,14.0,9.0,6.0,10.0,34.0,1555.0,61.0,940.0,sackmann_archive_2025
2025-0421,Canada Masters,Hard,96,M,2025-07-27,359,111575,11.0,,Karen Khachanov,R,198.0,RUS,29.1,134770,8.0,,Casper Ruud,R,183.0,NOR,26.5,6-4 7-5,3,R16,93.0,7.0,3.0,54.0,30.0,29.0,13.0,11.0,3.0,4.0,9.0,2.0,72.0,49.0,28.0,15.0,11.0,9.0,12.0,16.0,2590.0,13.0,2905.0,sackmann_archive_2025
2025-0421,Canada Masters,Hard,96,M,2025-07-27,358,200282,9.0,,Alex De Minaur,R,183.0,AUS,26.4,126207,7.0,,Frances Tiafoe,R,188.0,USA,27.5,6-2 4-6 6-4,3,R16,144.0,6.0,5.0,92.0,39.0,30.0,26.0,14.0,4.0,7.0,10.0,4.0,90.0,43.0,32.0,20.0,14.0,5.0,10.0,8.0,3335.0,12.0,2990.0,sackmann_archive_2025
2025-0421,Canada Masters,Hard,96,M,2025-07-27,357,210097,4.0,,Ben Shelton,L,193.0,USA,22.8,207925,13.0,,Flavio Cobolli,R,183.0,ITA,23.2,6-4 4-6 7-6(1),3,R16,144.0,12.0,4.0,112.0,69.0,49.0,21.0,16.0,7.0,10.0,8.0,2.0,101.0,45.0,34.0,29.0,16.0,6.0,9.0,7.0,3520.0,17.0,2385.0,sackmann_archive_2025
2025-0421,Canada Masters,Hard,96,M,2025-07-27,356,126094,6.0,,Andrey Rublev,R,188.0,RUS,27.7,200221,20.0,,Alejandro Davidovich Fokina,R,183.0,ESP,26.1,6-7(3) 7-6(2) 3-0 RET,3,R16,141.0,12.0,2.0,90.0,52.0,47.0,22.0,14.0,3.0,3.0,8.0,2.0,107.0,74.0,50.0,19.0,13.0,5.0,6.0,11.0,3110.0,19.0,2225.0,sackmann_archive_2025
2025-0421,Canada Masters,Hard,96,M,2025-07-27,355,126203,2.0,,Taylor Fritz,R,196.0,USA,27.7,208103,19.0,,Jiri Lehecka,R,185.0,CZE,23.7,7-6(4) 6-7(5) 7-6(5),3,R16,176.0,16.0,5.0,133.0,79.0,65.0,31.0,18.0,9.0,9.0,6.0,2.0,125.0,78.0,63.0,28.0,18.0,5.0,5.0,4.0,5135.0,27.0,2015.0,sackmann_archive_2025
2025-0421,Canada Masters,Hard,96,M,2025-07-27,354,100644,1.0,,Alexander Zverev,R,198.0,GER,28.2,208286,32.0,,Matteo Arnaldi,R,185.0,ITA,24.4,6-7(5) 6-3 6-2,3,R32,166.0,9.0,4.0,106.0,78.0,60.0,14.0,15.0,3.0,4.0,6.0,7.0,104.0,58.0,41.0,21.0,14.0,10.0,14.0,3.0,6030.0,41.0,1265.0,sackmann_archive_2025
2025-0421,Canada Masters,Hard,96,M,2025-07-27,353,202103,14.0,,Francisco Cerundolo,R,185.0,ARG,26.9,144869,,,Tomas Martin Etcheverry,R,196.0,ARG,26.0,6-3 6-4,3,R32,109.0,1.0,1.0,71.0,36.0,23.0,22.0,10.0,8.0,9.0,5.0,0.0,64.0,37.0,26.0,11.0,9.0,7.0,10.0,24.0,2085.0,60.0,960.0,sackmann_archive_2025
2025-0421,Canada Masters,Hard,96,M,2025-07-27,352,200615,18.0,,Alexei Popyrin,R,196.0,AUS,25.9,106421,10.0,,Daniil Medvedev,R,198.0,RUS,29.4,5-7 6-4 6-4,3,R32,150.0,7.0,7.0,103.0,63.0,53.0,16.0,16.0,9.0,11.0,12.0,8.0,110.0,58.0,44.0,25.0,16.0,9.0,12.0,26.0,2050.0,14.0,2720.0,sackmann_archive_2025
2025-0421,Canada Masters,Hard,96,M,2025-07-27,351,208029,5.0,,Holger Rune,R,188.0,DEN,22.2,124186,29.0,,Alexandre Muller,R,183.0,FRA,28.4,6-2 6-4,3,R32,65.0,4.0,1.0,49.0,32.0,26.0,11.0,9.0,0.0,0.0,2.0,2.0,46.0,25.0,19.0,10.0,9.0,0.0,3.0,9.0,3250.0,40.0,1271.0,sackmann_archive_2025
2025-0421,Canada Masters,Hard,96,M,2025-07-27,350,210506,26.0,,Alex Michelsen,R,193.0,USA,20.9,207518,3.0,,Lorenzo Musetti,R,185.0,ITA,23.4,3-6 7-6(4) 6-4,3,R32,151.0,5.0,6.0,109.0,68.0,54.0,17.0,15.0,10.0,12.0,5.0,4.0,99.0,59.0,42.0,25.0,16.0,7.0,9.0,34.0,1555.0,10.0,3195.0,sackmann_archive_2025
2025-0421,Canada Masters,Hard,96,M,2025-07-27,349,210530,,,Learner Tien,L,180.0,USA,19.6,124187,,,Reilly Opelka,R,211.0,USA,27.9,7-6(3) 6-3,3,R32,85.0,2.0,2.0,82.0,50.0,40.0,18.0,11.0,4.0,4.0,10.0,5.0,57.0,31.0,30.0,12.0,10.0,0.0,1.0,61.0,940.0,74.0,827.0,sackmann_archive_2025
2025-0421,Canada Masters,Hard,96,M,2025-07-27,348,111575,11.0,,Karen Khachanov,R,198.0,RUS,29.1,207182,,Q,Emilio Nava,R,185.0,USA,23.6,6-7(6) 6-4 6-1,3,R32,130.0,8.0,3.0,82.0,48.0,34.0,24.0,14.0,0.0,1.0,10.0,8.0,103.0,57.0,44.0,16.0,15.0,6.0,11.0,16.0,2590.0,114.0,539.0,sackmann_archive_2025
2025-0421,Canada Masters,Hard,96,M,2025-07-27,347,134770,8.0,,Casper Ruud,R,183.0,NOR,26.5,132686,30.0,,Nuno Borges,R,185.0,POR,28.4,7-5 6-4,3,R32,102.0,9.0,1.0,80.0,55.0,38.0,13.0,11.0,4.0,5.0,1.0,6.0,69.0,29.0,18.0,22.0,11.0,5.0,8.0,13.0,2905.0,42.0,1265.0,sackmann_archive_2025
2025-0421,Canada Masters,Hard,96,M,2025-07-27,346,126207,7.0,,Frances Tiafoe,R,188.0,USA,27.5,126846,,,Aleksandar Vukic,R,188.0,AUS,29.3,6-3 4-6 6-3,3,R32,110.0,10.0,3.0,83.0,45.0,34.0,22.0,14.0,2.0,4.0,4.0,2.0,100.0,58.0,40.0,21.0,14.0,8.0,12.0,12.0,2990.0,99.0,639.0,sackmann_archive_2025
2025-0421,Canada Masters,Hard,96,M,2025-07-27,345,200282,,,Alex De Minaur,R,183.0,AUS,26.4,106331,,,Christopher Oconnell,R,183.0,AUS,31.1,W/O,3,R32,,,,,,,,,,,,,,,,,,,,8.0,3335.0,78.0,775.0,sackmann_archive_2025
2025-0421,Canada Masters,Hard,96,M,2025-07-27,344,207925,13.0,,Flavio Cobolli,R,183.0,ITA,23.2,206681,,,Fabian Marozsan,R,193.0,HUN,25.8,6-2 4-6 6-3,3,R32,110.0,7.0,3.0,84.0,48.0,32.0,23.0,13.0,4.0,6.0,3.0,5.0,99.0,58.0,36.0,19.0,14.0,7.0,12.0,17.0,2385.0,56.0,1005.0,sackmann_archive_2025
2025-0421,Canada Masters,Hard,96,M,2025-07-27,343,210097,4.0,,Ben Shelton,L,193.0,USA,22.8,206909,25.0,,Brandon Nakashima,R,188.0,USA,23.9,6-7(8) 6-2 7-6(5),3,R32,156.0,19.0,8.0,111.0,69.0,56.0,20.0,16.0,3.0,4.0,3.0,1.0,104.0,66.0,49.0,21.0,16.0,5.0,8.0,7.0,3520.0,32.0,1700.0,sackmann_archive_2025
2025-0421,Canada Masters,Hard,96,M,2025-07-27,342,126094,6.0,,Andrey Rublev,R,188.0,RUS,27.7,132283,28.0,,Lorenzo Sonego,R,191.0,ITA,30.2,5-7 6-4 6-3,3,R32,152.0,6.0,2.0,86.0,58.0,51.0,9.0,15.0,2.0,4.0,10.0,5.0,110.0,65.0,46.0,21.0,16.0,6.0,10.0,11.0,3110.0,38.0,1281.0,sackmann_archive_2025
2025-0421,Canada Masters,Hard,96,M,2025-07-27,341,200221,20.0,,Alejandro Davidovich Fokina,R,183.0,ESP,26.1,210150,12.0,,Jakub Mensik,R,193.0,CZE,19.9,6-2 6-4,3,R32,76.0,2.0,1.0,48.0,25.0,17.0,17.0,9.0,2.0,3.0,7.0,5.0,57.0,29.0,18.0,11.0,9.0,0.0,4.0,19.0,2225.0,18.0,2362.0,sackmann_archive_2025
2025-0421,Canada Masters,Hard,96,M,2025-07-27,340,208103,19.0,,Jiri Lehecka,R,185.0,CZE,23.7,209950,15.0,,Arthur Fils,R,185.0,FRA,21.1,3-6 6-3 6-4,3,R32,112.0,12.0,5.0,88.0,50.0,42.0,17.0,14.0,1.0,2.0,3.0,1.0,76.0,54.0,41.0,13.0,14.0,3.0,5.0,27.0,2015.0,21.0,2130.0,sackmann_archive_2025
2025-0421,Canada Masters,Hard,96,M,2025-07-27,339,126203,2.0,,Taylor Fritz,R,196.0,USA,27.7,209113,27.0,,Gabriel Diallo,R,203.0,CAN,23.8,6-4 6-2,3,R32,75.0,5.0,0.0,48.0,26.0,23.0,15.0,9.0,1.0,1.0,4.0,6.0,63.0,35.0,24.0,11.0,9.0,4.0,7.0,4.0,5135.0,36.0,1333.0,sackmann_archive_2025
2025-0421,Canada Masters,Hard,96,M,2025-07-27,338,100644,1.0,,Alexander Zverev,R,198.0,GER,28.2,200443,,,Adam Walton,R,183.0,AUS,26.2,7-6(6) 6-4,3,R64,102.0,7.0,1.0,61.0,40.0,37.0,11.0,11.0,2.0,3.0,5.0,6.0,81.0,48.0,36.0,16.0,11.0,4.0,6.0,3.0,6030.0,88.0,706.0,sackmann_archive_2025
2025-0421,Canada Masters,Hard,96,M,2025-07-27,337,208286,32.0,,Matteo Arnaldi,R,185.0,ITA,24.4,209262,,Q,Tristan Schoolkate,R,183.0,AUS,24.4,6-3 3-6 6-3,3,R64,129.0,12.0,8.0,96.0,48.0,40.0,22.0,14.0,6.0,8.0,6.0,7.0,84.0,46.0,35.0,18.0,13.0,6.0,9.0,41.0,1265.0,103.0,616.0,sackmann_archive_2025
2025-0421,Canada Masters,Hard,96,M,2025-07-27,336,144869,,,Tomas Martin Etcheverry,R,196.0,ARG,26.0,134868,24.0,,Tallon Griekspoor,R,188.0,NED,29.0,6-4 7-6(4),3,R64,119.0,12.0,1.0,78.0,58.0,40.0,11.0,11.0,7.0,9.0,6.0,6.0,82.0,47.0,30.0,17.0,11.0,6.0,9.0,60.0,960.0,31.0,1715.0,sackmann_archive_2025
2025-0421,Canada Masters,Hard,96,M,2025-07-27,335,202103,14.0,,Francisco Cerundolo,R,185.0,ARG,26.9,144719,,,Jaume Munar,R,183.0,ESP,28.2,7-6(4) 4-6 6-4,3,R64,178.0,5.0,5.0,118.0,71.0,53.0,23.0,16.0,10.0,13.0,2.0,8.0,105.0,58.0,45.0,20.0,16.0,3.0,6.0,24.0,2085.0,51.0,1087.0,sackmann_archive_2025
2025-0421,Canada Masters,Hard,96,M,2025-07-27,334,106421,10.0,,Daniil Medvedev,R,198.0,RUS,29.4,207494,,LL,Dalibor Svrcina,R,178.0,CZE,22.8,7-6(3) 6-4,3,R64,111.0,4.0,5.0,67.0,33.0,23.0,18.0,11.0,4.0,8.0,0.0,5.0,82.0,43.0,29.0,14.0,11.0,7.0,12.0,14.0,2720.0,120.0,514.0,sackmann_archive_2025
2025-0421,Canada Masters,Hard,96,M,2025-07-27,333,200615,18.0,,Alexei Popyrin,R,196.0,AUS,25.9,212531,,WC,Nicolas Arseneault,U,,CAN,18.5,7-6(7) 6-3,3,R64,94.0,9.0,3.0,72.0,41.0,35.0,20.0,11.0,1.0,1.0,9.0,4.0,67.0,40.0,33.0,14.0,10.0,2.0,3.0,26.0,2050.0,638.0,51.0,sackmann_archive_2025
2025-0421,Canada Masters,Hard,96,M,2025-07-27,332,124186,29.0,,Alexandre Muller,R,183.0,FRA,28.4,200175,,,Miomir Kecmanovic,R,183.0,SRB,25.9,2-6 6-3 7-5,3,R64,127.0,7.0,4.0,100.0,63.0,43.0,17.0,15.0,8.0,12.0,2.0,2.0,72.0,35.0,28.0,19.0,14.0,2.0,6.0,40.0,1271.0,50.0,1106.0,sackmann_archive_2025
2025-0421,Canada Masters,Hard,96,M,2025-07-27,331,208029,5.0,,Holger Rune,R,188.0,DEN,22.2,208659,,,Giovanni Mpetshi Perricard,R,203.0,FRA,22.0,7-6(7) 6-3,3,R64,76.0,12.0,2.0,59.0,38.0,33.0,18.0,11.0,0.0,0.0,7.0,4.0,58.0,37.0,32.0,12.0,10.0,2.0,3.0,9.0,3250.0,43.0,1205.0,sackmann_archive_2025
2025-0421,Canada Masters,Hard,96,M,2025-07-27,330,207518,3.0,,Lorenzo Musetti,R,185.0,ITA,23.4,105902,,Q,James Duckworth,R,183.0,AUS,33.5,7-5 6-1,3,R64,82.0,2.0,3.0,55.0,30.0,27.0,14.0,10.0,2.0,2.0,6.0,4.0,61.0,30.0,19.0,16.0,9.0,6.0,9.0,10.0,3195.0,106.0,600.0,sackmann_archive_2025
2025-0421,Canada Masters,Hard,96,M,2025-07-27,329,210506,26.0,,Alex Michelsen,R,193.0,USA,20.9,144642,,Q,Tomas Barrios Vera,R,191.0,CHI,27.6,7-6(7) 6-3,3,R64,116.0,13.0,8.0,70.0,36.0,27.0,17.0,10.0,5.0,7.0,5.0,1.0,89.0,50.0,30.0,19.0,11.0,8.0,12.0,34.0,1555.0,143.0,425.0,sackmann_archive_2025
2025-0421,Canada Masters,Hard,96,M,2025-07-27,328,210530,,,Learner Tien,L,180.0,USA,19.6,133430,22.0,,Denis Shapovalov,L,185.0,CAN,26.2,7-6(4) 7-5,3,R64,94.0,2.0,4.0,72.0,42.0,32.0,15.0,12.0,1.0,4.0,5.0,8.0,75.0,52.0,35.0,10.0,12.0,4.0,8.0,61.0,940.0,29.0,1836.0,sackmann_archive_2025
2025-0421,Canada Masters,Hard,96,M,2025-07-27,327,124187,,,Reilly Opelka,R,211.0,USA,27.9,207830,16.0,,Tomas Machac,R,183.0,CZE,24.7,7-6(5) 6-7(5) 6-3,3,R64,140.0,24.0,4.0,107.0,66.0,57.0,23.0,17.0,3.0,4.0,12.0,8.0,106.0,54.0,42.0,33.0,16.0,4.0,6.0,74.0,827.0,22.0,2110.0,sackmann_archive_2025
2025-0421,Canada Masters,Hard,96,M,2025-07-27,326,111575,11.0,,Karen Khachanov,R,198.0,RUS,29.1,126663,,Q,Juan Pablo Ficovich,R,191.0,ARG,28.5,6-4 6-2,3,R64,87.0,5.0,7.0,65.0,43.0,38.0,5.0,9.0,7.0,8.0,3.0,4.0,59.0,30.0,19.0,11.0,9.0,5.0,9.0,16.0,2590.0,140.0,435.0,sackmann_archive_2025
2025-0421,Canada Masters,Hard,96,M,2025-07-27,325,207182,,Q,Emilio Nava,R,185.0,USA,23.6,209279,,,Terence Atmane,L,193.0,FRA,23.5,6-2 7-5,3,R64,87.0,8.0,5.0,62.0,39.0,35.0,8.0,10.0,1.0,1.0,4.0,5.0,66.0,37.0,25.0,14.0,10.0,6.0,9.0,114.0,539.0,132.0,458.0,sackmann_archive_2025
2025-0421,Canada Masters,Hard,96,M,2025-07-27,324,132686,30.0,,Nuno Borges,R,185.0,POR,28.4,105487,,Q,Facundo Bagnis,L,183.0,ARG,35.4,5-7 7-6(3) 6-2,3,R64,169.0,15.0,0.0,111.0,73.0,55.0,22.0,16.0,3.0,4.0,5.0,1.0,134.0,92.0,62.0,21.0,16.0,11.0,13.0,42.0,1265.0,689.0,44.0,sackmann_archive_2025
2025-0421,Canada Masters,Hard,96,M,2025-07-27,323,134770,8.0,,Casper Ruud,R,183.0,NOR,26.5,126128,,,Roman Safiullin,R,185.0,RUS,27.9,6-3 6-3,3,R64,81.0,7.0,2.0,61.0,41.0,30.0,9.0,9.0,2.0,3.0,6.0,3.0,49.0,31.0,19.0,8.0,9.0,1.0,5.0,13.0,2905.0,82.0,741.0,sackmann_archive_2025
2025-0421,Canada Masters,Hard,96,M,2025-07-27,322,126207,7.0,,Frances Tiafoe,R,188.0,USA,27.5,133297,,Q,Yosuke Watanuki,R,180.0,JPN,27.2,1-6 7-5 7-6(5),3,R64,133.0,10.0,3.0,94.0,55.0,41.0,24.0,15.0,7.0,9.0,17.0,3.0,95.0,45.0,40.0,30.0,16.0,2.0,3.0,12.0,2990.0,158.0,358.0,sackmann_archive_2025
2025-0421,Canada Masters,Hard,96,M,2025-07-27,321,126846,,,Aleksandar Vukic,R,188.0,AUS,29.3,111815,31.0,,Cameron Norrie,L,188.0,GBR,29.9,6-3 6-7(2) 6-3,3,R64,127.0,13.0,0.0,87.0,48.0,39.0,29.0,16.0,3.0,3.0,14.0,3.0,94.0,55.0,46.0,18.0,14.0,9.0,11.0,99.0,639.0,39.0,1277.0,sackmann_archive_2025
2025-0421,Canada Masters,Hard,96,M,2025-07-27,320,106331,,,Christopher Oconnell,R,183.0,AUS,31.1,126774,23.0,,Stefanos Tsitsipas,R,193.0,GRE,26.9,6-4 4-6 6-2,3,R64,121.0,7.0,5.0,93.0,46.0,34.0,24.0,14.0,6.0,8.0,10.0,4.0,76.0,40.0,29.0,16.0,14.0,2.0,6.0,78.0,775.0,30.0,1825.0,sackmann_archive_2025
2025-0421,Canada Masters,Hard,96,M,2025-07-27,319,200282,9.0,,Alex De Minaur,R,183.0,AUS,26.4,207681,,,Francisco Comesana,R,178.0,ARG,24.8,6-4 6-2,3,R64,90.0,2.0,3.0,53.0,23.0,19.0,20.0,9.0,1.0,1.0,4.0,7.0,58.0,34.0,25.0,6.0,9.0,3.0,6.0,8.0,3335.0,71.0,874.0,sackmann_archive_2025
2025-0421,Canada Masters,Hard,96,M,2025-07-27,318,207925,13.0,,Flavio Cobolli,R,183.0,ITA,23.2,200008,,WC,Alexis Galarneau,R,180.0,CAN,26.4,6-4 5-7 6-4,3,R64,148.0,12.0,9.0,110.0,55.0,38.0,27.0,16.0,7.0,11.0,7.0,3.0,88.0,51.0,35.0,20.0,16.0,3.0,8.0,17.0,2385.0,193.0,285.0,sackmann_archive_2025
2025-0421,Canada Masters,Hard,96,M,2025-07-27,317,206681,,,Fabian Marozsan,R,193.0,HUN,25.8,200000,21.0,,Felix Auger Aliassime,R,193.0,CAN,24.9,6-4 6-4,3,R64,101.0,4.0,0.0,64.0,37.0,29.0,12.0,10.0,5.0,7.0,2.0,5.0,59.0,33.0,22.0,11.0,10.0,1.0,5.0,56.0,1005.0,28.0,1865.0,sackmann_archive_2025
2025-0421,Canada Masters,Hard,96,M,2025-07-27,316,206909,25.0,,Brandon Nakashima,R,188.0,USA,23.9,210319,,,Ethan Quinn,R,191.0,USA,21.3,7-6(6) 6-4,3,R64,112.0,13.0,0.0,70.0,45.0,36.0,16.0,11.0,2.0,2.0,10.0,8.0,92.0,44.0,35.0,25.0,11.0,11.0,12.0,32.0,1700.0,86.0,726.0,sackmann_archive_2025
2025-0421,Canada Masters,Hard,96,M,2025-07-27,315,210097,4.0,,Ben Shelton,L,193.0,USA,22.8,105173,,Q,Adrian Mannarino,L,180.0,FRA,37.0,6-2 6-3,3,R64,65.0,16.0,4.0,50.0,31.0,28.0,12.0,9.0,2.0,2.0,2.0,1.0,48.0,32.0,19.0,10.0,8.0,5.0,8.0,7.0,3520.0,94.0,661.0,sackmann_archive_2025
2025-0421,Canada Masters,Hard,96,M,2025-07-27,314,126094,6.0,,Andrey Rublev,R,188.0,RUS,27.7,200384,,,Hugo Gaston,L,173.0,FRA,24.8,6-2 6-3,3,R64,86.0,6.0,6.0,64.0,35.0,27.0,13.0,9.0,4.0,5.0,1.0,4.0,54.0,27.0,20.0,7.0,8.0,2.0,6.0,11.0,3110.0,126.0,473.0,sackmann_archive_2025
2025-0421,Canada Masters,Hard,96,M,2025-07-27,313,132283,28.0,,Lorenzo Sonego,R,191.0,ITA,30.2,207352,,,Bu Yunchaokete,R,185.0,CHN,23.5,6-1 6-4,3,R64,79.0,7.0,5.0,53.0,28.0,22.0,15.0,9.0,1.0,2.0,1.0,3.0,42.0,21.0,14.0,8.0,8.0,0.0,4.0,38.0,1281.0,76.0,793.0,sackmann_archive_2025
2025-0421,Canada Masters,Hard,96,M,2025-07-27,312,200221,20.0,,Alejandro Davidovich Fokina,R,183.0,ESP,26.1,144895,,,Corentin Moutet,L,180.0,FRA,26.2,6-4 6-3,3,R64,84.0,4.0,3.0,63.0,38.0,28.0,9.0,9.0,8.0,10.0,2.0,5.0,53.0,30.0,16.0,10.0,10.0,1.0,6.0,19.0,2225.0,46.0,1139.0,sackmann_archive_2025
2025-0421,Canada Masters,Hard,96,M,2025-07-27,311,210150,12.0,,Jakub Mensik,R,193.0,CZE,19.9,207729,,Q,Tristan Boyer,R,188.0,USA,24.2,6-4 6-4,3,R64,89.0,13.0,2.0,63.0,33.0,31.0,15.0,10.0,7.0,7.0,1.0,2.0,64.0,37.0,26.0,14.0,10.0,5.0,7.0,18.0,2362.0,123.0,480.0,sackmann_archive_2025
2025-0421,Canada Masters,Hard,96,M,2025-07-27,310,209950,15.0,,Arthur Fils,R,185.0,FRA,21.1,105807,,,Pablo Carreno Busta,R,188.0,ESP,34.0,6-3 6-4,3,R64,88.0,6.0,2.0,68.0,46.0,33.0,12.0,10.0,5.0,6.0,0.0,3.0,63.0,39.0,26.0,11.0,9.0,1.0,4.0,21.0,2130.0,93.0,662.0,sackmann_archive_2025
2025-0421,Canada Masters,Hard,96,M,2025-07-27,309,208103,19.0,,Jiri Lehecka,R,185.0,CZE,23.7,111456,,,Mackenzie Mcdonald,R,178.0,USA,30.2,7-6(2) 6-4,3,R64,91.0,5.0,1.0,66.0,45.0,35.0,13.0,11.0,0.0,1.0,9.0,1.0,71.0,47.0,32.0,12.0,11.0,5.0,7.0,27.0,2015.0,96.0,655.0,sackmann_archive_2025
2025-0421,Canada Masters,Hard,96,M,2025-07-27,308,209113,27.0,,Gabriel Diallo,R,203.0,CAN,23.8,209263,,WC,Matteo Gigante,L,180.0,ITA,23.5,6-3 7-6(5),3,R64,106.0,8.0,5.0,65.0,43.0,35.0,12.0,11.0,2.0,3.0,5.0,6.0,91.0,52.0,36.0,18.0,10.0,10.0,12.0,36.0,1333.0,125.0,476.0,sackmann_archive_2025
2025-0421,Canada Masters,Hard,96,M,2025-07-27,307,126203,2.0,,Taylor Fritz,R,196.0,USA,27.7,106148,,,Roberto Carballes Baena,R,183.0,ESP,32.3,7-5 7-6(1),3,R64,151.0,8.0,3.0,78.0,46.0,38.0,15.0,12.0,4.0,6.0,1.0,4.0,88.0,44.0,29.0,22.0,12.0,3.0,6.0,4.0,5135.0,89.0,690.0,sackmann_archive_2025
2025-0421,Canada Masters,Hard,96,M,2025-07-27,306,200443,,,Adam Walton,R,183.0,AUS,26.2,126127,,,Benjamin Bonzi,R,183.0,FRA,29.1,4-6 6-0 6-3,3,R128,117.0,14.0,4.0,94.0,48.0,34.0,28.0,13.0,9.0,10.0,4.0,5.0,81.0,45.0,34.0,11.0,12.0,4.0,8.0,88.0,706.0,66.0,905.0,sackmann_archive_2025
2025-0421,Canada Masters,Hard,96,M,2025-07-27,305,209262,,Q,Tristan Schoolkate,R,183.0,AUS,24.4,211663,,,Joao Fonseca,R,185.0,BRA,18.9,7-6(5) 6-4,3,R128,92.0,10.0,5.0,64.0,36.0,32.0,18.0,11.0,0.0,0.0,9.0,4.0,76.0,49.0,37.0,14.0,11.0,1.0,2.0,103.0,616.0,49.0,1110.0,sackmann_archive_2025
2025-0421,Canada Masters,Hard,96,M,2025-07-27,304,144869,,,Tomas Martin Etcheverry,R,196.0,ARG,26.0,105732,,Q,Pierre Hugues Herbert,R,188.0,FRA,34.3,6-4 4-6 7-5,3,R128,138.0,5.0,2.0,86.0,53.0,40.0,20.0,16.0,4.0,7.0,12.0,13.0,94.0,54.0,43.0,16.0,16.0,3.0,7.0,60.0,960.0,142.0,431.0,sackmann_archive_2025
2025-0421,Canada Masters,Hard,96,M,2025-07-27,303,144719,,,Jaume Munar,R,183.0,ESP,28.2,202297,,Q,Dan Martin,U,,CAN,26.2,6-3 6-0,3,R128,70.0,6.0,0.0,34.0,22.0,19.0,9.0,7.0,0.0,0.0,0.0,1.0,53.0,30.0,12.0,12.0,8.0,5.0,10.0,51.0,1087.0,,,sackmann_archive_2025
2025-0421,Canada Masters,Hard,96,M,2025-07-27,302,207494,,LL,Dalibor Svrcina,R,178.0,CZE,22.8,210696,,Q,Alexander Blockx,R,191.0,BEL,20.3,6-4 6-2,3,R128,78.0,1.0,1.0,60.0,38.0,24.0,16.0,9.0,3.0,3.0,4.0,2.0,50.0,33.0,23.0,8.0,9.0,1.0,4.0,120.0,514.0,121.0,492.0,sackmann_archive_2025
2025-0421,Canada Masters,Hard,96,M,2025-07-27,301,212531,,WC,Nicolas Arseneault,U,,CAN,18.5,208316,,Q,Valentin Royer,R,188.0,FRA,24.1,6-3 7-6(4),3,R128,103.0,5.0,4.0,87.0,59.0,44.0,7.0,11.0,5.0,9.0,3.0,6.0,64.0,38.0,26.0,9.0,10.0,6.0,11.0,638.0,51.0,111.0,579.0,sackmann_archive_2025
2025-0421,Canada Masters,Hard,96,M,2025-07-27,300,200175,,,Miomir Kecmanovic,R,183.0,SRB,25.9,111460,,,Quentin Halys,R,191.0,FRA,28.7,4-6 6-4 7-5,3,R128,137.0,9.0,8.0,117.0,56.0,48.0,27.0,16.0,11.0,13.0,12.0,7.0,95.0,60.0,46.0,16.0,16.0,0.0,3.0,50.0,1106.0,69.0,886.0,sackmann_archive_2025
2025-0421,Canada Masters,Hard,96,M,2025-07-27,299,208659,,,Giovanni Mpetshi Perricard,R,203.0,FRA,22.0,208278,,Q,Shintaro Mochizuki,R,175.0,JPN,22.1,6-4 6-2,3,R128,71.0,6.0,4.0,50.0,29.0,24.0,13.0,9.0,1.0,1.0,5.0,2.0,55.0,24.0,17.0,14.0,9.0,1.0,4.0,43.0,1205.0,122.0,491.0,sackmann_archive_2025
2025-0421,Canada Masters,Hard,96,M,2025-07-27,298,105902,,Q,James Duckworth,R,183.0,AUS,33.5,209992,,,Juncheng Shang,L,180.0,CHN,20.4,6-3 7-6(3),3,R128,90.0,6.0,4.0,66.0,28.0,26.0,20.0,11.0,2.0,4.0,2.0,3.0,61.0,34.0,26.0,9.0,10.0,2.0,5.0,106.0,600.0,109.0,580.0,sackmann_archive_2025
2025-0421,Canada Masters,Hard,96,M,2025-07-27,297,144642,,Q,Tomas Barrios Vera,R,191.0,CHI,27.6,104792,,,Gael Monfils,R,193.0,FRA,38.9,6-4 4-6 7-6(3),3,R128,166.0,6.0,3.0,122.0,77.0,54.0,22.0,16.0,10.0,13.0,7.0,15.0,97.0,49.0,40.0,22.0,16.0,7.0,10.0,143.0,425.0,48.0,1115.0,sackmann_archive_2025
2025-0421,Canada Masters,Hard,96,M,2025-07-27,296,210530,,,Learner Tien,L,180.0,USA,19.6,212256,,Q,Colton Smith,U,,USA,22.3,6-4 7-5,3,R128,91.0,2.0,6.0,68.0,31.0,25.0,22.0,11.0,4.0,5.0,7.0,2.0,69.0,42.0,29.0,11.0,11.0,4.0,7.0,61.0,940.0,136.0,448.0,sackmann_archive_2025
2025-0421,Canada Masters,Hard,96,M,2025-07-27,295,124187,,,Reilly Opelka,R,211.0,USA,27.9,124116,,PR,Sebastian Ofner,R,191.0,AUT,29.2,7-6(6) 7-5,3,R128,115.0,19.0,10.0,89.0,40.0,36.0,26.0,12.0,7.0,7.0,10.0,5.0,80.0,43.0,36.0,19.0,12.0,1.0,2.0,74.0,827.0,141.0,433.0,sackmann_archive_2025
2025-0421,Canada Masters,Hard,96,M,2025-07-27,294,126663,,Q,Juan Pablo Ficovich,R,191.0,ARG,28.5,207985,,,Jacob Fearnley,R,183.0,GBR,24.0,6-2 6-3,3,R128,70.0,2.0,0.0,38.0,27.0,23.0,9.0,8.0,0.0,0.0,1.0,5.0,64.0,35.0,20.0,15.0,9.0,8.0,12.0,140.0,435.0,55.0,1007.0,sackmann_archive_2025
2025-0421,Canada Masters,Hard,96,M,2025-07-27,293,207182,,Q,Emilio Nava,R,185.0,USA,23.6,200267,,,Zizou Bergs,R,185.0,BEL,26.1,6-1 7-6(4),3,R128,86.0,7.0,4.0,58.0,35.0,30.0,15.0,10.0,2.0,3.0,3.0,7.0,70.0,35.0,21.0,20.0,9.0,7.0,10.0,114.0,539.0,52.0,1049.0,sackmann_archive_2025
2025-0421,Canada Masters,Hard,96,M,2025-07-27,292,105487,,Q,Facundo Bagnis,L,183.0,ARG,35.4,105577,,WC,Vasek Pospisil,R,193.0,CAN,35.0,6-2 3-6 6-3,3,R128,116.0,11.0,2.0,68.0,42.0,31.0,15.0,13.0,1.0,4.0,6.0,5.0,79.0,35.0,31.0,13.0,13.0,4.0,9.0,689.0,44.0,1250.0,6.0,sackmann_archive_2025
2025-0421,Canada Masters,Hard,96,M,2025-07-27,291,126128,,,Roman Safiullin,R,185.0,RUS,27.9,200259,,Q,Ugo Blanchet,R,175.0,FRA,26.5,4-6 6-2 7-6(9),3,R128,141.0,7.0,8.0,95.0,56.0,42.0,24.0,15.0,2.0,4.0,7.0,11.0,102.0,53.0,37.0,27.0,15.0,3.0,6.0,82.0,741.0,231.0,243.0,sackmann_archive_2025
2025-0421,Canada Masters,Hard,96,M,2025-07-27,290,133297,,Q,Yosuke Watanuki,R,180.0,JPN,27.2,127157,,,Daniel Altmaier,R,188.0,GER,26.8,3-6 6-1 6-4,3,R128,107.0,8.0,6.0,69.0,26.0,21.0,27.0,13.0,2.0,4.0,9.0,5.0,77.0,34.0,26.0,20.0,13.0,4.0,8.0,158.0,358.0,58.0,973.0,sackmann_archive_2025
2025-0421,Canada Masters,Hard,96,M,2025-07-27,289,126846,,,Aleksandar Vukic,R,188.0,AUS,29.3,124079,,,Pedro Martinez,R,185.0,ESP,28.2,7-5 6-3,3,R128,111.0,8.0,2.0,66.0,35.0,27.0,13.0,11.0,2.0,5.0,1.0,3.0,76.0,53.0,27.0,12.0,10.0,5.0,10.0,99.0,639.0,68.0,890.0,sackmann_archive_2025
2025-0421,Canada Masters,Hard,96,M,2025-07-27,288,106331,,,Christopher Oconnell,R,183.0,AUS,31.1,202358,,LL,Chun Hsin Tseng,R,175.0,TPE,23.9,6-1 6-2,3,R128,75.0,6.0,2.0,51.0,28.0,21.0,12.0,8.0,1.0,2.0,0.0,2.0,63.0,37.0,21.0,7.0,7.0,11.0,16.0,78.0,775.0,107.0,599.0,sackmann_archive_2025
2025-0421,Canada Masters,Hard,96,M,2025-07-27,287,207681,,,Francisco Comesana,R,178.0,ARG,24.8,106000,,,Damir Dzumhur,R,175.0,BIH,33.1,6-3 7-5,3,R128,86.0,11.0,3.0,55.0,31.0,28.0,10.0,11.0,0.0,2.0,0.0,6.0,62.0,42.0,25.0,9.0,10.0,3.0,7.0,71.0,874.0,54.0,1028.0,sackmann_archive_2025
2025-0421,Canada Masters,Hard,96,M,2025-07-27,286,200008,,WC,Alexis Galarneau,R,180.0,CAN,26.4,126239,,,Arthur Rinderknech,R,196.0,FRA,30.0,7-6(2) 6-3,3,R128,96.0,5.0,2.0,69.0,44.0,36.0,14.0,11.0,2.0,3.0,11.0,4.0,67.0,44.0,32.0,8.0,10.0,6.0,8.0,193.0,285.0,64.0,914.0,sackmann_archive_2025
2025-0421,Canada Masters,Hard,96,M,2025-07-27,285,206681,,,Fabian Marozsan,R,193.0,HUN,25.8,106198,,,Hugo Dellien,R,180.0,BOL,32.1,6-2 6-2,3,R128,63.0,4.0,0.0,40.0,24.0,20.0,13.0,8.0,0.0,0.0,3.0,2.0,53.0,28.0,15.0,13.0,8.0,2.0,6.0,56.0,1005.0,98.0,654.0,sackmann_archive_2025
2025-0421,Canada Masters,Hard,96,M,2025-07-27,284,210319,,,Ethan Quinn,R,191.0,USA,21.3,106415,,,Yoshihito Nishioka,L,170.0,JPN,29.8,7-6(1) 6-2,3,R128,101.0,7.0,6.0,63.0,34.0,30.0,17.0,10.0,3.0,3.0,2.0,7.0,78.0,36.0,28.0,18.0,10.0,5.0,7.0,86.0,726.0,131.0,459.0,sackmann_archive_2025
2025-0421,Canada Masters,Hard,96,M,2025-07-27,283,105173,,Q,Adrian Mannarino,L,180.0,FRA,37.0,106218,,,Marcos Giron,R,180.0,USA,32.0,6-4 6-4,3,R128,88.0,4.0,1.0,49.0,23.0,21.0,16.0,10.0,0.0,1.0,6.0,3.0,68.0,35.0,26.0,14.0,10.0,5.0,8.0,94.0,661.0,59.0,960.0,sackmann_archive_2025
2025-0421,Canada Masters,Hard,96,M,2025-07-27,282,200384,,,Hugo Gaston,L,173.0,FRA,24.8,208233,,,Mattia Bellucci,L,175.0,ITA,24.1,3-6 6-4 2-0 RET,3,R128,115.0,2.0,3.0,81.0,43.0,25.0,21.0,11.0,5.0,9.0,4.0,5.0,67.0,26.0,17.0,21.0,10.0,6.0,10.0,126.0,473.0,72.0,871.0,sackmann_archive_2025
2025-0421,Canada Masters,Hard,96,M,2025-07-27,281,207352,,,Bu Yunchaokete,R,185.0,CHN,23.5,200240,,,Vit Kopriva,R,178.0,CZE,28.1,7-6(4) 6-2,3,R128,110.0,11.0,0.0,68.0,35.0,30.0,15.0,10.0,2.0,3.0,3.0,6.0,75.0,39.0,28.0,12.0,10.0,11.0,14.0,76.0,793.0,80.0,756.0,sackmann_archive_2025
2025-0421,Canada Masters,Hard,96,M,2025-07-27,280,144895,,,Corentin Moutet,L,180.0,FRA,26.2,202385,,PR,Jenson Brooksby,R,188.0,USA,24.7,6-2 6-1,3,R128,73.0,1.0,1.0,37.0,18.0,15.0,11.0,7.0,0.0,1.0,2.0,5.0,53.0,30.0,15.0,6.0,8.0,8.0,14.0,46.0,1139.0,102.0,627.0,sackmann_archive_2025
2025-0421,Canada Masters,Hard,96,M,2025-07-27,279,207729,,Q,Tristan Boyer,R,188.0,USA,24.2,206499,,,Aleksandar Kovacevic,R,183.0,USA,26.9,7-5 7-6(3),3,R128,121.0,5.0,3.0,79.0,46.0,38.0,17.0,12.0,2.0,2.0,12.0,9.0,97.0,56.0,41.0,18.0,12.0,6.0,7.0,123.0,480.0,62.0,929.0,sackmann_archive_2025
2025-0421,Canada Masters,Hard,96,M,2025-07-27,278,105807,,,Pablo Carreno Busta,R,188.0,ESP,34.0,208119,,WC,Liam Draxl,R,185.0,CAN,23.6,2-6 6-4 6-4,3,R128,141.0,7.0,4.0,84.0,42.0,32.0,21.0,14.0,4.0,7.0,9.0,8.0,85.0,46.0,34.0,21.0,14.0,3.0,6.0,93.0,662.0,113.0,548.0,sackmann_archive_2025
2025-0421,Canada Masters,Hard,96,M,2025-07-27,277,111456,,,Mackenzie Mcdonald,R,178.0,USA,30.2,105676,,,David Goffin,R,180.0,BEL,34.6,6-4 6-4,3,R128,85.0,6.0,1.0,49.0,31.0,25.0,14.0,10.0,0.0,1.0,6.0,10.0,74.0,36.0,26.0,16.0,10.0,8.0,11.0,96.0,655.0,65.0,914.0,sackmann_archive_2025
2025-0421,Canada Masters,Hard,96,M,2025-07-27,276,209263,,WC,Matteo Gigante,L,180.0,ITA,23.5,106432,,,Borna Coric,R,188.0,CRO,28.7,4-6 6-2 7-6(2),3,R128,156.0,8.0,9.0,94.0,48.0,39.0,23.0,15.0,4.0,8.0,3.0,3.0,90.0,52.0,31.0,21.0,15.0,7.0,12.0,125.0,476.0,92.0,680.0,sackmann_archive_2025
2025-0421,Canada Masters,Hard,96,M,2025-07-27,275,106148,,,Roberto Carballes Baena,R,183.0,ESP,32.3,200116,,,Camilo Ugo Carabelli,R,185.0,ARG,26.1,6-4 4-1 RET,3,R128,77.0,0.0,1.0,36.0,18.0,14.0,12.0,7.0,1.0,2.0,3.0,2.0,60.0,27.0,17.0,14.0,8.0,6.0,10.0,89.0,690.0,47.0,1133.0,sackmann_archive_2025
2025-0422,Cincinnati Masters,Hard,96,M,2025-08-07,369,207989,2.0,,Carlos Alcaraz,R,183.0,ESP,22.2,206173,1.0,,Jannik Sinner,R,191.0,ITA,23.9,5-0 RET,3,F,23.0,1.0,0.0,13.0,6.0,5.0,4.0,2.0,0.0,0.0,1.0,2.0,16.0,8.0,4.0,0.0,3.0,3.0,6.0,2.0,8590.0,1.0,12030.0,sackmann_archive_2025
2025-0422,Cincinnati Masters,Hard,96,M,2025-08-07,368,206173,1.0,,Jannik Sinner,R,191.0,ITA,23.9,209279,,Q,Terence Atmane,L,193.0,FRA,23.5,7-6(4) 6-2,3,SF,86.0,6.0,0.0,60.0,35.0,32.0,17.0,10.0,0.0,0.0,9.0,1.0,58.0,40.0,31.0,8.0,10.0,3.0,5.0,1.0,12030.0,136.0,460.0,sackmann_archive_2025
2025-0422,Cincinnati Masters,Hard,96,M,2025-08-07,367,207989,2.0,,Carlos Alcaraz,R,183.0,ESP,22.2,100644,3.0,,Alexander Zverev,R,198.0,GER,28.2,6-4 6-3,3,SF,105.0,11.0,4.0,51.0,27.0,22.0,15.0,9.0,4.0,5.0,3.0,1.0,61.0,46.0,25.0,7.0,10.0,2.0,6.0,2.0,8590.0,3.0,6380.0,sackmann_archive_2025
2025-0422,Cincinnati Masters,Hard,96,M,2025-08-07,366,206173,1.0,,Jannik Sinner,R,191.0,ITA,23.9,200000,23.0,,Felix Auger Aliassime,R,193.0,CAN,24.9,6-0 6-2,3,QF,71.0,2.0,2.0,39.0,23.0,18.0,10.0,7.0,0.0,1.0,0.0,8.0,45.0,25.0,12.0,4.0,7.0,4.0,10.0,1.0,12030.0,28.0,1825.0,sackmann_archive_2025
2025-0422,Cincinnati Masters,Hard,96,M,2025-08-07,365,209279,,Q,Terence Atmane,L,193.0,FRA,23.5,208029,7.0,,Holger Rune,R,188.0,DEN,22.2,6-2 6-3,3,QF,73.0,7.0,3.0,53.0,33.0,28.0,8.0,9.0,1.0,2.0,4.0,1.0,57.0,33.0,20.0,10.0,8.0,7.0,11.0,136.0,460.0,9.0,3340.0,sackmann_archive_2025
2025-0422,Cincinnati Masters,Hard,96,M,2025-08-07,364,100644,3.0,,Alexander Zverev,R,198.0,GER,28.2,210097,5.0,,Ben Shelton,L,193.0,USA,22.8,6-2 6-2,3,QF,77.0,5.0,2.0,49.0,32.0,26.0,9.0,8.0,1.0,1.0,12.0,2.0,58.0,39.0,26.0,4.0,8.0,7.0,11.0,3.0,6380.0,6.0,4320.0,sackmann_archive_2025
2025-0422,Cincinnati Masters,Hard,96,M,2025-08-07,363,207989,2.0,,Carlos Alcaraz,R,183.0,ESP,22.2,126094,9.0,,Andrey Rublev,R,188.0,RUS,27.7,6-3 4-6 7-5,3,QF,137.0,11.0,4.0,86.0,53.0,40.0,17.0,15.0,0.0,2.0,11.0,8.0,95.0,59.0,43.0,17.0,16.0,2.0,6.0,2.0,8590.0,11.0,3210.0,sackmann_archive_2025
2025-0422,Cincinnati Masters,Hard,96,M,2025-08-07,362,206173,1.0,,Jannik Sinner,R,191.0,ITA,23.9,105173,,Q,Adrian Mannarino,L,180.0,FRA,37.0,6-4 7-6(4),3,R16,108.0,12.0,2.0,62.0,32.0,31.0,17.0,11.0,0.0,1.0,10.0,3.0,83.0,48.0,35.0,17.0,11.0,7.0,9.0,1.0,12030.0,89.0,704.0,sackmann_archive_2025
2025-0422,Cincinnati Masters,Hard,96,M,2025-08-07,361,200000,23.0,,Felix Auger Aliassime,R,193.0,CAN,24.9,126127,,,Benjamin Bonzi,R,183.0,FRA,29.1,6-4 6-3,3,R16,74.0,9.0,3.0,51.0,35.0,31.0,7.0,10.0,1.0,2.0,2.0,1.0,48.0,24.0,15.0,12.0,9.0,0.0,3.0,28.0,1825.0,63.0,907.0,sackmann_archive_2025
2025-0422,Cincinnati Masters,Hard,96,M,2025-08-07,360,209279,,Q,Terence Atmane,L,193.0,FRA,23.5,126203,4.0,,Taylor Fritz,R,196.0,USA,27.7,3-6 7-5 6-3,3,R16,119.0,13.0,5.0,83.0,49.0,40.0,17.0,15.0,3.0,5.0,7.0,2.0,92.0,60.0,46.0,14.0,15.0,3.0,6.0,136.0,460.0,4.0,5525.0,sackmann_archive_2025
2025-0422,Cincinnati Masters,Hard,96,M,2025-08-07,359,208029,7.0,,Holger Rune,R,188.0,DEN,22.2,126207,10.0,,Frances Tiafoe,R,188.0,USA,27.5,6-4 3-1 RET,3,R16,72.0,5.0,4.0,40.0,21.0,19.0,9.0,7.0,1.0,2.0,2.0,1.0,48.0,18.0,10.0,14.0,7.0,2.0,5.0,9.0,3340.0,14.0,2890.0,sackmann_archive_2025
2025-0422,Cincinnati Masters,Hard,96,M,2025-08-07,358,210097,5.0,,Ben Shelton,L,193.0,USA,22.8,208103,22.0,,Jiri Lehecka,R,185.0,CZE,23.7,6-4 6-4,3,R16,81.0,8.0,2.0,51.0,32.0,26.0,12.0,10.0,0.0,1.0,6.0,4.0,63.0,30.0,21.0,16.0,10.0,5.0,8.0,6.0,4320.0,26.0,2065.0,sackmann_archive_2025
2025-0422,Cincinnati Masters,Hard,96,M,2025-08-07,357,100644,3.0,,Alexander Zverev,R,198.0,GER,28.2,111575,14.0,,Karen Khachanov,R,198.0,RUS,29.2,7-5 3-0 RET,3,R16,70.0,5.0,1.0,34.0,25.0,20.0,4.0,7.0,0.0,1.0,1.0,0.0,54.0,32.0,22.0,5.0,8.0,4.0,8.0,3.0,6380.0,12.0,3190.0,sackmann_archive_2025
2025-0422,Cincinnati Masters,Hard,96,M,2025-08-07,356,126094,9.0,,Andrey Rublev,R,188.0,RUS,27.7,207681,,,Francisco Comesana,R,178.0,ARG,24.8,6-2 6-3,3,R16,64.0,8.0,2.0,47.0,32.0,26.0,6.0,8.0,1.0,2.0,11.0,5.0,52.0,28.0,19.0,6.0,9.0,3.0,8.0,11.0,3210.0,71.0,869.0,sackmann_archive_2025
2025-0422,Cincinnati Masters,Hard,96,M,2025-08-07,355,207989,2.0,,Carlos Alcaraz,R,183.0,ESP,22.2,208134,,LL,Luca Nardi,R,185.0,ITA,21.9,6-1 6-4,3,R16,80.0,2.0,3.0,46.0,30.0,25.0,9.0,9.0,1.0,2.0,0.0,8.0,66.0,38.0,24.0,11.0,8.0,7.0,11.0,2.0,8590.0,98.0,655.0,sackmann_archive_2025
2025-0422,Cincinnati Masters,Hard,96,M,2025-08-07,354,206173,1.0,,Jannik Sinner,R,191.0,ITA,23.9,209113,30.0,,Gabriel Diallo,R,203.0,CAN,23.8,6-2 7-6(6),3,R32,112.0,6.0,5.0,62.0,31.0,25.0,20.0,10.0,2.0,3.0,10.0,10.0,84.0,52.0,40.0,5.0,10.0,9.0,12.0,1.0,12030.0,35.0,1367.0,sackmann_archive_2025
2025-0422,Cincinnati Masters,Hard,96,M,2025-08-07,353,105173,,Q,Adrian Mannarino,L,180.0,FRA,37.0,126205,13.0,,Tommy Paul,R,185.0,USA,28.2,5-7 6-3 6-4,3,R32,159.0,5.0,3.0,108.0,59.0,47.0,23.0,16.0,6.0,8.0,8.0,4.0,95.0,48.0,40.0,22.0,15.0,5.0,8.0,89.0,704.0,16.0,2610.0,sackmann_archive_2025
2025-0422,Cincinnati Masters,Hard,96,M,2025-08-07,352,200000,23.0,,Felix Auger Aliassime,R,193.0,CAN,24.9,126239,,,Arthur Rinderknech,R,196.0,FRA,30.0,7-6(4) 4-2 RET,3,R32,121.0,7.0,3.0,50.0,30.0,26.0,13.0,9.0,0.0,1.0,10.0,6.0,81.0,52.0,35.0,13.0,9.0,9.0,11.0,28.0,1825.0,70.0,874.0,sackmann_archive_2025
2025-0422,Cincinnati Masters,Hard,96,M,2025-08-07,351,126127,,,Benjamin Bonzi,R,183.0,FRA,29.1,126774,25.0,,Stefanos Tsitsipas,R,193.0,GRE,26.9,6-7(4) 6-3 6-4,3,R32,159.0,6.0,6.0,103.0,59.0,49.0,21.0,16.0,5.0,6.0,14.0,3.0,108.0,57.0,43.0,25.0,15.0,8.0,11.0,63.0,907.0,29.0,1790.0,sackmann_archive_2025
2025-0422,Cincinnati Masters,Hard,96,M,2025-08-07,350,126203,4.0,,Taylor Fritz,R,196.0,USA,27.7,132283,31.0,,Lorenzo Sonego,R,191.0,ITA,30.2,7-6(4) 7-5,3,R32,127.0,13.0,2.0,66.0,37.0,32.0,21.0,12.0,0.0,0.0,4.0,6.0,83.0,45.0,35.0,21.0,12.0,4.0,5.0,4.0,5525.0,36.0,1321.0,sackmann_archive_2025
2025-0422,Cincinnati Masters,Hard,96,M,2025-08-07,349,209279,,Q,Terence Atmane,L,193.0,FRA,23.5,211663,,,Joao Fonseca,R,185.0,BRA,18.9,6-3 6-4,3,R32,78.0,8.0,3.0,60.0,34.0,27.0,15.0,10.0,1.0,2.0,1.0,0.0,64.0,45.0,28.0,9.0,9.0,10.0,13.0,136.0,460.0,52.0,1045.0,sackmann_archive_2025
2025-0422,Cincinnati Masters,Hard,96,M,2025-08-07,348,126207,10.0,,Frances Tiafoe,R,188.0,USA,27.5,200005,20.0,,Ugo Humbert,L,188.0,FRA,27.1,6-4 6-4,3,R32,83.0,8.0,1.0,59.0,41.0,31.0,8.0,10.0,1.0,2.0,8.0,1.0,66.0,37.0,24.0,14.0,10.0,9.0,12.0,14.0,2890.0,25.0,2085.0,sackmann_archive_2025
2025-0422,Cincinnati Masters,Hard,96,M,2025-08-07,347,208029,7.0,,Holger Rune,R,188.0,DEN,22.2,210506,28.0,,Alex Michelsen,R,193.0,USA,20.9,7-6(4) 6-3,3,R32,93.0,9.0,4.0,67.0,39.0,32.0,14.0,11.0,0.0,1.0,3.0,3.0,62.0,39.0,28.0,12.0,10.0,4.0,6.0,9.0,3340.0,33.0,1655.0,sackmann_archive_2025
2025-0422,Cincinnati Masters,Hard,96,M,2025-08-07,346,210097,5.0,,Ben Shelton,L,193.0,USA,22.8,105138,,,Roberto Bautista Agut,R,183.0,ESP,37.3,7-6(3) 6-3,3,R32,109.0,15.0,2.0,78.0,41.0,30.0,22.0,10.0,8.0,8.0,5.0,3.0,60.0,46.0,36.0,4.0,11.0,0.0,2.0,6.0,4320.0,53.0,1036.0,sackmann_archive_2025
2025-0422,Cincinnati Masters,Hard,96,M,2025-08-07,345,208103,22.0,,Jiri Lehecka,R,185.0,CZE,23.7,200443,,,Adam Walton,R,183.0,AUS,26.2,7-6(5) 7-6(3),3,R32,114.0,17.0,3.0,71.0,40.0,36.0,19.0,12.0,0.0,1.0,5.0,2.0,81.0,49.0,36.0,19.0,12.0,1.0,2.0,26.0,2065.0,85.0,726.0,sackmann_archive_2025
2025-0422,Cincinnati Masters,Hard,96,M,2025-08-07,344,111575,14.0,,Karen Khachanov,R,198.0,RUS,29.2,202385,,WC,Jenson Brooksby,R,188.0,USA,24.7,6-3 6-3,3,R32,84.0,2.0,0.0,58.0,32.0,23.0,16.0,9.0,2.0,3.0,1.0,1.0,52.0,34.0,21.0,7.0,9.0,3.0,7.0,12.0,3190.0,101.0,637.0,sackmann_archive_2025
2025-0422,Cincinnati Masters,Hard,96,M,2025-08-07,343,100644,3.0,,Alexander Zverev,R,198.0,GER,28.2,206909,27.0,,Brandon Nakashima,R,188.0,USA,24.0,6-4 6-4,3,R32,96.0,12.0,2.0,61.0,44.0,33.0,10.0,10.0,4.0,4.0,3.0,0.0,59.0,31.0,23.0,14.0,10.0,2.0,4.0,3.0,6380.0,31.0,1700.0,sackmann_archive_2025
2025-0422,Cincinnati Masters,Hard,96,M,2025-08-07,342,207681,,,Francisco Comesana,R,178.0,ARG,24.8,124187,,,Reilly Opelka,R,211.0,USA,27.9,6-7(4) 6-4 7-5,3,R32,188.0,15.0,6.0,103.0,59.0,45.0,25.0,17.0,3.0,5.0,27.0,10.0,123.0,67.0,57.0,19.0,17.0,9.0,13.0,71.0,869.0,73.0,852.0,sackmann_archive_2025
2025-0422,Cincinnati Masters,Hard,96,M,2025-08-07,341,126094,9.0,,Andrey Rublev,R,188.0,RUS,27.7,200615,21.0,,Alexei Popyrin,R,196.0,AUS,25.9,6-7(5) 7-6(5) 7-5,3,R32,209.0,18.0,9.0,124.0,69.0,54.0,33.0,18.0,5.0,6.0,20.0,5.0,127.0,77.0,57.0,25.0,18.0,6.0,8.0,11.0,3210.0,19.0,2250.0,sackmann_archive_2025
2025-0422,Cincinnati Masters,Hard,96,M,2025-08-07,340,208134,,LL,Luca Nardi,R,185.0,ITA,21.9,210150,16.0,,Jakub Mensik,R,193.0,CZE,19.9,6-2 2-1 RET,3,R32,42.0,3.0,1.0,31.0,16.0,12.0,11.0,5.0,2.0,2.0,5.0,6.0,32.0,18.0,12.0,4.0,6.0,3.0,6.0,98.0,655.0,17.0,2396.0,sackmann_archive_2025
2025-0422,Cincinnati Masters,Hard,96,M,2025-08-07,339,207989,2.0,,Carlos Alcaraz,R,183.0,ESP,22.2,209098,,,Hamad Medjedovic,R,188.0,SRB,22.0,6-4 6-4,3,R32,95.0,12.0,3.0,57.0,33.0,26.0,15.0,10.0,1.0,2.0,9.0,8.0,79.0,47.0,30.0,16.0,10.0,4.0,7.0,2.0,8590.0,72.0,864.0,sackmann_archive_2025
2025-0422,Cincinnati Masters,Hard,96,M,2025-08-07,338,206173,1.0,,Jannik Sinner,R,191.0,ITA,23.9,123755,,Q,Daniel Elahi Galan,R,191.0,COL,29.1,6-1 6-1,3,R64,59.0,6.0,3.0,36.0,23.0,22.0,8.0,7.0,1.0,1.0,5.0,2.0,48.0,26.0,13.0,8.0,7.0,8.0,13.0,1.0,12030.0,144.0,430.0,sackmann_archive_2025
2025-0422,Cincinnati Masters,Hard,96,M,2025-08-07,337,209113,30.0,,Gabriel Diallo,R,203.0,CAN,23.8,202104,,,Sebastian Baez,R,170.0,ARG,24.5,7-5 6-4,3,R64,91.0,9.0,3.0,56.0,32.0,27.0,12.0,11.0,0.0,2.0,0.0,5.0,67.0,44.0,29.0,10.0,11.0,3.0,7.0,35.0,1367.0,43.0,1170.0,sackmann_archive_2025
2025-0422,Cincinnati Masters,Hard,96,M,2025-08-07,336,105173,,Q,Adrian Mannarino,L,180.0,FRA,37.0,207830,19.0,,Tomas Machac,R,183.0,CZE,24.8,6-3 6-3,3,R64,90.0,5.0,0.0,59.0,29.0,24.0,16.0,9.0,3.0,4.0,7.0,7.0,75.0,41.0,21.0,16.0,9.0,7.0,11.0,89.0,704.0,24.0,2110.0,sackmann_archive_2025
2025-0422,Cincinnati Masters,Hard,96,M,2025-08-07,335,126205,13.0,,Tommy Paul,R,185.0,USA,28.2,124079,,,Pedro Martinez,R,185.0,ESP,28.2,6-2 6-2,3,R64,91.0,8.0,2.0,56.0,33.0,25.0,13.0,8.0,6.0,6.0,0.0,4.0,65.0,37.0,19.0,13.0,8.0,6.0,10.0,16.0,2610.0,66.0,890.0,sackmann_archive_2025
2025-0422,Cincinnati Masters,Hard,96,M,2025-08-07,334,126239,,,Arthur Rinderknech,R,196.0,FRA,30.0,134770,11.0,,Casper Ruud,R,183.0,NOR,26.6,6-7(5) 6-4 6-2,3,R64,157.0,13.0,6.0,95.0,63.0,49.0,18.0,15.0,8.0,9.0,8.0,3.0,88.0,49.0,35.0,20.0,15.0,0.0,4.0,70.0,874.0,13.0,2995.0,sackmann_archive_2025
2025-0422,Cincinnati Masters,Hard,96,M,2025-08-07,333,200000,23.0,,Felix Auger Aliassime,R,193.0,CAN,24.9,144869,,,Tomas Martin Etcheverry,R,196.0,ARG,26.0,6-2 7-6(3),3,R64,117.0,14.0,1.0,67.0,53.0,41.0,8.0,10.0,4.0,4.0,2.0,2.0,66.0,35.0,25.0,14.0,10.0,2.0,4.0,28.0,1825.0,58.0,985.0,sackmann_archive_2025
2025-0422,Cincinnati Masters,Hard,96,M,2025-08-07,332,126774,25.0,,Stefanos Tsitsipas,R,193.0,GRE,26.9,206681,,,Fabian Marozsan,R,193.0,HUN,25.8,7-6(3) 6-2,3,R64,83.0,9.0,0.0,63.0,44.0,33.0,12.0,10.0,3.0,3.0,2.0,5.0,65.0,38.0,29.0,11.0,10.0,1.0,3.0,29.0,1790.0,51.0,1045.0,sackmann_archive_2025
2025-0422,Cincinnati Masters,Hard,96,M,2025-08-07,331,126127,,,Benjamin Bonzi,R,183.0,FRA,29.1,207518,8.0,,Lorenzo Musetti,R,185.0,ITA,23.4,5-7 6-4 7-6(4),3,R64,166.0,10.0,4.0,110.0,65.0,43.0,22.0,17.0,9.0,14.0,11.0,5.0,110.0,67.0,46.0,21.0,17.0,3.0,8.0,63.0,907.0,10.0,3235.0,sackmann_archive_2025
2025-0422,Cincinnati Masters,Hard,96,M,2025-08-07,330,126203,4.0,,Taylor Fritz,R,196.0,USA,27.7,207182,,Q,Emilio Nava,R,185.0,USA,23.6,6-4 6-4,3,R64,68.0,12.0,0.0,53.0,32.0,26.0,16.0,10.0,2.0,2.0,9.0,2.0,50.0,32.0,25.0,9.0,10.0,1.0,3.0,4.0,5525.0,105.0,597.0,sackmann_archive_2025
2025-0422,Cincinnati Masters,Hard,96,M,2025-08-07,329,132283,31.0,,Lorenzo Sonego,R,191.0,ITA,30.2,200267,,,Zizou Bergs,R,185.0,BEL,26.1,6-3 7-6(4),3,R64,101.0,5.0,2.0,66.0,43.0,36.0,13.0,11.0,1.0,1.0,5.0,5.0,64.0,31.0,23.0,19.0,10.0,3.0,4.0,36.0,1321.0,54.0,1034.0,sackmann_archive_2025
2025-0422,Cincinnati Masters,Hard,96,M,2025-08-07,328,211663,,,Joao Fonseca,R,185.0,BRA,18.9,200221,17.0,,Alejandro Davidovich Fokina,R,183.0,ESP,26.1,6-7(4) 5-4 RET,3,R64,98.0,7.0,3.0,65.0,42.0,28.0,11.0,10.0,2.0,6.0,7.0,4.0,68.0,32.0,23.0,18.0,11.0,2.0,7.0,52.0,1045.0,18.0,2275.0,sackmann_archive_2025
2025-0422,Cincinnati Masters,Hard,96,M,2025-08-07,327,209279,,Q,Terence Atmane,L,193.0,FRA,23.5,207925,15.0,,Flavio Cobolli,R,183.0,ITA,23.2,6-4 3-6 7-6(5),3,R64,134.0,9.0,5.0,106.0,61.0,46.0,22.0,15.0,8.0,10.0,7.0,6.0,94.0,49.0,40.0,27.0,16.0,3.0,5.0,136.0,460.0,22.0,2155.0,sackmann_archive_2025
2025-0422,Cincinnati Masters,Hard,96,M,2025-08-07,326,126207,10.0,,Frances Tiafoe,R,188.0,USA,27.5,106148,,,Roberto Carballes Baena,R,183.0,ESP,32.3,6-4 6-3,3,R64,90.0,7.0,3.0,54.0,24.0,18.0,14.0,9.0,1.0,4.0,10.0,4.0,74.0,39.0,25.0,12.0,10.0,11.0,17.0,14.0,2890.0,87.0,720.0,sackmann_archive_2025
2025-0422,Cincinnati Masters,Hard,96,M,2025-08-07,325,200005,20.0,,Ugo Humbert,L,188.0,FRA,27.1,209409,,Q,Coleman Wong,R,191.0,HKG,21.1,6-3 6-4,3,R64,67.0,10.0,1.0,57.0,37.0,32.0,10.0,10.0,1.0,1.0,6.0,1.0,45.0,32.0,25.0,7.0,9.0,2.0,4.0,25.0,2085.0,177.0,307.0,sackmann_archive_2025
2025-0422,Cincinnati Masters,Hard,96,M,2025-08-07,324,210506,28.0,,Alex Michelsen,R,193.0,USA,20.9,144895,,,Corentin Moutet,L,180.0,FRA,26.2,3-6 6-3 6-4,3,R64,146.0,2.0,4.0,87.0,46.0,37.0,18.0,14.0,3.0,6.0,8.0,4.0,92.0,55.0,36.0,17.0,14.0,9.0,13.0,33.0,1655.0,44.0,1156.0,sackmann_archive_2025
2025-0422,Cincinnati Masters,Hard,96,M,2025-08-07,323,208029,7.0,,Holger Rune,R,188.0,DEN,22.2,126128,,,Roman Safiullin,R,185.0,RUS,27.9,7-5 7-6(5),3,R64,118.0,4.0,4.0,84.0,47.0,32.0,23.0,12.0,2.0,4.0,2.0,4.0,70.0,38.0,24.0,21.0,12.0,2.0,5.0,9.0,3340.0,80.0,761.0,sackmann_archive_2025
2025-0422,Cincinnati Masters,Hard,96,M,2025-08-07,322,210097,5.0,,Ben Shelton,L,193.0,USA,22.8,200116,,,Camilo Ugo Carabelli,R,185.0,ARG,26.1,6-3 3-1 RET,3,R64,63.0,4.0,3.0,44.0,31.0,26.0,6.0,7.0,1.0,1.0,0.0,3.0,38.0,19.0,15.0,8.0,6.0,3.0,5.0,6.0,4320.0,47.0,1118.0,sackmann_archive_2025
2025-0422,Cincinnati Masters,Hard,96,M,2025-08-07,321,105138,,,Roberto Bautista Agut,R,183.0,ESP,37.3,111815,32.0,,Cameron Norrie,L,188.0,GBR,29.9,6-4 6-3,3,R64,111.0,9.0,2.0,74.0,50.0,39.0,9.0,10.0,6.0,7.0,6.0,6.0,64.0,38.0,28.0,10.0,9.0,8.0,11.0,53.0,1036.0,39.0,1277.0,sackmann_archive_2025
2025-0422,Cincinnati Masters,Hard,96,M,2025-08-07,320,208103,22.0,,Jiri Lehecka,R,185.0,CZE,23.7,207729,,WC,Tristan Boyer,R,188.0,USA,24.2,4-6 6-1 6-4,3,R64,113.0,9.0,5.0,71.0,46.0,40.0,14.0,14.0,2.0,3.0,4.0,1.0,77.0,48.0,36.0,13.0,13.0,0.0,3.0,26.0,2065.0,116.0,530.0,sackmann_archive_2025
2025-0422,Cincinnati Masters,Hard,96,M,2025-08-07,319,200443,,,Adam Walton,R,183.0,AUS,26.2,106421,12.0,,Daniil Medvedev,R,198.0,RUS,29.4,6-7(0) 6-4 6-1,3,R64,141.0,5.0,2.0,106.0,65.0,50.0,18.0,15.0,5.0,6.0,18.0,7.0,81.0,48.0,40.0,11.0,14.0,2.0,6.0,85.0,726.0,15.0,2760.0,sackmann_archive_2025
2025-0422,Cincinnati Masters,Hard,96,M,2025-08-07,318,111575,14.0,,Karen Khachanov,R,198.0,RUS,29.2,208316,,Q,Valentin Royer,R,188.0,FRA,24.1,6-4 7-6(6),3,R64,110.0,7.0,0.0,63.0,41.0,30.0,13.0,11.0,1.0,3.0,6.0,2.0,92.0,60.0,41.0,12.0,11.0,8.0,11.0,12.0,3190.0,104.0,601.0,sackmann_archive_2025
2025-0422,Cincinnati Masters,Hard,96,M,2025-08-07,317,202385,,WC,Jenson Brooksby,R,188.0,USA,24.7,209070,,LL,Arthur Cazaux,R,183.0,FRA,22.9,7-5 6-1,3,R64,113.0,3.0,1.0,65.0,42.0,34.0,13.0,10.0,6.0,6.0,5.0,3.0,81.0,42.0,33.0,13.0,9.0,6.0,9.0,101.0,637.0,76.0,800.0,sackmann_archive_2025
2025-0422,Cincinnati Masters,Hard,96,M,2025-08-07,316,206909,27.0,,Brandon Nakashima,R,188.0,USA,24.0,210696,,Q,Alexander Blockx,R,191.0,BEL,20.3,4-6 6-3 7-6(5),3,R64,143.0,6.0,3.0,107.0,73.0,50.0,20.0,16.0,11.0,15.0,7.0,3.0,100.0,61.0,43.0,20.0,15.0,12.0,16.0,31.0,1700.0,119.0,514.0,sackmann_archive_2025
2025-0422,Cincinnati Masters,Hard,96,M,2025-08-07,315,100644,3.0,,Alexander Zverev,R,198.0,GER,28.2,210460,,WC,Nishesh Basavareddy,R,180.0,USA,20.2,6-3 6-3,3,R64,66.0,12.0,1.0,50.0,41.0,32.0,4.0,9.0,0.0,0.0,1.0,4.0,51.0,26.0,18.0,12.0,9.0,0.0,3.0,3.0,6380.0,109.0,585.0,sackmann_archive_2025
2025-0422,Cincinnati Masters,Hard,96,M,2025-08-07,314,124187,,,Reilly Opelka,R,211.0,USA,27.9,200282,6.0,,Alex De Minaur,R,183.0,AUS,26.4,7-6(6) 6-4,3,R64,99.0,14.0,5.0,76.0,41.0,31.0,24.0,11.0,7.0,7.0,2.0,0.0,69.0,49.0,37.0,12.0,11.0,0.0,1.0,73.0,852.0,8.0,3480.0,sackmann_archive_2025
2025-0422,Cincinnati Masters,Hard,96,M,2025-08-07,313,207681,,,Francisco Comesana,R,178.0,ARG,24.8,209260,29.0,,Luciano Darderi,R,183.0,ITA,23.4,6-4 3-1 RET,3,R64,52.0,14.0,2.0,33.0,22.0,22.0,6.0,7.0,0.0,0.0,3.0,10.0,43.0,12.0,9.0,15.0,7.0,0.0,2.0,71.0,869.0,34.0,1404.0,sackmann_archive_2025
2025-0422,Cincinnati Masters,Hard,96,M,2025-08-07,312,200615,21.0,,Alexei Popyrin,R,196.0,AUS,25.9,212021,,Q,Martin Landaluce,R,191.0,ESP,19.5,7-6(3) 6-3,3,R64,137.0,15.0,7.0,99.0,51.0,37.0,25.0,11.0,13.0,14.0,7.0,7.0,67.0,43.0,31.0,9.0,10.0,5.0,7.0,19.0,2250.0,142.0,440.0,sackmann_archive_2025
2025-0422,Cincinnati Masters,Hard,96,M,2025-08-07,311,126094,9.0,,Andrey Rublev,R,188.0,RUS,27.7,210530,,,Learner Tien,L,180.0,USA,19.6,7-6(4) 6-3,3,R64,104.0,12.0,0.0,67.0,40.0,34.0,15.0,11.0,3.0,4.0,4.0,8.0,74.0,37.0,27.0,17.0,10.0,4.0,6.0,11.0,3210.0,55.0,1028.0,sackmann_archive_2025
2025-0422,Cincinnati Masters,Hard,96,M,2025-08-07,310,210150,16.0,,Jakub Mensik,R,193.0,CZE,19.9,210319,,,Ethan Quinn,R,191.0,USA,21.3,6-4 6-2,3,R64,72.0,10.0,1.0,58.0,28.0,23.0,17.0,9.0,0.0,0.0,2.0,4.0,50.0,26.0,18.0,11.0,9.0,0.0,3.0,17.0,2396.0,82.0,749.0,sackmann_archive_2025
2025-0422,Cincinnati Masters,Hard,96,M,2025-08-07,309,208134,,LL,Luca Nardi,R,185.0,ITA,21.9,133430,24.0,,Denis Shapovalov,L,185.0,CAN,26.3,6-7(5) 6-3 6-4,3,R64,148.0,3.0,3.0,101.0,64.0,48.0,21.0,16.0,5.0,6.0,4.0,8.0,103.0,69.0,48.0,16.0,15.0,7.0,10.0,98.0,655.0,30.0,1746.0,sackmann_archive_2025
2025-0422,Cincinnati Masters,Hard,96,M,2025-08-07,308,209098,,,Hamad Medjedovic,R,188.0,SRB,22.0,134868,26.0,,Tallon Griekspoor,R,188.0,NED,29.0,6-4 7-6(3),3,R64,100.0,14.0,3.0,72.0,43.0,36.0,17.0,11.0,5.0,6.0,13.0,7.0,72.0,44.0,36.0,11.0,11.0,5.0,7.0,72.0,864.0,32.0,1675.0,sackmann_archive_2025
2025-0422,Cincinnati Masters,Hard,96,M,2025-08-07,307,207989,2.0,,Carlos Alcaraz,R,183.0,ESP,22.2,106000,,,Damir Dzumhur,R,175.0,BIH,33.2,6-1 2-6 6-3,3,R64,101.0,7.0,6.0,73.0,44.0,30.0,15.0,12.0,0.0,3.0,2.0,1.0,83.0,58.0,32.0,13.0,12.0,5.0,10.0,2.0,8590.0,56.0,1028.0,sackmann_archive_2025
2025-0422,Cincinnati Masters,Hard,96,M,2025-08-07,306,123755,,Q,Daniel Elahi Galan,R,191.0,COL,29.1,200240,,,Vit Kopriva,R,178.0,CZE,28.1,6-2 6-4,3,R128,99.0,6.0,5.0,64.0,34.0,27.0,12.0,9.0,4.0,6.0,1.0,6.0,67.0,35.0,18.0,14.0,9.0,6.0,11.0,144.0,430.0,81.0,760.0,sackmann_archive_2025
2025-0422,Cincinnati Masters,Hard,96,M,2025-08-07,305,202104,,,Sebastian Baez,R,170.0,ARG,24.5,105676,,,David Goffin,R,180.0,BEL,34.6,6-1 6-3,3,R128,76.0,2.0,2.0,59.0,37.0,29.0,12.0,8.0,4.0,4.0,3.0,3.0,61.0,35.0,19.0,12.0,8.0,4.0,8.0,43.0,1170.0,64.0,899.0,sackmann_archive_2025
2025-0422,Cincinnati Masters,Hard,96,M,2025-08-07,304,105173,,Q,Adrian Mannarino,L,180.0,FRA,37.0,111442,,,Jordan Thompson,R,183.0,AUS,31.2,6-2 6-2,3,R128,88.0,5.0,1.0,45.0,27.0,23.0,11.0,8.0,1.0,1.0,4.0,1.0,68.0,36.0,21.0,13.0,8.0,4.0,8.0,89.0,704.0,50.0,1085.0,sackmann_archive_2025
2025-0422,Cincinnati Masters,Hard,96,M,2025-08-07,303,124079,,,Pedro Martinez,R,185.0,ESP,28.2,111797,,WC,Nicolas Jarry,R,201.0,CHI,29.8,1-6 6-4 6-3,3,R128,152.0,3.0,6.0,94.0,56.0,34.0,21.0,13.0,7.0,10.0,15.0,5.0,73.0,47.0,35.0,13.0,13.0,3.0,6.0,66.0,890.0,100.0,638.0,sackmann_archive_2025
2025-0422,Cincinnati Masters,Hard,96,M,2025-08-07,302,126239,,,Arthur Rinderknech,R,196.0,FRA,30.0,132686,,,Nuno Borges,R,185.0,POR,28.4,6-3 6-3,3,R128,84.0,6.0,3.0,55.0,33.0,28.0,12.0,9.0,2.0,2.0,2.0,4.0,58.0,33.0,22.0,14.0,9.0,2.0,5.0,70.0,874.0,38.0,1290.0,sackmann_archive_2025
2025-0422,Cincinnati Masters,Hard,96,M,2025-08-07,301,144869,,,Tomas Martin Etcheverry,R,196.0,ARG,26.0,209992,,,Juncheng Shang,L,180.0,CHN,20.5,6-7(5) 7-6(4) 6-4,3,R128,219.0,16.0,2.0,120.0,66.0,47.0,32.0,17.0,5.0,7.0,5.0,3.0,114.0,73.0,56.0,18.0,17.0,3.0,6.0,58.0,985.0,110.0,565.0,sackmann_archive_2025
2025-0422,Cincinnati Masters,Hard,96,M,2025-08-07,300,206681,,,Fabian Marozsan,R,193.0,HUN,25.8,212256,,Q,Colton Smith,U,,USA,22.4,6-1 4-6 6-4,3,R128,132.0,4.0,5.0,94.0,60.0,46.0,16.0,14.0,6.0,7.0,3.0,7.0,95.0,57.0,42.0,15.0,13.0,8.0,11.0,51.0,1045.0,138.0,453.0,sackmann_archive_2025
2025-0422,Cincinnati Masters,Hard,96,M,2025-08-07,299,126127,,,Benjamin Bonzi,R,183.0,FRA,29.1,208286,,,Matteo Arnaldi,R,185.0,ITA,24.4,6-7(1) 6-3 6-4,3,R128,177.0,5.0,2.0,128.0,72.0,53.0,31.0,16.0,10.0,10.0,4.0,6.0,95.0,48.0,35.0,28.0,15.0,4.0,6.0,63.0,907.0,37.0,1315.0,sackmann_archive_2025
2025-0422,Cincinnati Masters,Hard,96,M,2025-08-07,298,207182,,Q,Emilio Nava,R,185.0,USA,23.6,106432,,,Borna Coric,R,188.0,CRO,28.7,6-3 7-5,3,R128,98.0,10.0,0.0,54.0,38.0,30.0,14.0,11.0,0.0,0.0,5.0,5.0,72.0,32.0,23.0,20.0,10.0,6.0,8.0,105.0,597.0,90.0,690.0,sackmann_archive_2025
2025-0422,Cincinnati Masters,Hard,96,M,2025-08-07,297,200267,,,Zizou Bergs,R,185.0,BEL,26.1,207985,,,Jacob Fearnley,R,183.0,GBR,24.0,6-1 6-4,3,R128,80.0,8.0,6.0,56.0,29.0,25.0,12.0,9.0,1.0,2.0,2.0,6.0,51.0,31.0,20.0,6.0,8.0,5.0,9.0,54.0,1034.0,57.0,1004.0,sackmann_archive_2025
2025-0422,Cincinnati Masters,Hard,96,M,2025-08-07,296,211663,,,Joao Fonseca,R,185.0,BRA,18.9,207352,,,Bu Yunchaokete,R,185.0,CHN,23.5,4-6 6-2 7-5,3,R128,139.0,13.0,5.0,86.0,59.0,45.0,14.0,15.0,3.0,5.0,8.0,4.0,93.0,39.0,29.0,25.0,15.0,4.0,8.0,52.0,1045.0,75.0,813.0,sackmann_archive_2025
2025-0422,Cincinnati Masters,Hard,96,M,2025-08-07,295,209279,,Q,Terence Atmane,L,193.0,FRA,23.5,106415,,,Yoshihito Nishioka,L,170.0,JPN,29.8,6-2 6-2,3,R128,80.0,7.0,2.0,44.0,28.0,23.0,8.0,8.0,2.0,3.0,2.0,5.0,81.0,51.0,29.0,9.0,8.0,14.0,19.0,136.0,460.0,130.0,469.0,sackmann_archive_2025
2025-0422,Cincinnati Masters,Hard,96,M,2025-08-07,294,106148,,,Roberto Carballes Baena,R,183.0,ESP,32.3,200384,,,Hugo Gaston,L,173.0,FRA,24.8,6-4 5-7 6-3,3,R128,154.0,1.0,4.0,100.0,57.0,41.0,24.0,16.0,6.0,9.0,3.0,2.0,79.0,52.0,36.0,14.0,15.0,2.0,6.0,87.0,720.0,123.0,503.0,sackmann_archive_2025
2025-0422,Cincinnati Masters,Hard,96,M,2025-08-07,293,209409,,Q,Coleman Wong,R,191.0,HKG,21.1,208659,,,Giovanni Mpetshi Perricard,R,203.0,FRA,22.0,6-3 6-2,3,R128,55.0,6.0,1.0,46.0,34.0,28.0,8.0,9.0,0.0,0.0,7.0,5.0,42.0,22.0,20.0,6.0,8.0,4.0,7.0,177.0,307.0,42.0,1185.0,sackmann_archive_2025
2025-0422,Cincinnati Masters,Hard,96,M,2025-08-07,292,144895,,,Corentin Moutet,L,180.0,FRA,26.2,111456,,,Mackenzie Mcdonald,R,178.0,USA,30.3,7-5 6-3,3,R128,91.0,8.0,4.0,70.0,39.0,28.0,17.0,11.0,5.0,7.0,3.0,0.0,52.0,35.0,21.0,10.0,10.0,1.0,5.0,44.0,1156.0,95.0,669.0,sackmann_archive_2025
2025-0422,Cincinnati Masters,Hard,96,M,2025-08-07,291,126128,,,Roman Safiullin,R,185.0,RUS,27.9,126214,,,Alejandro Tabilo,L,188.0,CHI,28.1,6-3 6-3,3,R128,68.0,11.0,3.0,47.0,29.0,25.0,12.0,9.0,0.0,0.0,6.0,1.0,50.0,30.0,23.0,9.0,9.0,2.0,5.0,80.0,761.0,103.0,605.0,sackmann_archive_2025
2025-0422,Cincinnati Masters,Hard,96,M,2025-08-07,290,200116,,,Camilo Ugo Carabelli,R,185.0,ARG,26.1,105453,,,Kei Nishikori,R,178.0,JPN,35.5,7-5 6-3,3,R128,97.0,4.0,3.0,67.0,37.0,30.0,15.0,11.0,2.0,3.0,2.0,4.0,73.0,44.0,28.0,13.0,10.0,5.0,8.0,47.0,1118.0,65.0,893.0,sackmann_archive_2025
2025-0422,Cincinnati Masters,Hard,96,M,2025-08-07,289,105138,,,Roberto Bautista Agut,R,183.0,ESP,37.3,127157,,,Daniel Altmaier,R,188.0,GER,26.8,7-6(5) 7-6(1),3,R128,119.0,5.0,5.0,76.0,50.0,40.0,13.0,12.0,1.0,3.0,13.0,4.0,87.0,53.0,40.0,15.0,12.0,5.0,7.0,53.0,1036.0,60.0,967.0,sackmann_archive_2025
2025-0422,Cincinnati Masters,Hard,96,M,2025-08-07,288,207729,,WC,Tristan Boyer,R,188.0,USA,24.2,200587,,WC,Brandon Holt,R,185.0,USA,27.3,6-3 7-6(3),3,R128,110.0,8.0,0.0,70.0,48.0,37.0,11.0,11.0,3.0,4.0,5.0,1.0,80.0,50.0,32.0,16.0,10.0,7.0,9.0,116.0,530.0,106.0,594.0,sackmann_archive_2025
2025-0422,Cincinnati Masters,Hard,96,M,2025-08-07,287,200443,,,Adam Walton,R,183.0,AUS,26.2,208363,,LL,Mariano Navone,R,178.0,ARG,24.4,4-6 7-6(3) 6-1,3,R128,159.0,1.0,4.0,96.0,46.0,34.0,28.0,14.0,6.0,9.0,7.0,9.0,106.0,51.0,34.0,25.0,15.0,6.0,11.0,85.0,726.0,78.0,785.0,sackmann_archive_2025
2025-0422,Cincinnati Masters,Hard,96,M,2025-08-07,286,208316,,Q,Valentin Royer,R,188.0,FRA,24.1,124116,,PR,Sebastian Ofner,R,191.0,AUT,29.2,5-7 6-3 6-3,3,R128,105.0,9.0,1.0,81.0,50.0,40.0,20.0,15.0,2.0,3.0,16.0,9.0,90.0,40.0,34.0,25.0,15.0,6.0,9.0,104.0,601.0,141.0,443.0,sackmann_archive_2025
2025-0422,Cincinnati Masters,Hard,96,M,2025-08-07,285,202385,,WC,Jenson Brooksby,R,188.0,USA,24.7,124186,,,Alexandre Muller,R,183.0,FRA,28.5,7-6(2) 5-7 6-1,3,R128,159.0,7.0,3.0,111.0,63.0,44.0,27.0,16.0,8.0,11.0,7.0,9.0,95.0,57.0,39.0,18.0,15.0,5.0,9.0,101.0,637.0,41.0,1196.0,sackmann_archive_2025
2025-0422,Cincinnati Masters,Hard,96,M,2025-08-07,284,210696,,Q,Alexander Blockx,R,191.0,BEL,20.3,106218,,,Marcos Giron,R,180.0,USA,32.0,6-2 3-6 6-3,3,R128,111.0,8.0,2.0,72.0,47.0,37.0,15.0,13.0,0.0,1.0,1.0,1.0,82.0,43.0,29.0,21.0,13.0,4.0,7.0,119.0,514.0,61.0,960.0,sackmann_archive_2025
2025-0422,Cincinnati Masters,Hard,96,M,2025-08-07,283,210460,,WC,Nishesh Basavareddy,R,180.0,USA,20.2,126846,,LL,Aleksandar Vukic,R,188.0,AUS,29.3,7-6(5) 7-5,3,R128,100.0,10.0,4.0,74.0,47.0,30.0,19.0,12.0,1.0,3.0,13.0,2.0,82.0,42.0,32.0,18.0,12.0,3.0,6.0,109.0,585.0,94.0,679.0,sackmann_archive_2025
2025-0422,Cincinnati Masters,Hard,96,M,2025-08-07,282,124187,,,Reilly Opelka,R,211.0,USA,27.9,106198,,,Hugo Dellien,R,180.0,BOL,32.1,7-5 7-6(3),3,R128,100.0,15.0,2.0,72.0,35.0,27.0,29.0,12.0,5.0,5.0,2.0,3.0,74.0,52.0,38.0,12.0,12.0,2.0,3.0,73.0,852.0,108.0,589.0,sackmann_archive_2025
2025-0422,Cincinnati Masters,Hard,96,M,2025-08-07,281,207681,,,Francisco Comesana,R,178.0,ARG,24.8,144719,,,Jaume Munar,R,183.0,ESP,28.2,6-4 6-4,3,R128,105.0,6.0,2.0,68.0,36.0,29.0,15.0,10.0,9.0,10.0,2.0,0.0,56.0,38.0,25.0,10.0,10.0,2.0,5.0,71.0,869.0,48.0,1107.0,sackmann_archive_2025
2025-0422,Cincinnati Masters,Hard,96,M,2025-08-07,280,212021,,Q,Martin Landaluce,R,191.0,ESP,19.5,200516,,Q,Patrick Kypson,R,188.0,USA,25.7,3-6 6-3 6-2,3,R128,140.0,8.0,5.0,82.0,47.0,39.0,18.0,13.0,4.0,6.0,10.0,5.0,90.0,56.0,39.0,14.0,13.0,5.0,9.0,142.0,440.0,212.0,258.0,sackmann_archive_2025
2025-0422,Cincinnati Masters,Hard,96,M,2025-08-07,279,210530,,,Learner Tien,L,180.0,USA,19.6,209857,,Q,Leandro Riedi,R,191.0,SUI,23.5,6-3 6-4,3,R128,78.0,5.0,5.0,67.0,43.0,34.0,13.0,10.0,6.0,6.0,7.0,3.0,52.0,25.0,21.0,14.0,9.0,4.0,6.0,55.0,1028.0,522.0,74.0,sackmann_archive_2025
2025-0422,Cincinnati Masters,Hard,96,M,2025-08-07,278,210319,,,Ethan Quinn,R,191.0,USA,21.3,200175,,,Miomir Kecmanovic,R,183.0,SRB,25.9,7-6(5) 6-4,3,R128,98.0,7.0,5.0,65.0,33.0,30.0,15.0,11.0,3.0,5.0,3.0,3.0,75.0,42.0,27.0,19.0,11.0,1.0,4.0,82.0,749.0,49.0,1086.0,sackmann_archive_2025
2025-0422,Cincinnati Masters,Hard,96,M,2025-08-07,277,208134,,LL,Luca Nardi,R,185.0,ITA,21.9,202058,,Q,Thiago Agustin Tirante,R,185.0,ARG,24.3,6-4 7-6(5),3,R128,117.0,4.0,6.0,72.0,46.0,32.0,15.0,11.0,2.0,5.0,5.0,8.0,75.0,32.0,23.0,20.0,11.0,6.0,10.0,98.0,655.0,135.0,461.0,sackmann_archive_2025
2025-0422,Cincinnati Masters,Hard,96,M,2025-08-07,276,209098,,,Hamad Medjedovic,R,188.0,SRB,22.0,206499,,,Aleksandar Kovacevic,R,183.0,USA,26.9,6-2 6-3,3,R128,62.0,15.0,0.0,35.0,22.0,20.0,12.0,8.0,0.0,0.0,4.0,5.0,54.0,27.0,20.0,9.0,9.0,1.0,5.0,72.0,864.0,67.0,889.0,sackmann_archive_2025
2025-0422,Cincinnati Masters,Hard,96,M,2025-08-07,275,106000,,,Damir Dzumhur,R,175.0,BIH,33.2,208233,,,Mattia Bellucci,L,175.0,ITA,24.1,7-6(7) 7-6(5),3,R128,143.0,1.0,4.0,102.0,69.0,48.0,15.0,12.0,8.0,11.0,5.0,6.0,100.0,66.0,44.0,13.0,12.0,4.0,7.0,56.0,1028.0,74.0,840.0,sackmann_archive_2025
2025-6242,Winston-Salem,Hard,48,A,2025-08-17,385,105916,,,Marton Fucsovics,R,188.0,HUN,33.5,122298,,,Botic Van De Zandschulp,R,191.0,NED,29.8,6-3 7-6(3),3,F,111.0,4.0,3.0,72.0,43.0,31.0,15.0,11.0,2.0,5.0,2.0,3.0,72.0,41.0,30.0,9.0,10.0,3.0,7.0,94.0,679.0,92.0,684.0,sackmann_archive_2025
2025-6242,Winston-Salem,Hard,48,A,2025-08-17,384,122298,,,Botic Van De Zandschulp,R,191.0,NED,29.8,208659,9.0,,Giovanni Mpetshi Perricard,R,203.0,FRA,22.1,6-4 7-5,3,SF,96.0,6.0,3.0,62.0,35.0,28.0,16.0,11.0,1.0,2.0,7.0,2.0,64.0,45.0,32.0,7.0,11.0,3.0,6.0,92.0,684.0,39.0,1185.0,sackmann_archive_2025
2025-6242,Winston-Salem,Hard,48,A,2025-08-17,383,105916,,,Marton Fucsovics,R,188.0,HUN,33.5,200624,11.0,,Sebastian Korda,R,196.0,USA,25.1,W/O,3,SF,,0.0,0.0,0.0,0.0,0.0,0.0,0.0,0.0,0.0,0.0,0.0,0.0,0.0,0.0,0.0,0.0,0.0,0.0,94.0,679.0,86.0,735.0,sackmann_archive_2025
2025-6242,Winston-Salem,Hard,48,A,2025-08-17,382,122298,,,Botic Van De Zandschulp,R,191.0,NED,29.8,207352,,,Bu Yunchaokete,R,185.0,CHN,23.5,6-3 5-7 6-3,3,QF,158.0,7.0,4.0,88.0,59.0,43.0,15.0,15.0,5.0,8.0,3.0,1.0,106.0,53.0,30.0,30.0,15.0,7.0,12.0,92.0,684.0,76.0,801.0,sackmann_archive_2025
2025-6242,Winston-Salem,Hard,48,A,2025-08-17,381,208659,9.0,,Giovanni Mpetshi Perricard,R,203.0,FRA,22.1,209098,,,Hamad Medjedovic,R,188.0,SRB,22.0,7-6(8) 6-2,3,QF,88.0,15.0,0.0,63.0,41.0,34.0,14.0,10.0,1.0,1.0,13.0,4.0,64.0,44.0,32.0,10.0,10.0,2.0,4.0,39.0,1185.0,65.0,907.0,sackmann_archive_2025
2025-6242,Winston-Salem,Hard,48,A,2025-08-17,380,200624,11.0,,Sebastian Korda,R,196.0,USA,25.1,200175,13.0,,Miomir Kecmanovic,R,183.0,SRB,25.9,6-1 6-4,3,QF,68.0,14.0,1.0,60.0,38.0,30.0,9.0,9.0,2.0,3.0,3.0,4.0,51.0,29.0,18.0,9.0,8.0,2.0,6.0,86.0,735.0,45.0,1086.0,sackmann_archive_2025
2025-6242,Winston-Salem,Hard,48,A,2025-08-17,379,105916,,,Marton Fucsovics,R,188.0,HUN,33.5,144719,12.0,,Jaume Munar,R,183.0,ESP,28.2,7-5 6-3,3,QF,100.0,2.0,1.0,52.0,35.0,27.0,5.0,10.0,1.0,4.0,5.0,1.0,63.0,38.0,22.0,9.0,11.0,3.0,9.0,94.0,679.0,46.0,1077.0,sackmann_archive_2025
2025-6242,Winston-Salem,Hard,48,A,2025-08-17,378,207352,,,Bu Yunchaokete,R,185.0,CHN,23.5,208363,,,Mariano Navone,R,178.0,ARG,24.4,6-4 6-4,3,R16,100.0,0.0,3.0,65.0,34.0,26.0,15.0,10.0,6.0,7.0,3.0,4.0,60.0,39.0,27.0,9.0,10.0,6.0,9.0,76.0,801.0,74.0,810.0,sackmann_archive_2025
2025-6242,Winston-Salem,Hard,48,A,2025-08-17,377,122298,,,Botic Van De Zandschulp,R,191.0,NED,29.8,202104,10.0,,Sebastian Baez,R,170.0,ARG,24.6,0-6 6-1 6-4,3,R16,109.0,6.0,4.0,65.0,37.0,25.0,13.0,11.0,7.0,11.0,2.0,1.0,69.0,52.0,33.0,7.0,12.0,2.0,7.0,92.0,684.0,40.0,1160.0,sackmann_archive_2025
2025-6242,Winston-Salem,Hard,48,A,2025-08-17,376,209098,,,Hamad Medjedovic,R,188.0,SRB,22.0,209113,4.0,,Gabriel Diallo,R,203.0,CAN,23.8,6-4 6-2,3,R16,83.0,8.0,2.0,51.0,32.0,24.0,14.0,9.0,1.0,1.0,8.0,0.0,59.0,41.0,24.0,9.0,9.0,1.0,4.0,65.0,907.0,33.0,1388.0,sackmann_archive_2025
2025-6242,Winston-Salem,Hard,48,A,2025-08-17,375,208659,9.0,,Giovanni Mpetshi Perricard,R,203.0,FRA,22.1,124186,8.0,,Alexandre Muller,R,183.0,FRA,28.5,6-3 6-2,3,R16,62.0,8.0,1.0,49.0,37.0,28.0,8.0,9.0,0.0,0.0,4.0,2.0,53.0,40.0,25.0,6.0,8.0,3.0,6.0,39.0,1185.0,38.0,1193.0,sackmann_archive_2025
2025-6242,Winston-Salem,Hard,48,A,2025-08-17,374,200624,11.0,,Sebastian Korda,R,196.0,USA,25.1,111794,,,Kamil Majchrzak,R,180.0,POL,29.5,6-7(3) 6-3 6-4,3,R16,128.0,19.0,2.0,102.0,56.0,46.0,27.0,16.0,6.0,6.0,10.0,2.0,85.0,51.0,41.0,18.0,15.0,3.0,5.0,86.0,735.0,78.0,794.0,sackmann_archive_2025
2025-6242,Winston-Salem,Hard,48,A,2025-08-17,373,200175,13.0,,Miomir Kecmanovic,R,183.0,SRB,25.9,209260,3.0,,Luciano Darderi,R,183.0,ITA,23.5,6-3 6-1,3,R16,58.0,5.0,1.0,41.0,25.0,23.0,6.0,8.0,0.0,1.0,2.0,6.0,50.0,27.0,16.0,8.0,8.0,2.0,7.0,45.0,1086.0,34.0,1364.0,sackmann_archive_2025
2025-6242,Winston-Salem,Hard,48,A,2025-08-17,372,144719,12.0,,Jaume Munar,R,183.0,ESP,28.2,132283,5.0,,Lorenzo Sonego,R,191.0,ITA,30.2,4-6 6-4 6-1,3,R16,141.0,5.0,1.0,78.0,48.0,36.0,17.0,14.0,4.0,7.0,4.0,1.0,81.0,51.0,31.0,16.0,13.0,7.0,12.0,46.0,1077.0,35.0,1315.0,sackmann_archive_2025
2025-6242,Winston-Salem,Hard,48,A,2025-08-17,371,105916,,,Marton Fucsovics,R,188.0,HUN,33.5,105138,14.0,,Roberto Bautista Agut,R,183.0,ESP,37.3,6-4 6-3,3,R16,93.0,0.0,1.0,50.0,28.0,25.0,13.0,9.0,1.0,1.0,2.0,3.0,59.0,35.0,22.0,14.0,10.0,1.0,4.0,94.0,679.0,47.0,1060.0,sackmann_archive_2025
2025-6242,Winston-Salem,Hard,48,A,2025-08-17,370,207352,,,Bu Yunchaokete,R,185.0,CHN,23.5,126774,1.0,,Stefanos Tsitsipas,R,193.0,GRE,27.0,6-3 6-2,3,R32,88.0,3.0,2.0,61.0,35.0,23.0,14.0,9.0,5.0,7.0,4.0,4.0,56.0,33.0,21.0,6.0,8.0,9.0,14.0,76.0,801.0,28.0,1790.0,sackmann_archive_2025
2025-6242,Winston-Salem,Hard,48,A,2025-08-17,369,208363,,,Mariano Navone,R,178.0,ARG,24.4,106218,16.0,WC,Marcos Giron,R,180.0,USA,32.0,6-2 6-2,3,R32,84.0,2.0,4.0,54.0,27.0,20.0,15.0,8.0,5.0,6.0,3.0,3.0,56.0,27.0,17.0,9.0,8.0,4.0,9.0,74.0,810.0,55.0,960.0,sackmann_archive_2025
2025-6242,Winston-Salem,Hard,48,A,2025-08-17,368,202104,10.0,,Sebastian Baez,R,170.0,ARG,24.6,105807,,,Pablo Carreno Busta,R,188.0,ESP,34.1,7-5 6-2,3,R32,107.0,3.0,2.0,84.0,60.0,40.0,9.0,10.0,10.0,12.0,1.0,2.0,57.0,37.0,20.0,8.0,10.0,2.0,7.0,40.0,1160.0,113.0,549.0,sackmann_archive_2025
2025-6242,Winston-Salem,Hard,48,A,2025-08-17,367,122298,,,Botic Van De Zandschulp,R,191.0,NED,29.8,208286,6.0,,Matteo Arnaldi,R,185.0,ITA,24.4,6-3 6-3,3,R32,92.0,1.0,4.0,47.0,27.0,24.0,12.0,9.0,0.0,0.0,8.0,1.0,74.0,38.0,25.0,14.0,9.0,5.0,8.0,92.0,684.0,62.0,915.0,sackmann_archive_2025
2025-6242,Winston-Salem,Hard,48,A,2025-08-17,366,209113,4.0,,Gabriel Diallo,R,203.0,CAN,23.8,210460,,Q,Nishesh Basavareddy,R,180.0,USA,20.2,W/O,3,R32,,0.0,0.0,0.0,0.0,0.0,0.0,0.0,0.0,0.0,0.0,0.0,0.0,0.0,0.0,0.0,0.0,0.0,0.0,33.0,1388.0,106.0,593.0,sackmann_archive_2025
2025-6242,Winston-Salem,Hard,48,A,2025-08-17,365,209098,,,Hamad Medjedovic,R,188.0,SRB,22.0,207985,15.0,,Jacob Fearnley,R,183.0,GBR,24.0,6-4 7-6(2),3,R32,94.0,10.0,0.0,65.0,49.0,37.0,9.0,11.0,2.0,3.0,12.0,4.0,71.0,43.0,31.0,15.0,11.0,3.0,5.0,65.0,907.0,59.0,939.0,sackmann_archive_2025
2025-6242,Winston-Salem,Hard,48,A,2025-08-17,364,208659,9.0,,Giovanni Mpetshi Perricard,R,203.0,FRA,22.1,124079,,,Pedro Martinez,R,185.0,ESP,28.3,2-6 6-3 7-6(3),3,R32,111.0,11.0,4.0,93.0,69.0,52.0,11.0,15.0,1.0,4.0,2.0,4.0,71.0,44.0,33.0,19.0,14.0,0.0,2.0,39.0,1185.0,64.0,910.0,sackmann_archive_2025
2025-6242,Winston-Salem,Hard,48,A,2025-08-17,363,124186,8.0,,Alexandre Muller,R,183.0,FRA,28.5,210464,,Q,Darwin Blanch,L,185.0,USA,17.8,6-7(3) 6-3 7-5,3,R32,133.0,6.0,3.0,97.0,58.0,44.0,25.0,17.0,5.0,7.0,10.0,5.0,107.0,60.0,43.0,22.0,16.0,7.0,11.0,38.0,1193.0,409.0,115.0,sackmann_archive_2025
2025-6242,Winston-Salem,Hard,48,A,2025-08-17,362,111794,,,Kamil Majchrzak,R,180.0,POL,29.5,132686,7.0,,Nuno Borges,R,185.0,POR,28.4,6-1 6-3,3,R32,67.0,6.0,1.0,48.0,30.0,23.0,11.0,8.0,3.0,3.0,4.0,5.0,60.0,34.0,21.0,10.0,8.0,2.0,6.0,78.0,794.0,42.0,1145.0,sackmann_archive_2025
2025-6242,Winston-Salem,Hard,48,A,2025-08-17,361,200624,11.0,,Sebastian Korda,R,196.0,USA,25.1,200240,,,Vit Kopriva,R,178.0,CZE,28.1,6-3 6-4,3,R32,83.0,10.0,1.0,60.0,34.0,27.0,14.0,10.0,3.0,4.0,0.0,8.0,59.0,40.0,29.0,5.0,9.0,2.0,5.0,86.0,735.0,87.0,726.0,sackmann_archive_2025
2025-6242,Winston-Salem,Hard,48,A,2025-08-17,360,200175,13.0,,Miomir Kecmanovic,R,183.0,SRB,25.9,206499,,,Aleksandar Kovacevic,R,183.0,USA,26.9,6-4 7-6(5),3,R32,92.0,11.0,5.0,71.0,41.0,32.0,16.0,11.0,2.0,3.0,8.0,6.0,70.0,46.0,34.0,9.0,11.0,1.0,3.0,45.0,1086.0,71.0,859.0,sackmann_archive_2025
2025-6242,Winston-Salem,Hard,48,A,2025-08-17,359,209260,3.0,,Luciano Darderi,R,183.0,ITA,23.5,111456,,,Mackenzie Mcdonald,R,178.0,USA,30.3,7-6(5) 6-7(6) 6-4,3,R32,151.0,22.0,5.0,120.0,66.0,54.0,28.0,17.0,9.0,12.0,20.0,5.0,104.0,69.0,52.0,18.0,17.0,5.0,9.0,34.0,1364.0,102.0,639.0,sackmann_archive_2025
2025-6242,Winston-Salem,Hard,48,A,2025-08-17,358,132283,5.0,,Lorenzo Sonego,R,191.0,ITA,30.2,207969,,WC,Stefan Dostanic,R,188.0,USA,23.7,6-3 6-7(2) 7-6(3),3,R32,173.0,7.0,6.0,110.0,77.0,57.0,16.0,17.0,5.0,7.0,6.0,6.0,112.0,76.0,50.0,18.0,16.0,5.0,8.0,35.0,1315.0,412.0,114.0,sackmann_archive_2025
2025-6242,Winston-Salem,Hard,48,A,2025-08-17,357,144719,12.0,,Jaume Munar,R,183.0,ESP,28.2,208233,,,Mattia Bellucci,L,175.0,ITA,24.2,6-3 6-1,3,R32,88.0,4.0,2.0,48.0,25.0,21.0,11.0,8.0,2.0,3.0,1.0,2.0,55.0,36.0,17.0,8.0,8.0,6.0,11.0,46.0,1077.0,63.0,911.0,sackmann_archive_2025
2025-6242,Winston-Salem,Hard,48,A,2025-08-17,356,105138,14.0,,Roberto Bautista Agut,R,183.0,ESP,37.3,106331,,,Christopher Oconnell,R,183.0,AUS,31.2,6-4 0-0 RET,3,R32,51.0,2.0,0.0,37.0,27.0,16.0,5.0,5.0,3.0,5.0,2.0,1.0,26.0,14.0,7.0,3.0,5.0,0.0,3.0,47.0,1060.0,79.0,784.0,sackmann_archive_2025
2025-6242,Winston-Salem,Hard,48,A,2025-08-17,355,105916,,,Marton Fucsovics,R,188.0,HUN,33.5,134868,2.0,WC,Tallon Griekspoor,R,188.0,NED,29.1,6-3 4-6 6-3,3,R32,143.0,5.0,5.0,84.0,46.0,36.0,18.0,14.0,5.0,8.0,8.0,6.0,103.0,61.0,40.0,15.0,14.0,10.0,15.0,94.0,679.0,31.0,1655.0,sackmann_archive_2025
2025-6242,Winston-Salem,Hard,48,A,2025-08-17,354,207352,,,Bu Yunchaokete,R,185.0,CHN,23.5,202358,,,Chun Hsin Tseng,R,175.0,TPE,24.0,6-7(2) 6-3 7-6(4),3,R64,192.0,9.0,4.0,103.0,54.0,45.0,27.0,17.0,3.0,5.0,11.0,7.0,135.0,74.0,53.0,30.0,16.0,14.0,17.0,76.0,801.0,119.0,529.0,sackmann_archive_2025
2025-6242,Winston-Salem,Hard,48,A,2025-08-17,353,208363,,,Mariano Navone,R,178.0,ARG,24.4,202290,,Q,Dhakshineswar Suresh,R,193.0,IND,25.3,6-3 6-3,3,R64,79.0,1.0,2.0,52.0,36.0,30.0,7.0,9.0,1.0,1.0,0.0,3.0,65.0,39.0,25.0,11.0,9.0,4.0,7.0,74.0,810.0,645.0,50.0,sackmann_archive_2025
2025-6242,Winston-Salem,Hard,48,A,2025-08-17,352,105807,,,Pablo Carreno Busta,R,188.0,ESP,34.1,106415,,,Yoshihito Nishioka,L,170.0,JPN,29.8,6-0 6-3,3,R64,58.0,3.0,0.0,41.0,24.0,20.0,13.0,8.0,0.0,0.0,1.0,2.0,41.0,30.0,13.0,5.0,7.0,3.0,7.0,113.0,549.0,149.0,399.0,sackmann_archive_2025
2025-6242,Winston-Salem,Hard,48,A,2025-08-17,351,122298,,,Botic Van De Zandschulp,R,191.0,NED,29.8,200443,,,Adam Walton,R,183.0,AUS,26.3,2-6 7-5 6-3,3,R64,149.0,15.0,7.0,92.0,59.0,47.0,15.0,15.0,5.0,7.0,7.0,3.0,92.0,56.0,44.0,18.0,14.0,3.0,5.0,92.0,684.0,82.0,763.0,sackmann_archive_2025
2025-6242,Winston-Salem,Hard,48,A,2025-08-17,350,210460,,Q,Nishesh Basavareddy,R,180.0,USA,20.2,209920,,,Raphael Collignon,R,191.0,BEL,23.5,6-2 7-6(2),3,R64,98.0,4.0,7.0,74.0,40.0,32.0,20.0,10.0,1.0,1.0,4.0,9.0,66.0,41.0,31.0,9.0,10.0,3.0,5.0,106.0,593.0,105.0,608.0,sackmann_archive_2025
2025-6242,Winston-Salem,Hard,48,A,2025-08-17,349,209098,,,Hamad Medjedovic,R,188.0,SRB,22.0,126239,,,Arthur Rinderknech,R,196.0,FRA,30.0,6-3 7-6(9),3,R64,127.0,7.0,6.0,72.0,41.0,31.0,18.0,11.0,0.0,1.0,3.0,7.0,68.0,35.0,24.0,18.0,10.0,1.0,3.0,65.0,907.0,77.0,794.0,sackmann_archive_2025
2025-6242,Winston-Salem,Hard,48,A,2025-08-17,348,124079,,,Pedro Martinez,R,185.0,ESP,28.3,105676,,,David Goffin,R,180.0,BEL,34.6,6-3 6-3,3,R64,93.0,2.0,2.0,62.0,37.0,26.0,12.0,9.0,8.0,10.0,8.0,5.0,57.0,28.0,21.0,8.0,9.0,4.0,9.0,64.0,910.0,68.0,884.0,sackmann_archive_2025
2025-6242,Winston-Salem,Hard,48,A,2025-08-17,347,210464,,Q,Darwin Blanch,L,185.0,USA,17.8,106432,,,Borna Coric,R,188.0,CRO,28.7,6-4 7-6(5),3,R64,108.0,10.0,2.0,77.0,49.0,38.0,16.0,11.0,3.0,3.0,5.0,4.0,65.0,36.0,31.0,16.0,11.0,1.0,2.0,409.0,115.0,104.0,620.0,sackmann_archive_2025
2025-6242,Winston-Salem,Hard,48,A,2025-08-17,346,111794,,,Kamil Majchrzak,R,180.0,POL,29.5,111797,,,Nicolas Jarry,R,201.0,CHI,29.8,7-6(6) 6-4,3,R64,99.0,7.0,2.0,63.0,37.0,34.0,15.0,11.0,0.0,0.0,12.0,1.0,67.0,38.0,32.0,16.0,11.0,2.0,3.0,78.0,794.0,103.0,628.0,sackmann_archive_2025
2025-6242,Winston-Salem,Hard,48,A,2025-08-17,345,200240,,,Vit Kopriva,R,178.0,CZE,28.1,124116,,PR,Sebastian Ofner,R,191.0,AUT,29.2,3-6 6-4 6-3,3,R64,118.0,2.0,9.0,84.0,47.0,39.0,18.0,14.0,4.0,6.0,8.0,4.0,88.0,48.0,38.0,19.0,14.0,10.0,13.0,87.0,726.0,141.0,453.0,sackmann_archive_2025
2025-6242,Winston-Salem,Hard,48,A,2025-08-17,344,206499,,,Aleksandar Kovacevic,R,183.0,USA,26.9,209209,,,Filip Misolic,R,180.0,AUT,24.0,7-6(2) 7-6(8),3,R64,111.0,20.0,3.0,86.0,49.0,44.0,18.0,12.0,1.0,1.0,19.0,4.0,98.0,62.0,49.0,17.0,12.0,7.0,7.0,71.0,859.0,95.0,677.0,sackmann_archive_2025
2025-6242,Winston-Salem,Hard,48,A,2025-08-17,343,111456,,,Mackenzie Mcdonald,R,178.0,USA,30.3,200587,,WC,Brandon Holt,R,185.0,USA,27.3,6-4 6-7(2) 7-6(2),3,R64,152.0,15.0,8.0,112.0,69.0,53.0,24.0,17.0,3.0,5.0,11.0,1.0,107.0,69.0,55.0,16.0,17.0,4.0,7.0,102.0,639.0,111.0,554.0,sackmann_archive_2025
2025-6242,Winston-Salem,Hard,48,A,2025-08-17,342,207969,,WC,Stefan Dostanic,R,188.0,USA,23.7,126846,,Q,Aleksandar Vukic,R,188.0,AUS,29.3,6-4 6-2,3,R64,64.0,3.0,2.0,44.0,27.0,22.0,11.0,9.0,3.0,4.0,8.0,6.0,52.0,29.0,20.0,8.0,9.0,3.0,7.0,412.0,114.0,93.0,683.0,sackmann_archive_2025
2025-6242,Winston-Salem,Hard,48,A,2025-08-17,341,208233,,,Mattia Bellucci,L,175.0,ITA,24.2,207681,,,Francisco Comesana,R,178.0,ARG,24.8,6-4 6-3,3,R64,80.0,1.0,2.0,52.0,35.0,24.0,8.0,9.0,1.0,3.0,5.0,3.0,57.0,33.0,20.0,7.0,10.0,4.0,9.0,63.0,911.0,54.0,962.0,sackmann_archive_2025
2025-6242,Winston-Salem,Hard,48,A,2025-08-17,340,106331,,,Christopher Oconnell,R,183.0,AUS,31.2,126128,,,Roman Safiullin,R,185.0,RUS,28.0,6-3 6-3,3,R64,81.0,3.0,3.0,64.0,29.0,20.0,21.0,9.0,3.0,3.0,5.0,5.0,56.0,31.0,20.0,13.0,9.0,3.0,6.0,79.0,784.0,90.0,691.0,sackmann_archive_2025
2025-6242,Winston-Salem,Hard,48,A,2025-08-17,339,105916,,,Marton Fucsovics,R,188.0,HUN,33.5,200384,,,Hugo Gaston,L,173.0,FRA,24.8,6-3 6-3,3,R64,81.0,5.0,2.0,56.0,35.0,28.0,10.0,9.0,1.0,2.0,1.0,3.0,67.0,41.0,23.0,11.0,9.0,5.0,9.0,94.0,679.0,125.0,513.0,sackmann_archive_2025
2025-7581,Chengdu,Hard,28,A,2025-09-17,385,126214,,Q,Alejandro Tabilo,L,188.0,CHI,28.2,207518,1.0,,Lorenzo Musetti,R,185.0,ITA,23.5,6-3 2-6 7-6(5),3,F,157.0,12.0,2.0,123.0,84.0,59.0,17.0,15.0,7.0,9.0,11.0,0.0,81.0,50.0,41.0,18.0,14.0,0.0,1.0,112.0,567.0,9.0,3505.0,sackmann_archive_2025
2025-7581,Chengdu,Hard,28,A,2025-09-17,384,207518,1.0,,Lorenzo Musetti,R,185.0,ITA,23.5,207686,,,Alexander Shevchenko,R,185.0,KAZ,24.7,6-3 6-1,3,SF,64.0,3.0,1.0,40.0,26.0,24.0,8.0,8.0,0.0,0.0,3.0,1.0,55.0,37.0,18.0,9.0,8.0,4.0,8.0,9.0,3505.0,96.0,652.0,sackmann_archive_2025
2025-7581,Chengdu,Hard,28,A,2025-09-17,383,126214,,Q,Alejandro Tabilo,L,188.0,CHI,28.2,206909,4.0,,Brandon Nakashima,R,188.0,USA,24.1,6-4 7-6(0),3,SF,94.0,11.0,0.0,59.0,47.0,40.0,8.0,11.0,0.0,0.0,9.0,0.0,65.0,45.0,33.0,12.0,11.0,2.0,3.0,112.0,567.0,33.0,1420.0,sackmann_archive_2025
2025-7581,Chengdu,Hard,28,A,2025-09-17,382,207518,1.0,,Lorenzo Musetti,R,185.0,ITA,23.5,105932,,Q,Nikoloz Basilashvili,R,185.0,GEO,33.5,6-3 6-3,3,QF,76.0,7.0,2.0,53.0,35.0,27.0,9.0,9.0,3.0,4.0,3.0,4.0,57.0,27.0,18.0,14.0,9.0,5.0,9.0,9.0,3505.0,114.0,558.0,sackmann_archive_2025
2025-7581,Chengdu,Hard,28,A,2025-09-17,381,207686,,,Alexander Shevchenko,R,185.0,KAZ,24.7,106121,,Q,Taro Daniel,R,191.0,JPN,32.6,7-6(2) 3-6 6-2,3,QF,135.0,7.0,2.0,76.0,54.0,44.0,16.0,14.0,3.0,4.0,9.0,4.0,106.0,69.0,50.0,19.0,15.0,4.0,6.0,96.0,652.0,168.0,326.0,sackmann_archive_2025
2025-7581,Chengdu,Hard,28,A,2025-09-17,380,206909,4.0,,Brandon Nakashima,R,188.0,USA,24.1,106218,,,Marcos Giron,R,180.0,USA,32.1,6-3 2-6 7-6(3),3,QF,132.0,13.0,0.0,94.0,76.0,56.0,5.0,15.0,2.0,5.0,9.0,1.0,84.0,55.0,44.0,13.0,14.0,1.0,3.0,33.0,1420.0,50.0,1000.0,sackmann_archive_2025
2025-7581,Chengdu,Hard,28,A,2025-09-17,379,126214,,Q,Alejandro Tabilo,L,188.0,CHI,28.2,106331,,,Christopher Oconnell,R,183.0,AUS,31.2,4-6 7-5 6-2,3,QF,144.0,10.0,0.0,97.0,71.0,48.0,15.0,15.0,5.0,7.0,14.0,0.0,94.0,61.0,41.0,14.0,15.0,6.0,10.0,112.0,567.0,103.0,619.0,sackmann_archive_2025
2025-7581,Chengdu,Hard,28,A,2025-09-17,378,207518,1.0,,Lorenzo Musetti,R,185.0,ITA,23.5,209976,,NG,Dino Prizmic,R,188.0,CRO,20.1,7-5 3-6 6-2,3,R16,136.0,10.0,1.0,72.0,54.0,44.0,10.0,14.0,3.0,5.0,3.0,0.0,90.0,58.0,38.0,17.0,15.0,4.0,8.0,9.0,3505.0,121.0,536.0,sackmann_archive_2025
2025-7581,Chengdu,Hard,28,A,2025-09-17,377,105932,,Q,Nikoloz Basilashvili,R,185.0,GEO,33.5,111456,,Q,Mackenzie Mcdonald,R,178.0,USA,30.4,6-2 7-6(4),3,R16,92.0,14.0,3.0,60.0,35.0,30.0,14.0,10.0,0.0,0.0,10.0,0.0,87.0,54.0,34.0,16.0,10.0,5.0,7.0,114.0,558.0,98.0,642.0,sackmann_archive_2025
2025-7581,Chengdu,Hard,28,A,2025-09-17,376,106121,,Q,Taro Daniel,R,191.0,JPN,32.6,134868,3.0,,Tallon Griekspoor,R,188.0,NED,29.2,3-6 6-4 6-3,3,R16,115.0,10.0,1.0,74.0,52.0,43.0,12.0,14.0,1.0,2.0,11.0,3.0,80.0,48.0,38.0,18.0,14.0,2.0,4.0,168.0,326.0,31.0,1565.0,sackmann_archive_2025
2025-7581,Chengdu,Hard,28,A,2025-09-17,375,207686,,,Alexander Shevchenko,R,185.0,KAZ,24.7,208659,6.0,,Giovanni Mpetshi Perricard,R,203.0,FRA,22.1,6-7(2) 7-6(5) 6-4,3,R16,134.0,10.0,2.0,90.0,59.0,50.0,25.0,17.0,0.0,0.0,24.0,6.0,108.0,77.0,66.0,14.0,17.0,4.0,5.0,96.0,652.0,36.0,1275.0,sackmann_archive_2025
2025-7581,Chengdu,Hard,28,A,2025-09-17,374,106218,,,Marcos Giron,R,180.0,USA,32.1,132283,8.0,,Lorenzo Sonego,R,191.0,ITA,30.3,6-4 6-4,3,R16,103.0,0.0,3.0,62.0,38.0,35.0,10.0,10.0,2.0,2.0,3.0,4.0,67.0,40.0,32.0,10.0,10.0,6.0,8.0,50.0,1000.0,44.0,1090.0,sackmann_archive_2025
2025-7581,Chengdu,Hard,28,A,2025-09-17,373,206909,4.0,,Brandon Nakashima,R,188.0,USA,24.1,209992,,WC,Juncheng Shang,L,180.0,CHN,20.6,7-5 6-3,3,R16,101.0,13.0,0.0,72.0,56.0,41.0,8.0,11.0,6.0,7.0,6.0,0.0,67.0,45.0,27.0,14.0,10.0,6.0,9.0,33.0,1420.0,138.0,460.0,sackmann_archive_2025
2025-7581,Chengdu,Hard,28,A,2025-09-17,372,106331,,,Christopher Oconnell,R,183.0,AUS,31.2,212044,,WC,Yi Zhou,R,193.0,CHN,20.5,6-2 6-4,3,R16,93.0,14.0,1.0,64.0,36.0,29.0,14.0,9.0,2.0,2.0,4.0,2.0,68.0,39.0,25.0,13.0,9.0,4.0,7.0,103.0,619.0,304.0,170.0,sackmann_archive_2025
2025-7581,Chengdu,Hard,28,A,2025-09-17,371,126214,,Q,Alejandro Tabilo,L,188.0,CHI,28.2,209260,2.0,,Luciano Darderi,R,183.0,ITA,23.5,6-4 6-3,3,R16,86.0,12.0,1.0,69.0,49.0,37.0,11.0,10.0,4.0,4.0,7.0,3.0,56.0,41.0,31.0,5.0,9.0,0.0,2.0,112.0,567.0,30.0,1584.0,sackmann_archive_2025
2025-7581,Chengdu,Hard,28,A,2025-09-17,370,209976,,NG,Dino Prizmic,R,188.0,CRO,20.1,209279,,,Terence Atmane,L,193.0,FRA,23.6,6-4 6-3,3,R32,82.0,3.0,2.0,53.0,32.0,27.0,10.0,9.0,0.0,0.0,3.0,3.0,61.0,34.0,21.0,15.0,10.0,3.0,6.0,121.0,536.0,70.0,852.0,sackmann_archive_2025
2025-7581,Chengdu,Hard,28,A,2025-09-17,369,111456,,Q,Mackenzie Mcdonald,R,178.0,USA,30.4,122298,,,Botic Van De Zandschulp,R,191.0,NED,29.9,6-4 3-6 6-3,3,R32,120.0,8.0,0.0,88.0,59.0,45.0,12.0,14.0,4.0,6.0,7.0,8.0,78.0,48.0,41.0,10.0,14.0,3.0,6.0,98.0,642.0,83.0,759.0,sackmann_archive_2025
2025-7581,Chengdu,Hard,28,A,2025-09-17,368,105932,,Q,Nikoloz Basilashvili,R,185.0,GEO,33.5,126129,,LL,Billy Harris,R,193.0,GBR,30.6,7-6(5) 6-3,3,R32,92.0,11.0,2.0,73.0,44.0,26.0,18.0,11.0,4.0,7.0,9.0,1.0,71.0,53.0,31.0,8.0,10.0,2.0,6.0,114.0,558.0,131.0,492.0,sackmann_archive_2025
2025-7581,Chengdu,Hard,28,A,2025-09-17,367,106121,,Q,Taro Daniel,R,191.0,JPN,32.6,209409,,WC,Coleman Wong,R,191.0,HKG,21.2,6-3 6-2,3,R32,81.0,3.0,3.0,50.0,28.0,21.0,14.0,8.0,0.0,0.0,8.0,2.0,67.0,48.0,30.0,4.0,9.0,10.0,14.0,168.0,326.0,149.0,418.0,sackmann_archive_2025
2025-7581,Chengdu,Hard,28,A,2025-09-17,366,207686,,,Alexander Shevchenko,R,185.0,KAZ,24.7,104792,,,Gael Monfils,R,193.0,FRA,39.0,6-7(3) 6-3 1-0 RET,3,R32,108.0,7.0,1.0,86.0,50.0,35.0,20.0,11.0,11.0,11.0,3.0,2.0,64.0,42.0,28.0,14.0,11.0,1.0,3.0,96.0,652.0,52.0,975.0,sackmann_archive_2025
2025-7581,Chengdu,Hard,28,A,2025-09-17,365,208659,6.0,,Giovanni Mpetshi Perricard,R,203.0,FRA,22.1,209209,,,Filip Misolic,R,180.0,AUT,24.1,3-6 6-1 6-4,3,R32,104.0,9.0,3.0,71.0,48.0,38.0,14.0,13.0,2.0,3.0,7.0,8.0,95.0,61.0,40.0,16.0,13.0,10.0,13.0,36.0,1275.0,92.0,671.0,sackmann_archive_2025
2025-7581,Chengdu,Hard,28,A,2025-09-17,364,132283,8.0,,Lorenzo Sonego,R,191.0,ITA,30.3,207678,,,Juan Manuel Cerundolo,L,183.0,ARG,23.8,4-6 6-3 6-1,3,R32,130.0,6.0,3.0,86.0,58.0,46.0,12.0,13.0,8.0,9.0,2.0,3.0,79.0,43.0,29.0,19.0,13.0,4.0,8.0,44.0,1090.0,72.0,829.0,sackmann_archive_2025
2025-7581,Chengdu,Hard,28,A,2025-09-17,363,106218,,,Marcos Giron,R,180.0,USA,32.1,210319,,,Ethan Quinn,R,191.0,USA,21.5,7-5 6-4,3,R32,90.0,9.0,2.0,68.0,35.0,28.0,22.0,11.0,1.0,1.0,4.0,3.0,62.0,41.0,32.0,8.0,11.0,2.0,4.0,50.0,1000.0,81.0,773.0,sackmann_archive_2025
2025-7581,Chengdu,Hard,28,A,2025-09-17,362,209992,,WC,Juncheng Shang,L,180.0,CHN,20.6,200267,,,Zizou Bergs,R,185.0,BEL,26.2,6-1 5-7 6-4,3,R32,130.0,7.0,2.0,88.0,63.0,49.0,14.0,15.0,6.0,7.0,12.0,2.0,74.0,42.0,32.0,19.0,14.0,2.0,5.0,138.0,460.0,46.0,1089.0,sackmann_archive_2025
2025-7581,Chengdu,Hard,28,A,2025-09-17,361,212044,,WC,Yi Zhou,R,193.0,CHN,20.5,111815,5.0,,Cameron Norrie,L,188.0,GBR,30.0,6-7(3) 6-4 7-6(2),3,R32,164.0,22.0,1.0,120.0,87.0,63.0,18.0,17.0,6.0,7.0,8.0,4.0,115.0,76.0,57.0,21.0,17.0,8.0,10.0,304.0,170.0,34.0,1397.0,sackmann_archive_2025
2025-7581,Chengdu,Hard,28,A,2025-09-17,360,106331,,,Christopher Oconnell,R,183.0,AUS,31.2,111460,,,Quentin Halys,R,191.0,FRA,28.8,6-7(3) 6-3 6-4,3,R32,131.0,7.0,2.0,88.0,56.0,45.0,20.0,16.0,0.0,1.0,15.0,4.0,93.0,59.0,43.0,20.0,15.0,4.0,7.0,103.0,619.0,75.0,806.0,sackmann_archive_2025
2025-7581,Chengdu,Hard,28,A,2025-09-17,359,126214,,Q,Alejandro Tabilo,L,188.0,CHI,28.2,111442,,,Jordan Thompson,R,183.0,AUS,31.4,6-4 6-3,3,R32,79.0,5.0,1.0,58.0,43.0,36.0,7.0,10.0,2.0,2.0,10.0,1.0,50.0,31.0,25.0,7.0,9.0,2.0,4.0,112.0,567.0,78.0,795.0,sackmann_archive_2025
2025-4713,Hangzhou,Hard,28,A,2025-09-17,385,122330,3.0,,Alexander Bublik,R,196.0,KAZ,28.2,208316,,Q,Valentin Royer,R,188.0,FRA,24.2,7-6(4) 7-6(4),3,F,111.0,21.0,3.0,85.0,52.0,42.0,20.0,12.0,2.0,2.0,8.0,1.0,73.0,45.0,35.0,19.0,12.0,2.0,2.0,19.0,2245.0,88.0,677.0,sackmann_archive_2025
2025-4713,Hangzhou,Hard,28,A,2025-09-17,384,208316,,Q,Valentin Royer,R,188.0,FRA,24.2,144895,4.0,,Corentin Moutet,L,180.0,FRA,26.4,6-3 6-2,3,SF,86.0,2.0,1.0,52.0,34.0,24.0,13.0,9.0,2.0,2.0,4.0,3.0,52.0,32.0,23.0,6.0,8.0,5.0,8.0,88.0,677.0,39.0,1146.0,sackmann_archive_2025
2025-4713,Hangzhou,Hard,28,A,2025-09-17,383,122330,3.0,,Alexander Bublik,R,196.0,KAZ,28.2,200059,,WC,Yibing Wu,R,183.0,CHN,25.9,6-3 6-3,3,SF,61.0,19.0,3.0,45.0,34.0,31.0,6.0,9.0,0.0,0.0,2.0,0.0,55.0,35.0,24.0,8.0,9.0,2.0,5.0,19.0,2245.0,196.0,272.0,sackmann_archive_2025
2025-4713,Hangzhou,Hard,28,A,2025-09-17,382,208316,,Q,Valentin Royer,R,188.0,FRA,24.2,210530,7.0,,Learner Tien,L,180.0,USA,19.7,7-6(0) 4-6 6-2,3,QF,158.0,11.0,1.0,107.0,70.0,50.0,18.0,15.0,9.0,12.0,5.0,5.0,96.0,58.0,36.0,20.0,15.0,4.0,8.0,88.0,677.0,54.0,945.0,sackmann_archive_2025
2025-4713,Hangzhou,Hard,28,A,2025-09-17,381,144895,4.0,,Corentin Moutet,L,180.0,FRA,26.4,144869,,,Tomas Martin Etcheverry,R,196.0,ARG,26.1,3-6 3-0 RET,3,QF,68.0,2.0,1.0,32.0,20.0,16.0,7.0,6.0,2.0,3.0,3.0,1.0,36.0,27.0,18.0,5.0,6.0,3.0,4.0,39.0,1146.0,63.0,890.0,sackmann_archive_2025
2025-4713,Hangzhou,Hard,28,A,2025-09-17,380,122330,3.0,,Alexander Bublik,R,196.0,KAZ,28.2,207494,,LL,Dalibor Svrcina,R,178.0,CZE,22.9,6-1 6-1,3,QF,53.0,6.0,1.0,38.0,22.0,22.0,7.0,7.0,1.0,1.0,0.0,1.0,49.0,32.0,13.0,7.0,7.0,7.0,12.0,19.0,2245.0,99.0,641.0,sackmann_archive_2025
2025-4713,Hangzhou,Hard,28,A,2025-09-17,379,200059,,WC,Yibing Wu,R,183.0,CHN,25.9,106421,2.0,,Daniil Medvedev,R,198.0,RUS,29.5,5-7 7-6(5) 6-4,3,QF,191.0,1.0,1.0,114.0,79.0,55.0,20.0,17.0,8.0,10.0,17.0,7.0,111.0,69.0,54.0,21.0,17.0,4.0,6.0,196.0,272.0,18.0,2370.0,sackmann_archive_2025
2025-4713,Hangzhou,Hard,28,A,2025-09-17,378,208316,,Q,Valentin Royer,R,188.0,FRA,24.2,126094,1.0,,Andrey Rublev,R,188.0,RUS,27.9,6-4 7-6(2),3,R16,108.0,10.0,3.0,74.0,49.0,38.0,13.0,11.0,3.0,4.0,10.0,3.0,76.0,48.0,36.0,10.0,11.0,3.0,5.0,88.0,677.0,14.0,2610.0,sackmann_archive_2025
2025-4713,Hangzhou,Hard,28,A,2025-09-17,377,210530,7.0,,Learner Tien,L,180.0,USA,19.7,206748,,Q,Giulio Zeppieri,L,183.0,ITA,23.7,6-4 6-3,3,R16,73.0,5.0,2.0,53.0,36.0,31.0,11.0,10.0,2.0,2.0,4.0,1.0,57.0,36.0,22.0,11.0,9.0,2.0,4.0,54.0,945.0,169.0,324.0,sackmann_archive_2025
2025-4713,Hangzhou,Hard,28,A,2025-09-17,376,144895,4.0,,Corentin Moutet,L,180.0,FRA,26.4,209070,,,Arthur Cazaux,R,183.0,FRA,23.0,6-7(1) 6-3 7-6(3),3,R16,227.0,3.0,3.0,135.0,91.0,61.0,25.0,17.0,10.0,12.0,6.0,1.0,111.0,68.0,49.0,22.0,16.0,3.0,6.0,39.0,1146.0,84.0,757.0,sackmann_archive_2025
2025-4713,Hangzhou,Hard,28,A,2025-09-17,375,144869,,,Tomas Martin Etcheverry,R,196.0,ARG,26.1,208014,,Q,Rinky Hijikata,R,178.0,AUS,24.5,6-1 6-4,3,R16,88.0,5.0,1.0,51.0,33.0,28.0,11.0,9.0,2.0,2.0,2.0,1.0,63.0,36.0,26.0,10.0,8.0,4.0,7.0,63.0,890.0,111.0,583.0,sackmann_archive_2025
2025-4713,Hangzhou,Hard,28,A,2025-09-17,374,207494,,LL,Dalibor Svrcina,R,178.0,CZE,22.9,111190,,WC,Zhizhen Zhang,R,193.0,CHN,28.9,6-4 6-3,3,R16,92.0,1.0,2.0,49.0,30.0,22.0,10.0,9.0,2.0,4.0,5.0,1.0,76.0,52.0,33.0,6.0,10.0,8.0,13.0,99.0,641.0,192.0,275.0,sackmann_archive_2025
2025-4713,Hangzhou,Hard,28,A,2025-09-17,373,122330,3.0,,Alexander Bublik,R,196.0,KAZ,28.2,126846,,,Aleksandar Vukic,R,188.0,AUS,29.4,6-7(6) 6-4 6-4,3,R16,133.0,24.0,5.0,91.0,57.0,52.0,18.0,16.0,0.0,0.0,14.0,3.0,109.0,60.0,44.0,29.0,16.0,8.0,10.0,19.0,2245.0,93.0,668.0,sackmann_archive_2025
2025-4713,Hangzhou,Hard,28,A,2025-09-17,372,200059,,WC,Yibing Wu,R,183.0,CHN,25.9,200624,,,Sebastian Korda,R,196.0,USA,25.1,4-6 6-1 6-4,3,R16,109.0,9.0,3.0,89.0,59.0,45.0,16.0,14.0,3.0,4.0,10.0,4.0,65.0,37.0,27.0,17.0,13.0,0.0,3.0,196.0,272.0,79.0,795.0,sackmann_archive_2025
2025-4713,Hangzhou,Hard,28,A,2025-09-17,371,106421,2.0,,Daniil Medvedev,R,198.0,RUS,29.5,210460,,Q,Nishesh Basavareddy,R,180.0,USA,20.3,6-2 6-3,3,R16,75.0,8.0,2.0,48.0,32.0,24.0,10.0,9.0,0.0,1.0,1.0,6.0,52.0,28.0,16.0,11.0,8.0,4.0,8.0,18.0,2370.0,109.0,590.0,sackmann_archive_2025
2025-4713,Hangzhou,Hard,28,A,2025-09-17,370,208316,,Q,Valentin Royer,R,188.0,FRA,24.2,206499,,,Aleksandar Kovacevic,R,183.0,USA,27.0,4-6 7-6(6) 6-3,3,R32,152.0,12.0,1.0,90.0,62.0,49.0,16.0,15.0,4.0,6.0,21.0,3.0,124.0,82.0,57.0,18.0,16.0,8.0,11.0,88.0,677.0,69.0,862.0,sackmann_archive_2025
2025-4713,Hangzhou,Hard,28,A,2025-09-17,369,206748,,Q,Giulio Zeppieri,L,183.0,ITA,23.7,111806,,WC,Fajing Sun,R,178.0,CHN,28.9,6-3 6-2,3,R32,84.0,10.0,5.0,59.0,34.0,27.0,15.0,9.0,5.0,5.0,1.0,2.0,57.0,34.0,21.0,8.0,8.0,3.0,6.0,169.0,324.0,236.0,241.0,sackmann_archive_2025
2025-4713,Hangzhou,Hard,28,A,2025-09-17,368,210530,7.0,,Learner Tien,L,180.0,USA,19.7,208363,,,Mariano Navone,R,178.0,ARG,24.5,5-7 6-3 6-4,3,R32,142.0,4.0,6.0,102.0,63.0,41.0,23.0,16.0,9.0,13.0,3.0,5.0,84.0,49.0,32.0,18.0,15.0,2.0,7.0,54.0,945.0,82.0,770.0,sackmann_archive_2025
2025-4713,Hangzhou,Hard,28,A,2025-09-17,367,209070,,,Arthur Cazaux,R,183.0,FRA,23.0,208286,,,Matteo Arnaldi,R,185.0,ITA,24.5,6-4 3-6 7-5,3,R32,171.0,5.0,4.0,90.0,55.0,39.0,23.0,15.0,5.0,6.0,9.0,2.0,98.0,63.0,45.0,19.0,16.0,5.0,7.0,84.0,757.0,73.0,825.0,sackmann_archive_2025
2025-4713,Hangzhou,Hard,28,A,2025-09-17,366,144869,,,Tomas Martin Etcheverry,R,196.0,ARG,26.1,106000,,,Damir Dzumhur,R,175.0,BIH,33.3,6-2 6-4,3,R32,75.0,8.0,1.0,46.0,35.0,27.0,7.0,9.0,1.0,2.0,6.0,5.0,52.0,31.0,19.0,8.0,9.0,4.0,8.0,63.0,890.0,68.0,868.0,sackmann_archive_2025
2025-4713,Hangzhou,Hard,28,A,2025-09-17,365,208014,,Q,Rinky Hijikata,R,178.0,AUS,24.5,200116,5.0,,Camilo Ugo Carabelli,R,185.0,ARG,26.2,7-6(2) 6-4,3,R32,147.0,9.0,0.0,82.0,50.0,37.0,13.0,11.0,6.0,9.0,7.0,6.0,114.0,64.0,33.0,29.0,11.0,13.0,17.0,111.0,583.0,43.0,1123.0,sackmann_archive_2025
2025-4713,Hangzhou,Hard,28,A,2025-09-17,364,207494,,LL,Dalibor Svrcina,R,178.0,CZE,22.9,126610,8.0,,Matteo Berrettini,R,196.0,ITA,29.4,6-3 6-3,3,R32,85.0,1.0,2.0,51.0,37.0,29.0,9.0,9.0,1.0,1.0,7.0,1.0,63.0,37.0,27.0,8.0,9.0,3.0,6.0,99.0,641.0,57.0,925.0,sackmann_archive_2025
2025-4713,Hangzhou,Hard,28,A,2025-09-17,363,111190,,WC,Zhizhen Zhang,R,193.0,CHN,28.9,207352,,,Bu Yunchaokete,R,185.0,CHN,23.6,6-7(2) 6-4 7-6(3),3,R32,167.0,15.0,8.0,115.0,77.0,63.0,19.0,17.0,4.0,4.0,9.0,3.0,106.0,66.0,54.0,22.0,17.0,3.0,4.0,192.0,275.0,74.0,811.0,sackmann_archive_2025
2025-4713,Hangzhou,Hard,28,A,2025-09-17,362,126846,,,Aleksandar Vukic,R,188.0,AUS,29.4,105676,,,David Goffin,R,180.0,BEL,34.7,6-4 1-6 6-1,3,R32,102.0,4.0,2.0,83.0,43.0,28.0,22.0,12.0,6.0,8.0,13.0,8.0,73.0,42.0,31.0,17.0,12.0,1.0,4.0,93.0,668.0,87.0,734.0,sackmann_archive_2025
2025-4713,Hangzhou,Hard,28,A,2025-09-17,361,200059,,WC,Yibing Wu,R,183.0,CHN,25.9,105173,6.0,,Adrian Mannarino,L,180.0,FRA,37.2,4-6 7-6(5) 7-5,3,R32,171.0,3.0,0.0,103.0,65.0,43.0,20.0,17.0,4.0,8.0,11.0,1.0,109.0,67.0,45.0,25.0,17.0,7.0,11.0,196.0,272.0,53.0,947.0,sackmann_archive_2025
2025-4713,Hangzhou,Hard,28,A,2025-09-17,360,200624,,,Sebastian Korda,R,196.0,USA,25.1,200443,,,Adam Walton,R,183.0,AUS,26.4,7-5 6-3,3,R32,87.0,20.0,4.0,62.0,34.0,28.0,15.0,11.0,2.0,3.0,3.0,3.0,64.0,32.0,24.0,14.0,10.0,5.0,8.0,79.0,795.0,76.0,803.0,sackmann_archive_2025
2025-4713,Hangzhou,Hard,28,A,2025-09-17,359,210460,,Q,Nishesh Basavareddy,R,180.0,USA,20.3,105227,,,Marin Cilic,R,198.0,CRO,36.9,4-6 6-4 6-3,3,R32,153.0,7.0,7.0,93.0,43.0,28.0,31.0,14.0,3.0,5.0,10.0,9.0,89.0,44.0,37.0,18.0,15.0,3.0,7.0,109.0,590.0,59.0,914.0,sackmann_archive_2025
2025-0329,Tokyo,Hard,32,A,2025-09-24,385,207989,1.0,,Carlos Alcaraz,R,183.0,ESP,22.3,126203,2.0,,Taylor Fritz,R,196.0,USA,27.9,6-4 6-4,3,F,93.0,6.0,3.0,63.0,40.0,31.0,10.0,10.0,2.0,3.0,6.0,3.0,66.0,39.0,27.0,11.0,10.0,6.0,9.0,1.0,11540.0,5.0,4675.0,sackmann_archive_2025
2025-0329,Tokyo,Hard,32,A,2025-09-24,384,207989,1.0,,Carlos Alcaraz,R,183.0,ESP,22.3,134770,4.0,,Casper Ruud,R,183.0,NOR,26.7,3-6 6-3 6-4,3,SF,128.0,11.0,2.0,80.0,51.0,40.0,16.0,14.0,3.0,4.0,7.0,2.0,90.0,64.0,44.0,15.0,14.0,7.0,9.0,1.0,11540.0,12.0,2755.0,sackmann_archive_2025
2025-0329,Tokyo,Hard,32,A,2025-09-24,383,126203,2.0,,Taylor Fritz,R,196.0,USA,27.9,202385,,PR,Jenson Brooksby,R,188.0,USA,24.9,6-4 6-3,3,SF,90.0,13.0,0.0,62.0,46.0,39.0,7.0,10.0,2.0,2.0,2.0,1.0,58.0,39.0,25.0,12.0,9.0,2.0,4.0,5.0,4675.0,86.0,737.0,sackmann_archive_2025
2025-0329,Tokyo,Hard,32,A,2025-09-24,382,207989,1.0,,Carlos Alcaraz,R,183.0,ESP,22.3,206909,,,Brandon Nakashima,R,188.0,USA,24.1,6-2 6-4,3,QF,80.0,1.0,1.0,45.0,30.0,25.0,12.0,9.0,0.0,0.0,3.0,0.0,64.0,46.0,32.0,5.0,9.0,4.0,7.0,1.0,11540.0,33.0,1420.0,sackmann_archive_2025
2025-0329,Tokyo,Hard,32,A,2025-09-24,381,134770,4.0,,Casper Ruud,R,183.0,NOR,26.7,126846,,Q,Aleksandar Vukic,R,188.0,AUS,29.4,6-3 6-2,3,QF,58.0,9.0,0.0,48.0,40.0,32.0,6.0,9.0,2.0,2.0,4.0,0.0,39.0,22.0,15.0,8.0,8.0,1.0,4.0,12.0,2755.0,95.0,668.0,sackmann_archive_2025
2025-0329,Tokyo,Hard,32,A,2025-09-24,380,202385,,PR,Jenson Brooksby,R,188.0,USA,24.9,208029,3.0,,Holger Rune,R,188.0,DEN,22.4,6-3 6-3,3,QF,90.0,1.0,0.0,62.0,40.0,27.0,12.0,9.0,4.0,5.0,5.0,2.0,58.0,39.0,28.0,4.0,9.0,3.0,7.0,86.0,737.0,11.0,3090.0,sackmann_archive_2025
2025-0329,Tokyo,Hard,32,A,2025-09-24,379,126203,2.0,,Taylor Fritz,R,196.0,USA,27.9,200624,,,Sebastian Korda,R,196.0,USA,25.2,6-3 6-7(5) 6-3,3,QF,138.0,14.0,3.0,120.0,76.0,59.0,21.0,16.0,6.0,7.0,13.0,3.0,81.0,52.0,45.0,12.0,14.0,2.0,5.0,5.0,4675.0,74.0,820.0,sackmann_archive_2025
2025-0329,Tokyo,Hard,32,A,2025-09-24,378,207989,1.0,,Carlos Alcaraz,R,183.0,ESP,22.3,200267,,,Zizou Bergs,R,185.0,BEL,26.3,6-4 6-3,3,R16,79.0,3.0,2.0,60.0,37.0,25.0,9.0,10.0,3.0,6.0,5.0,3.0,52.0,34.0,19.0,7.0,9.0,1.0,6.0,1.0,11540.0,45.0,1089.0,sackmann_archive_2025
2025-0329,Tokyo,Hard,32,A,2025-09-24,377,206909,,,Brandon Nakashima,R,188.0,USA,24.1,105916,,Q,Marton Fucsovics,R,188.0,HUN,33.6,7-5 6-3,3,R16,115.0,6.0,0.0,72.0,49.0,35.0,12.0,11.0,4.0,5.0,7.0,3.0,69.0,37.0,25.0,13.0,10.0,3.0,6.0,33.0,1420.0,58.0,916.0,sackmann_archive_2025
2025-0329,Tokyo,Hard,32,A,2025-09-24,376,134770,4.0,,Casper Ruud,R,183.0,NOR,26.7,126610,,,Matteo Berrettini,R,196.0,ITA,29.4,7-6(4) 6-2,3,R16,98.0,3.0,1.0,57.0,42.0,36.0,8.0,10.0,0.0,0.0,11.0,3.0,64.0,36.0,27.0,15.0,10.0,1.0,3.0,12.0,2755.0,56.0,925.0,sackmann_archive_2025
2025-0329,Tokyo,Hard,32,A,2025-09-24,375,126846,,Q,Aleksandar Vukic,R,188.0,AUS,29.4,127157,,,Daniel Altmaier,R,188.0,GER,27.0,6-4 6-2,3,R16,83.0,7.0,0.0,50.0,30.0,23.0,14.0,9.0,0.0,0.0,8.0,5.0,57.0,34.0,23.0,10.0,9.0,3.0,6.0,95.0,668.0,50.0,1003.0,sackmann_archive_2025
2025-0329,Tokyo,Hard,32,A,2025-09-24,374,202385,,PR,Jenson Brooksby,R,188.0,USA,24.9,209260,,,Luciano Darderi,R,183.0,ITA,23.6,7-6(7) 6-1,3,R16,98.0,5.0,0.0,60.0,37.0,28.0,14.0,9.0,3.0,4.0,1.0,1.0,68.0,44.0,26.0,11.0,10.0,2.0,6.0,86.0,737.0,30.0,1584.0,sackmann_archive_2025
2025-0329,Tokyo,Hard,32,A,2025-09-24,373,208029,3.0,,Holger Rune,R,188.0,DEN,22.4,210319,,Q,Ethan Quinn,R,191.0,USA,21.5,6-4 6-2,3,R16,73.0,6.0,1.0,53.0,37.0,25.0,11.0,9.0,1.0,2.0,4.0,1.0,49.0,34.0,18.0,8.0,9.0,3.0,7.0,11.0,3090.0,81.0,773.0,sackmann_archive_2025
2025-0329,Tokyo,Hard,32,A,2025-09-24,372,200624,,,Sebastian Korda,R,196.0,USA,25.2,200647,,Q,Sho Shimabukuro,R,180.0,JPN,28.1,6-1 6-4,3,R16,80.0,9.0,3.0,71.0,40.0,32.0,16.0,9.0,7.0,7.0,4.0,4.0,47.0,29.0,18.0,9.0,8.0,3.0,6.0,74.0,820.0,273.0,198.0,sackmann_archive_2025
2025-0329,Tokyo,Hard,32,A,2025-09-24,371,126203,2.0,,Taylor Fritz,R,196.0,USA,27.9,132686,,,Nuno Borges,R,185.0,POR,28.5,7-5 7-6(4),3,R16,113.0,15.0,1.0,66.0,43.0,36.0,7.0,12.0,2.0,5.0,2.0,6.0,96.0,58.0,40.0,12.0,12.0,9.0,13.0,5.0,4675.0,51.0,995.0,sackmann_archive_2025
2025-0329,Tokyo,Hard,32,A,2025-09-24,370,207989,1.0,,Carlos Alcaraz,R,183.0,ESP,22.3,202104,,,Sebastian Baez,R,170.0,ARG,24.7,6-4 6-2,3,R32,90.0,3.0,2.0,56.0,43.0,31.0,5.0,9.0,1.0,2.0,1.0,2.0,54.0,40.0,25.0,5.0,9.0,1.0,5.0,1.0,11540.0,41.0,1135.0,sackmann_archive_2025
2025-0329,Tokyo,Hard,32,A,2025-09-24,369,200267,,,Zizou Bergs,R,185.0,BEL,26.3,126214,,,Alejandro Tabilo,L,188.0,CHI,28.3,1-6 7-6(2) 7-6(4),3,R32,168.0,12.0,3.0,102.0,60.0,43.0,23.0,15.0,2.0,5.0,3.0,4.0,115.0,73.0,53.0,20.0,16.0,4.0,5.0,45.0,1089.0,72.0,826.0,sackmann_archive_2025
2025-0329,Tokyo,Hard,32,A,2025-09-24,368,206909,,,Brandon Nakashima,R,188.0,USA,24.1,111442,,,Jordan Thompson,R,183.0,AUS,31.4,6-7(6) 7-6(4) 6-2,3,R32,184.0,10.0,1.0,116.0,75.0,55.0,23.0,16.0,9.0,10.0,10.0,5.0,119.0,73.0,52.0,22.0,16.0,4.0,7.0,33.0,1420.0,78.0,795.0,sackmann_archive_2025
2025-0329,Tokyo,Hard,32,A,2025-09-24,367,105916,,Q,Marton Fucsovics,R,188.0,HUN,33.6,126207,8.0,,Frances Tiafoe,R,188.0,USA,27.6,3-6 6-1 7-5,3,R32,147.0,6.0,1.0,82.0,48.0,33.0,24.0,14.0,2.0,4.0,10.0,3.0,103.0,55.0,37.0,21.0,14.0,9.0,13.0,58.0,916.0,29.0,1640.0,sackmann_archive_2025
2025-0329,Tokyo,Hard,32,A,2025-09-24,366,134770,4.0,,Casper Ruud,R,183.0,NOR,26.7,208278,,WC,Shintaro Mochizuki,R,175.0,JPN,22.3,4-6 6-1 6-1,3,R32,99.0,10.0,2.0,63.0,48.0,39.0,4.0,12.0,4.0,6.0,5.0,5.0,79.0,44.0,27.0,11.0,12.0,7.0,13.0,12.0,2755.0,106.0,607.0,sackmann_archive_2025
2025-0329,Tokyo,Hard,32,A,2025-09-24,365,126610,,,Matteo Berrettini,R,196.0,ITA,29.4,144719,,,Jaume Munar,R,183.0,ESP,28.3,6-4 6-2,3,R32,96.0,9.0,0.0,57.0,33.0,26.0,14.0,9.0,8.0,8.0,3.0,3.0,63.0,40.0,26.0,10.0,9.0,4.0,7.0,56.0,925.0,40.0,1138.0,sackmann_archive_2025
2025-0329,Tokyo,Hard,32,A,2025-09-24,364,126846,,Q,Aleksandar Vukic,R,188.0,AUS,29.4,106000,,,Damir Dzumhur,R,175.0,BIH,33.3,6-4 3-6 6-3,3,R32,110.0,12.0,3.0,80.0,40.0,34.0,22.0,14.0,4.0,5.0,2.0,2.0,74.0,52.0,36.0,15.0,14.0,0.0,2.0,95.0,668.0,66.0,868.0,sackmann_archive_2025
2025-0329,Tokyo,Hard,32,A,2025-09-24,363,127157,,,Daniel Altmaier,R,188.0,GER,27.0,133430,7.0,,Denis Shapovalov,L,185.0,CAN,26.4,7-5 6-3,3,R32,90.0,5.0,1.0,62.0,43.0,32.0,10.0,10.0,4.0,5.0,5.0,5.0,69.0,42.0,30.0,11.0,11.0,4.0,8.0,50.0,1003.0,26.0,1838.0,sackmann_archive_2025
2025-0329,Tokyo,Hard,32,A,2025-09-24,362,202385,,PR,Jenson Brooksby,R,188.0,USA,24.9,200005,6.0,,Ugo Humbert,L,188.0,FRA,27.2,7-6(4) 6-3,3,R32,104.0,3.0,2.0,69.0,40.0,33.0,14.0,11.0,3.0,5.0,4.0,2.0,68.0,45.0,30.0,11.0,10.0,3.0,6.0,86.0,737.0,24.0,2045.0,sackmann_archive_2025
2025-0329,Tokyo,Hard,32,A,2025-09-24,361,209260,,,Luciano Darderi,R,183.0,ITA,23.6,106415,,WC,Yoshihito Nishioka,L,170.0,JPN,29.9,7-6(9) 6-3,3,R32,120.0,10.0,0.0,73.0,50.0,38.0,14.0,10.0,5.0,6.0,7.0,0.0,80.0,56.0,36.0,13.0,11.0,4.0,7.0,30.0,1584.0,157.0,374.0,sackmann_archive_2025
2025-0329,Tokyo,Hard,32,A,2025-09-24,360,210319,,Q,Ethan Quinn,R,191.0,USA,21.5,210506,,,Alex Michelsen,R,193.0,USA,21.0,7-5 6-2,3,R32,82.0,10.0,2.0,55.0,32.0,26.0,15.0,10.0,0.0,0.0,8.0,3.0,66.0,44.0,26.0,12.0,10.0,5.0,8.0,81.0,773.0,32.0,1485.0,sackmann_archive_2025
2025-0329,Tokyo,Hard,32,A,2025-09-24,359,208029,3.0,,Holger Rune,R,188.0,DEN,22.4,209098,,,Hamad Medjedovic,R,188.0,SRB,22.1,7-6(7) 6-1,3,R32,101.0,11.0,2.0,63.0,40.0,29.0,15.0,10.0,3.0,4.0,9.0,0.0,64.0,41.0,26.0,11.0,9.0,3.0,6.0,11.0,3090.0,63.0,883.0,sackmann_archive_2025
2025-0329,Tokyo,Hard,32,A,2025-09-24,358,200647,,Q,Sho Shimabukuro,R,180.0,JPN,28.1,207830,5.0,,Tomas Machac,R,183.0,CZE,24.9,6-3 7-6(4),3,R32,89.0,5.0,0.0,64.0,38.0,27.0,20.0,11.0,0.0,1.0,6.0,3.0,83.0,53.0,34.0,16.0,10.0,10.0,12.0,273.0,198.0,22.0,2110.0,sackmann_archive_2025
2025-0329,Tokyo,Hard,32,A,2025-09-24,357,200624,,,Sebastian Korda,R,196.0,USA,25.2,106218,,,Marcos Giron,R,180.0,USA,32.1,4-6 6-3 7-6(4),3,R32,149.0,8.0,2.0,108.0,60.0,48.0,23.0,16.0,10.0,12.0,6.0,1.0,97.0,56.0,40.0,24.0,15.0,3.0,5.0,74.0,820.0,48.0,1040.0,sackmann_archive_2025
2025-0329,Tokyo,Hard,32,A,2025-09-24,356,132686,,,Nuno Borges,R,185.0,POR,28.5,133297,,WC,Yosuke Watanuki,R,180.0,JPN,27.4,2-6 6-4 6-1,3,R32,120.0,3.0,2.0,82.0,60.0,42.0,9.0,13.0,3.0,6.0,10.0,5.0,84.0,47.0,29.0,17.0,12.0,7.0,11.0,51.0,995.0,147.0,401.0,sackmann_archive_2025
2025-0329,Tokyo,Hard,32,A,2025-09-24,355,126203,2.0,,Taylor Fritz,R,196.0,USA,27.9,209113,,,Gabriel Diallo,R,203.0,CAN,23.9,4-6 6-3 7-6(3),3,R32,129.0,13.0,4.0,105.0,74.0,56.0,16.0,16.0,1.0,3.0,9.0,4.0,82.0,57.0,51.0,8.0,15.0,0.0,2.0,5.0,4675.0,35.0,1308.0,sackmann_archive_2025
2025-0747,Beijing,Hard,32,A,2025-09-25,385,206173,1.0,,Jannik Sinner,R,191.0,ITA,24.1,210530,,,Learner Tien,L,180.0,USA,19.8,6-2 6-2,3,F,72.0,10.0,1.0,53.0,35.0,27.0,10.0,8.0,2.0,2.0,0.0,6.0,43.0,22.0,12.0,10.0,8.0,2.0,6.0,2.0,10780.0,52.0,985.0,sackmann_archive_2025
2025-0747,Beijing,Hard,32,A,2025-09-25,384,206173,1.0,,Jannik Sinner,R,191.0,ITA,24.1,200282,3.0,,Alex De Minaur,R,183.0,AUS,26.5,6-3 4-6 6-2,3,SF,140.0,7.0,0.0,96.0,61.0,50.0,16.0,14.0,11.0,12.0,5.0,1.0,77.0,52.0,29.0,17.0,13.0,4.0,7.0,2.0,10780.0,8.0,3545.0,sackmann_archive_2025
2025-0747,Beijing,Hard,32,A,2025-09-25,383,210530,,,Learner Tien,L,180.0,USA,19.8,106421,8.0,,Daniil Medvedev,R,198.0,RUS,29.6,5-7 7-5 4-0 RET,3,SF,146.0,4.0,3.0,103.0,70.0,36.0,20.0,14.0,5.0,10.0,8.0,1.0,80.0,47.0,29.0,13.0,14.0,9.0,16.0,52.0,985.0,18.0,2410.0,sackmann_archive_2025
2025-0747,Beijing,Hard,32,A,2025-09-25,382,206173,1.0,,Jannik Sinner,R,191.0,ITA,24.1,206681,,,Fabian Marozsan,R,193.0,HUN,25.9,6-1 7-5,3,QF,80.0,7.0,1.0,53.0,30.0,21.0,14.0,9.0,1.0,2.0,3.0,3.0,53.0,35.0,19.0,6.0,10.0,6.0,11.0,2.0,10780.0,57.0,920.0,sackmann_archive_2025
2025-0747,Beijing,Hard,32,A,2025-09-25,381,200282,3.0,,Alex De Minaur,R,183.0,AUS,26.5,210150,7.0,,Jakub Mensik,R,193.0,CZE,20.0,4-1 RET,3,QF,29.0,2.0,0.0,9.0,6.0,5.0,3.0,2.0,0.0,0.0,4.0,2.0,26.0,11.0,9.0,3.0,3.0,2.0,4.0,8.0,3545.0,19.0,2380.0,sackmann_archive_2025
2025-0747,Beijing,Hard,32,A,2025-09-25,380,210530,,,Learner Tien,L,180.0,USA,19.8,207518,4.0,,Lorenzo Musetti,R,185.0,ITA,23.5,4-6 6-3 3-0 RET,3,QF,101.0,0.0,0.0,78.0,56.0,37.0,14.0,11.0,5.0,6.0,6.0,1.0,59.0,46.0,32.0,6.0,11.0,5.0,8.0,52.0,985.0,9.0,3505.0,sackmann_archive_2025
2025-0747,Beijing,Hard,32,A,2025-09-25,379,106421,8.0,,Daniil Medvedev,R,198.0,RUS,29.6,100644,2.0,,Alexander Zverev,R,198.0,GER,28.4,6-3 6-3,3,QF,82.0,5.0,5.0,52.0,35.0,30.0,9.0,9.0,4.0,4.0,0.0,0.0,57.0,44.0,28.0,5.0,9.0,1.0,4.0,18.0,2410.0,3.0,5930.0,sackmann_archive_2025
2025-0747,Beijing,Hard,32,A,2025-09-25,378,206173,1.0,,Jannik Sinner,R,191.0,ITA,24.1,209279,,Q,Terence Atmane,L,193.0,FRA,23.7,6-4 5-7 6-0,3,R16,141.0,3.0,0.0,92.0,58.0,40.0,16.0,14.0,6.0,9.0,11.0,1.0,83.0,55.0,35.0,9.0,14.0,5.0,11.0,2.0,10780.0,68.0,839.0,sackmann_archive_2025
2025-0747,Beijing,Hard,32,A,2025-09-25,377,206681,,,Fabian Marozsan,R,193.0,HUN,25.9,124186,,,Alexandre Muller,R,183.0,FRA,28.6,6-3 7-6(5),3,R16,93.0,3.0,1.0,74.0,56.0,37.0,13.0,11.0,0.0,1.0,7.0,3.0,67.0,37.0,27.0,13.0,10.0,3.0,5.0,57.0,920.0,38.0,1168.0,sackmann_archive_2025
2025-0747,Beijing,Hard,32,A,2025-09-25,376,200282,3.0,,Alex De Minaur,R,183.0,AUS,26.5,126239,,LL,Arthur Rinderknech,R,196.0,FRA,30.1,6-3 3-6 7-6(2),3,R16,136.0,7.0,2.0,83.0,58.0,46.0,19.0,15.0,4.0,5.0,11.0,1.0,97.0,70.0,54.0,13.0,15.0,3.0,4.0,8.0,3545.0,54.0,932.0,sackmann_archive_2025
2025-0747,Beijing,Hard,32,A,2025-09-25,375,210150,7.0,,Jakub Mensik,R,193.0,CZE,20.0,209070,,Q,Arthur Cazaux,R,183.0,FRA,23.0,6-3 2-6 6-4,3,R16,130.0,10.0,4.0,81.0,50.0,37.0,14.0,14.0,2.0,5.0,2.0,2.0,88.0,48.0,32.0,20.0,13.0,8.0,11.0,19.0,2380.0,80.0,782.0,sackmann_archive_2025
2025-0747,Beijing,Hard,32,A,2025-09-25,374,210530,,,Learner Tien,L,180.0,USA,19.8,207925,,,Flavio Cobolli,R,183.0,ITA,23.3,6-3 6-2,3,R16,73.0,1.0,1.0,59.0,36.0,24.0,12.0,9.0,3.0,5.0,1.0,3.0,49.0,25.0,12.0,10.0,8.0,4.0,9.0,52.0,985.0,25.0,2040.0,sackmann_archive_2025
2025-0747,Beijing,Hard,32,A,2025-09-25,373,207518,4.0,,Lorenzo Musetti,R,185.0,ITA,23.5,105173,,Q,Adrian Mannarino,L,180.0,FRA,37.2,6-3 6-3,3,R16,84.0,6.0,2.0,52.0,28.0,22.0,15.0,9.0,2.0,3.0,3.0,3.0,51.0,32.0,20.0,6.0,9.0,2.0,6.0,9.0,3505.0,60.0,897.0,sackmann_archive_2025
2025-0747,Beijing,Hard,32,A,2025-09-25,372,106421,8.0,,Daniil Medvedev,R,198.0,RUS,29.6,200221,,,Alejandro Davidovich Fokina,R,183.0,ESP,26.2,6-3 6-3,3,R16,84.0,5.0,5.0,56.0,31.0,21.0,11.0,9.0,0.0,3.0,1.0,3.0,60.0,34.0,19.0,8.0,9.0,3.0,9.0,18.0,2410.0,20.0,2225.0,sackmann_archive_2025
2025-0747,Beijing,Hard,32,A,2025-09-25,371,100644,2.0,,Alexander Zverev,R,198.0,GER,28.4,144895,,,Corentin Moutet,L,180.0,FRA,26.4,7-5 3-6 6-3,3,R16,158.0,7.0,2.0,95.0,71.0,45.0,12.0,15.0,6.0,9.0,3.0,1.0,88.0,55.0,38.0,18.0,15.0,5.0,9.0,3.0,5930.0,37.0,1233.0,sackmann_archive_2025
2025-0747,Beijing,Hard,32,A,2025-09-25,370,206173,1.0,,Jannik Sinner,R,191.0,ITA,24.1,105227,,,Marin Cilic,R,198.0,CRO,36.9,6-2 6-2,3,R32,81.0,3.0,0.0,47.0,36.0,27.0,7.0,8.0,1.0,1.0,3.0,4.0,53.0,24.0,14.0,11.0,8.0,6.0,10.0,2.0,10780.0,97.0,664.0,sackmann_archive_2025
2025-0747,Beijing,Hard,32,A,2025-09-25,369,209279,,Q,Terence Atmane,L,193.0,FRA,23.7,111190,,WC,Zhizhen Zhang,R,193.0,CHN,28.9,6-4 6-2,3,R32,71.0,6.0,0.0,48.0,25.0,22.0,17.0,9.0,2.0,2.0,1.0,2.0,63.0,41.0,27.0,10.0,9.0,5.0,8.0,68.0,839.0,370.0,135.0,sackmann_archive_2025
2025-0747,Beijing,Hard,32,A,2025-09-25,368,206681,,,Fabian Marozsan,R,193.0,HUN,25.9,126127,,,Benjamin Bonzi,R,183.0,FRA,29.2,7-6(1) 6-3,3,R32,92.0,9.0,1.0,59.0,45.0,39.0,6.0,10.0,2.0,2.0,5.0,5.0,78.0,39.0,29.0,18.0,11.0,5.0,7.0,57.0,920.0,47.0,1083.0,sackmann_archive_2025
2025-0747,Beijing,Hard,32,A,2025-09-25,367,124186,,,Alexandre Muller,R,183.0,FRA,28.6,111575,5.0,,Karen Khachanov,R,198.0,RUS,29.3,4-6 7-6(5) 6-4,3,R32,168.0,5.0,4.0,108.0,69.0,53.0,19.0,16.0,4.0,6.0,12.0,4.0,106.0,68.0,50.0,19.0,16.0,9.0,11.0,38.0,1168.0,10.0,3280.0,sackmann_archive_2025
2025-0747,Beijing,Hard,32,A,2025-09-25,366,200282,3.0,,Alex De Minaur,R,183.0,AUS,26.5,207352,,WC,Bu Yunchaokete,R,185.0,CHN,23.6,6-4 6-0,3,R32,87.0,10.0,0.0,51.0,34.0,26.0,9.0,8.0,1.0,1.0,5.0,3.0,57.0,32.0,18.0,11.0,8.0,7.0,11.0,8.0,3545.0,89.0,721.0,sackmann_archive_2025
2025-0747,Beijing,Hard,32,A,2025-09-25,365,126239,,LL,Arthur Rinderknech,R,196.0,FRA,30.1,105676,,Q,David Goffin,R,180.0,BEL,34.7,6-4 3-6 6-4,3,R32,148.0,12.0,3.0,100.0,52.0,38.0,26.0,14.0,7.0,9.0,9.0,3.0,75.0,44.0,35.0,18.0,15.0,1.0,4.0,54.0,932.0,87.0,734.0,sackmann_archive_2025
2025-0747,Beijing,Hard,32,A,2025-09-25,364,209070,,Q,Arthur Cazaux,R,183.0,FRA,23.0,209992,,WC,Juncheng Shang,L,180.0,CHN,20.6,0-6 7-6(5) 7-5,3,R32,161.0,8.0,2.0,110.0,62.0,41.0,24.0,15.0,8.0,12.0,6.0,2.0,84.0,49.0,38.0,20.0,15.0,0.0,2.0,80.0,782.0,238.0,235.0,sackmann_archive_2025
2025-0747,Beijing,Hard,32,A,2025-09-25,363,210150,7.0,,Jakub Mensik,R,193.0,CZE,20.0,200175,,,Miomir Kecmanovic,R,183.0,SRB,26.0,7-5 6-4,3,R32,111.0,10.0,7.0,88.0,41.0,31.0,20.0,11.0,14.0,17.0,3.0,3.0,75.0,41.0,30.0,12.0,11.0,3.0,8.0,19.0,2380.0,46.0,1086.0,sackmann_archive_2025
2025-0747,Beijing,Hard,32,A,2025-09-25,362,207925,,,Flavio Cobolli,R,183.0,ITA,23.3,126094,6.0,,Andrey Rublev,R,188.0,RUS,27.9,7-6(3) 6-3,3,R32,112.0,5.0,5.0,79.0,41.0,32.0,19.0,11.0,7.0,9.0,4.0,4.0,75.0,42.0,30.0,15.0,10.0,9.0,12.0,25.0,2040.0,14.0,2610.0,sackmann_archive_2025
2025-0747,Beijing,Hard,32,A,2025-09-25,361,210530,,,Learner Tien,L,180.0,USA,19.8,202103,,,Francisco Cerundolo,R,185.0,ARG,27.1,4-6 6-3 6-4,3,R32,135.0,1.0,6.0,93.0,56.0,36.0,19.0,15.0,3.0,7.0,9.0,3.0,89.0,49.0,36.0,14.0,14.0,3.0,8.0,52.0,985.0,21.0,2135.0,sackmann_archive_2025
2025-0747,Beijing,Hard,32,A,2025-09-25,360,105173,,Q,Adrian Mannarino,L,180.0,FRA,37.2,122330,,,Alexander Bublik,R,196.0,KAZ,28.2,6-3 6-2,3,R32,59.0,8.0,0.0,45.0,30.0,25.0,10.0,8.0,3.0,3.0,3.0,3.0,44.0,24.0,16.0,7.0,9.0,1.0,5.0,60.0,897.0,16.0,2445.0,sackmann_archive_2025
2025-0747,Beijing,Hard,32,A,2025-09-25,359,207518,4.0,,Lorenzo Musetti,R,185.0,ITA,23.5,208659,,,Giovanni Mpetshi Perricard,R,203.0,FRA,22.2,7-6(3) 6-7(4) 6-4,3,R32,144.0,4.0,2.0,111.0,73.0,57.0,24.0,17.0,4.0,5.0,14.0,1.0,98.0,73.0,59.0,13.0,17.0,3.0,5.0,9.0,3505.0,36.0,1275.0,sackmann_archive_2025
2025-0747,Beijing,Hard,32,A,2025-09-25,358,106421,8.0,,Daniil Medvedev,R,198.0,RUS,29.6,111815,,,Cameron Norrie,L,188.0,GBR,30.0,6-3 6-4,3,R32,75.0,9.0,3.0,43.0,27.0,22.0,8.0,9.0,0.0,2.0,1.0,1.0,61.0,38.0,19.0,11.0,10.0,6.0,11.0,18.0,2410.0,34.0,1397.0,sackmann_archive_2025
2025-0747,Beijing,Hard,32,A,2025-09-25,357,200221,,,Alejandro Davidovich Fokina,R,183.0,ESP,26.2,200116,,,Camilo Ugo Carabelli,R,185.0,ARG,26.2,6-1 6-3,3,R32,64.0,6.0,0.0,44.0,33.0,26.0,9.0,8.0,3.0,3.0,1.0,1.0,46.0,26.0,14.0,9.0,8.0,5.0,9.0,20.0,2225.0,43.0,1123.0,sackmann_archive_2025
2025-0747,Beijing,Hard,32,A,2025-09-25,356,144895,,,Corentin Moutet,L,180.0,FRA,26.4,134868,,,Tallon Griekspoor,R,188.0,NED,29.2,6-4 7-5,3,R32,109.0,4.0,2.0,80.0,50.0,37.0,17.0,11.0,7.0,7.0,2.0,3.0,54.0,32.0,25.0,13.0,11.0,0.0,2.0,37.0,1233.0,31.0,1565.0,sackmann_archive_2025
2025-0747,Beijing,Hard,32,A,2025-09-25,355,100644,2.0,,Alexander Zverev,R,198.0,GER,28.4,132283,,,Lorenzo Sonego,R,191.0,ITA,30.3,6-4 6-3,3,R32,90.0,4.0,0.0,50.0,41.0,32.0,6.0,10.0,0.0,1.0,2.0,2.0,59.0,38.0,24.0,9.0,9.0,1.0,4.0,3.0,5930.0,44.0,1105.0,sackmann_archive_2025
2025-5014,Shanghai Masters,Hard,96,M,2025-10-01,369,200473,,Q,Valentin Vacherot,R,193.0,MON,26.8,126239,,,Arthur Rinderknech,R,196.0,FRA,30.1,4-6 6-3 6-3,3,F,134.0,8.0,1.0,72.0,49.0,38.0,17.0,14.0,0.0,1.0,11.0,1.0,89.0,63.0,43.0,14.0,14.0,11.0,14.0,204.0,263.0,54.0,982.0,sackmann_archive_2025
2025-5014,Shanghai Masters,Hard,96,M,2025-10-01,368,126239,,,Arthur Rinderknech,R,196.0,FRA,30.1,106421,16.0,,Daniil Medvedev,R,198.0,RUS,29.6,4-6 6-2 6-4,3,SF,149.0,12.0,6.0,111.0,75.0,51.0,18.0,14.0,10.0,11.0,11.0,4.0,78.0,51.0,39.0,12.0,14.0,3.0,6.0,54.0,982.0,18.0,2410.0,sackmann_archive_2025
2025-5014,Shanghai Masters,Hard,96,M,2025-10-01,367,200473,,Q,Valentin Vacherot,R,193.0,MON,26.8,104925,4.0,,Novak Djokovic,R,188.0,SRB,38.3,6-3 6-4,3,SF,102.0,6.0,4.0,57.0,36.0,28.0,12.0,10.0,1.0,2.0,5.0,5.0,61.0,38.0,23.0,11.0,9.0,3.0,6.0,204.0,263.0,5.0,4830.0,sackmann_archive_2025
2025-5014,Shanghai Masters,Hard,96,M,2025-10-01,366,106421,16.0,,Daniil Medvedev,R,198.0,RUS,29.6,200282,7.0,,Alex De Minaur,R,183.0,AUS,26.6,6-4 6-4,3,QF,113.0,5.0,6.0,69.0,42.0,33.0,14.0,10.0,6.0,6.0,1.0,1.0,71.0,49.0,34.0,8.0,10.0,4.0,6.0,18.0,2410.0,7.0,3735.0,sackmann_archive_2025
2025-5014,Shanghai Masters,Hard,96,M,2025-10-01,365,126239,,,Arthur Rinderknech,R,196.0,FRA,30.1,200000,12.0,,Felix Auger Aliassime,R,193.0,CAN,25.1,6-3 6-4,3,QF,88.0,5.0,1.0,54.0,34.0,29.0,13.0,10.0,3.0,3.0,8.0,3.0,57.0,41.0,26.0,10.0,9.0,0.0,2.0,54.0,982.0,13.0,2755.0,sackmann_archive_2025
2025-5014,Shanghai Masters,Hard,96,M,2025-10-01,364,104925,4.0,,Novak Djokovic,R,188.0,SRB,38.3,200267,,,Zizou Bergs,R,185.0,BEL,26.3,6-3 7-5,3,QF,110.0,6.0,1.0,67.0,49.0,39.0,8.0,11.0,4.0,5.0,7.0,4.0,64.0,42.0,32.0,7.0,10.0,6.0,9.0,5.0,4830.0,44.0,1129.0,sackmann_archive_2025
2025-5014,Shanghai Masters,Hard,96,M,2025-10-01,363,200473,,Q,Valentin Vacherot,R,193.0,MON,26.8,208029,10.0,,Holger Rune,R,188.0,DEN,22.4,2-6 7-6(4) 6-4,3,QF,179.0,7.0,1.0,121.0,83.0,54.0,19.0,15.0,7.0,10.0,12.0,4.0,98.0,67.0,49.0,13.0,15.0,2.0,4.0,204.0,263.0,11.0,2990.0,sackmann_archive_2025
2025-5014,Shanghai Masters,Hard,96,M,2025-10-01,362,106421,16.0,,Daniil Medvedev,R,198.0,RUS,29.6,210530,,,Learner Tien,L,180.0,USA,19.8,7-6(6) 6-7(1) 6-4,3,R16,172.0,10.0,11.0,111.0,75.0,59.0,10.0,17.0,2.0,5.0,2.0,3.0,114.0,76.0,48.0,23.0,17.0,8.0,12.0,18.0,2410.0,36.0,1303.0,sackmann_archive_2025
2025-5014,Shanghai Masters,Hard,96,M,2025-10-01,361,200282,7.0,,Alex De Minaur,R,183.0,AUS,26.6,132686,,,Nuno Borges,R,185.0,POR,28.6,7-5 6-2,3,R16,107.0,2.0,0.0,54.0,33.0,26.0,17.0,10.0,3.0,3.0,2.0,0.0,86.0,56.0,36.0,11.0,10.0,9.0,12.0,7.0,3735.0,51.0,1020.0,sackmann_archive_2025
2025-5014,Shanghai Masters,Hard,96,M,2025-10-01,360,126239,,,Arthur Rinderknech,R,196.0,FRA,30.1,208103,15.0,,Jiri Lehecka,R,185.0,CZE,23.8,6-3 7-6(5),3,R16,91.0,9.0,0.0,56.0,44.0,41.0,8.0,11.0,0.0,0.0,3.0,2.0,65.0,41.0,33.0,12.0,10.0,2.0,3.0,54.0,982.0,19.0,2365.0,sackmann_archive_2025
2025-5014,Shanghai Masters,Hard,96,M,2025-10-01,359,200000,12.0,,Felix Auger Aliassime,R,193.0,CAN,25.1,207518,8.0,,Lorenzo Musetti,R,185.0,ITA,23.5,6-4 6-2,3,R16,85.0,6.0,1.0,53.0,41.0,31.0,7.0,9.0,3.0,3.0,3.0,0.0,58.0,39.0,23.0,11.0,9.0,3.0,6.0,13.0,2755.0,9.0,3555.0,sackmann_archive_2025
2025-5014,Shanghai Masters,Hard,96,M,2025-10-01,358,200267,,,Zizou Bergs,R,185.0,BEL,26.3,209113,31.0,,Gabriel Diallo,R,203.0,CAN,24.0,3-6 7-5 7-6(8),3,R16,168.0,10.0,3.0,101.0,66.0,47.0,21.0,16.0,2.0,5.0,10.0,3.0,100.0,75.0,57.0,10.0,17.0,1.0,4.0,44.0,1129.0,35.0,1308.0,sackmann_archive_2025
2025-5014,Shanghai Masters,Hard,96,M,2025-10-01,357,104925,4.0,,Novak Djokovic,R,188.0,SRB,38.3,144719,,,Jaume Munar,R,183.0,ESP,28.4,6-3 5-7 6-2,3,R16,161.0,3.0,0.0,84.0,58.0,44.0,16.0,15.0,1.0,2.0,3.0,0.0,86.0,49.0,29.0,26.0,14.0,5.0,8.0,5.0,4830.0,41.0,1138.0,sackmann_archive_2025
2025-5014,Shanghai Masters,Hard,96,M,2025-10-01,356,208029,10.0,,Holger Rune,R,188.0,DEN,22.4,208659,32.0,,Giovanni Mpetshi Perricard,R,203.0,FRA,22.2,6-4 6-7(7) 6-3,3,R16,148.0,9.0,0.0,93.0,59.0,48.0,24.0,16.0,3.0,3.0,16.0,5.0,96.0,63.0,47.0,19.0,15.0,5.0,7.0,11.0,2990.0,37.0,1275.0,sackmann_archive_2025
2025-5014,Shanghai Masters,Hard,96,M,2025-10-01,355,200473,,Q,Valentin Vacherot,R,193.0,MON,26.8,134868,27.0,,Tallon Griekspoor,R,188.0,NED,29.2,4-6 7-6(1) 6-4,3,R16,142.0,13.0,1.0,103.0,71.0,53.0,19.0,16.0,6.0,7.0,11.0,1.0,81.0,60.0,48.0,14.0,16.0,3.0,4.0,204.0,263.0,31.0,1565.0,sackmann_archive_2025
2025-5014,Shanghai Masters,Hard,96,M,2025-10-01,354,210530,,,Learner Tien,L,180.0,USA,19.8,111815,30.0,,Cameron Norrie,L,188.0,GBR,30.1,7-6(4) 6-3,3,R32,107.0,4.0,4.0,74.0,46.0,34.0,13.0,10.0,8.0,10.0,3.0,1.0,69.0,48.0,34.0,4.0,11.0,2.0,6.0,36.0,1303.0,33.0,1397.0,sackmann_archive_2025
2025-5014,Shanghai Masters,Hard,96,M,2025-10-01,353,106421,16.0,,Daniil Medvedev,R,198.0,RUS,29.6,200221,18.0,,Alejandro Davidovich Fokina,R,183.0,ESP,26.3,6-3 7-6(5),3,R32,111.0,9.0,1.0,61.0,35.0,33.0,15.0,11.0,1.0,1.0,1.0,2.0,80.0,53.0,38.0,11.0,10.0,8.0,9.0,18.0,2410.0,20.0,2240.0,sackmann_archive_2025
2025-5014,Shanghai Masters,Hard,96,M,2025-10-01,352,132686,,,Nuno Borges,R,185.0,POR,28.6,209992,,WC,Juncheng Shang,L,180.0,CHN,20.6,7-6(5) 4-6 6-3,3,R32,147.0,17.0,6.0,101.0,67.0,51.0,17.0,16.0,3.0,5.0,6.0,0.0,93.0,70.0,51.0,11.0,15.0,2.0,4.0,51.0,1020.0,237.0,235.0,sackmann_archive_2025
2025-5014,Shanghai Masters,Hard,96,M,2025-10-01,351,200282,7.0,,Alex De Minaur,R,183.0,AUS,26.6,111794,,,Kamil Majchrzak,R,180.0,POL,29.7,6-1 7-5,3,R32,87.0,4.0,0.0,45.0,31.0,24.0,10.0,9.0,1.0,2.0,8.0,3.0,75.0,45.0,28.0,10.0,10.0,6.0,11.0,7.0,3735.0,66.0,868.0,sackmann_archive_2025
2025-5014,Shanghai Masters,Hard,96,M,2025-10-01,350,126239,,,Arthur Rinderknech,R,196.0,FRA,30.1,100644,3.0,,Alexander Zverev,R,198.0,GER,28.4,4-6 6-3 6-2,3,R32,132.0,7.0,1.0,78.0,54.0,40.0,18.0,14.0,6.0,7.0,7.0,2.0,71.0,52.0,37.0,9.0,13.0,3.0,6.0,54.0,982.0,3.0,5980.0,sackmann_archive_2025
2025-5014,Shanghai Masters,Hard,96,M,2025-10-01,349,208103,15.0,,Jiri Lehecka,R,185.0,CZE,23.8,133430,23.0,,Denis Shapovalov,L,185.0,CAN,26.4,6-4 6-4,3,R32,93.0,5.0,2.0,56.0,35.0,26.0,12.0,10.0,1.0,3.0,8.0,6.0,75.0,47.0,30.0,11.0,10.0,10.0,14.0,19.0,2365.0,24.0,1838.0,sackmann_archive_2025
2025-5014,Shanghai Masters,Hard,96,M,2025-10-01,348,200000,12.0,,Felix Auger Aliassime,R,193.0,CAN,25.1,207411,,,Jesper De Jong,R,180.0,NED,25.3,6-4 7-5,3,R32,100.0,7.0,3.0,63.0,39.0,30.0,15.0,11.0,3.0,4.0,3.0,1.0,57.0,40.0,29.0,9.0,11.0,1.0,4.0,13.0,2755.0,81.0,772.0,sackmann_archive_2025
2025-5014,Shanghai Masters,Hard,96,M,2025-10-01,347,207518,8.0,,Lorenzo Musetti,R,185.0,ITA,23.5,209260,26.0,,Luciano Darderi,R,183.0,ITA,23.6,7-5 7-6(1),3,R32,131.0,11.0,2.0,87.0,63.0,43.0,13.0,12.0,6.0,8.0,2.0,2.0,77.0,48.0,37.0,9.0,12.0,5.0,8.0,9.0,3555.0,29.0,1609.0,sackmann_archive_2025
2025-5014,Shanghai Masters,Hard,96,M,2025-10-01,346,209113,31.0,,Gabriel Diallo,R,203.0,CAN,24.0,105676,,,David Goffin,R,180.0,BEL,34.8,3-0 RET,3,R32,10.0,4.0,0.0,10.0,8.0,6.0,2.0,2.0,0.0,0.0,0.0,1.0,8.0,4.0,3.0,0.0,1.0,0.0,1.0,35.0,1308.0,83.0,759.0,sackmann_archive_2025
2025-5014,Shanghai Masters,Hard,96,M,2025-10-01,345,200267,,,Zizou Bergs,R,185.0,BEL,26.3,202103,19.0,,Francisco Cerundolo,R,185.0,ARG,27.1,7-6(1) 6-3,3,R32,130.0,6.0,2.0,76.0,45.0,36.0,13.0,11.0,6.0,8.0,9.0,3.0,80.0,44.0,27.0,17.0,10.0,8.0,11.0,44.0,1129.0,21.0,2135.0,sackmann_archive_2025
2025-5014,Shanghai Masters,Hard,96,M,2025-10-01,344,144719,,,Jaume Munar,R,183.0,ESP,28.4,106415,,Q,Yoshihito Nishioka,L,170.0,JPN,30.0,6-4 5-7 6-1,3,R32,148.0,12.0,1.0,98.0,69.0,51.0,14.0,15.0,8.0,11.0,3.0,2.0,74.0,49.0,36.0,7.0,14.0,3.0,8.0,41.0,1138.0,173.0,324.0,sackmann_archive_2025
2025-5014,Shanghai Masters,Hard,96,M,2025-10-01,343,104925,4.0,,Novak Djokovic,R,188.0,SRB,38.3,105870,,Q,Yannick Hanfmann,R,193.0,GER,33.8,4-6 7-5 6-3,3,R32,162.0,7.0,1.0,89.0,54.0,46.0,20.0,16.0,2.0,3.0,13.0,0.0,87.0,54.0,41.0,17.0,15.0,1.0,3.0,5.0,4830.0,150.0,394.0,sackmann_archive_2025
2025-5014,Shanghai Masters,Hard,96,M,2025-10-01,342,208659,32.0,,Giovanni Mpetshi Perricard,R,203.0,FRA,22.2,126203,5.0,,Taylor Fritz,R,196.0,USA,27.9,6-4 7-5,3,R32,85.0,12.0,2.0,57.0,40.0,32.0,13.0,11.0,0.0,0.0,9.0,1.0,61.0,42.0,33.0,11.0,11.0,4.0,6.0,37.0,1275.0,4.0,4995.0,sackmann_archive_2025
2025-5014,Shanghai Masters,Hard,96,M,2025-10-01,341,208029,10.0,,Holger Rune,R,188.0,DEN,22.4,200005,21.0,,Ugo Humbert,L,188.0,FRA,27.2,6-4 6-4,3,R32,94.0,6.0,2.0,52.0,31.0,25.0,14.0,10.0,0.0,1.0,6.0,4.0,54.0,30.0,23.0,11.0,10.0,2.0,5.0,11.0,2990.0,26.0,1725.0,sackmann_archive_2025
2025-5014,Shanghai Masters,Hard,96,M,2025-10-01,340,200473,,Q,Valentin Vacherot,R,193.0,MON,26.8,207830,20.0,,Tomas Machac,R,183.0,CZE,24.9,6-0 3-1 RET,3,R32,53.0,3.0,0.0,26.0,16.0,13.0,9.0,5.0,0.0,0.0,1.0,1.0,52.0,31.0,17.0,6.0,5.0,9.0,13.0,204.0,263.0,23.0,1920.0,sackmann_archive_2025
2025-5014,Shanghai Masters,Hard,96,M,2025-10-01,339,134868,27.0,,Tallon Griekspoor,R,188.0,NED,29.2,206173,2.0,,Jannik Sinner,R,191.0,ITA,24.1,6-7(3) 7-5 3-2 RET,3,R32,156.0,17.0,1.0,99.0,68.0,53.0,15.0,14.0,6.0,6.0,10.0,2.0,79.0,59.0,44.0,15.0,15.0,1.0,3.0,31.0,1565.0,2.0,10950.0,sackmann_archive_2025
2025-5014,Shanghai Masters,Hard,96,M,2025-10-01,338,210530,,,Learner Tien,L,180.0,USA,19.8,144895,,,Corentin Moutet,L,180.0,FRA,26.4,4-6 6-4 6-4,3,R64,156.0,2.0,4.0,81.0,54.0,33.0,14.0,15.0,2.0,7.0,5.0,2.0,101.0,60.0,40.0,17.0,15.0,6.0,12.0,36.0,1303.0,38.0,1258.0,sackmann_archive_2025
2025-5014,Shanghai Masters,Hard,96,M,2025-10-01,337,111815,30.0,,Cameron Norrie,L,188.0,GBR,30.1,209070,,,Arthur Cazaux,R,183.0,FRA,23.1,6-3 0-6 7-6(5),3,R64,127.0,1.0,1.0,68.0,45.0,34.0,15.0,13.0,0.0,3.0,15.0,2.0,84.0,57.0,46.0,12.0,14.0,3.0,5.0,33.0,1397.0,70.0,843.0,sackmann_archive_2025
2025-5014,Shanghai Masters,Hard,96,M,2025-10-01,336,200221,18.0,,Alejandro Davidovich Fokina,R,183.0,ESP,26.3,208286,,,Matteo Arnaldi,R,185.0,ITA,24.5,6-4 6-4,3,R64,90.0,5.0,1.0,64.0,45.0,35.0,10.0,10.0,2.0,2.0,5.0,0.0,58.0,36.0,25.0,14.0,10.0,2.0,4.0,20.0,2240.0,71.0,838.0,sackmann_archive_2025
2025-5014,Shanghai Masters,Hard,96,M,2025-10-01,335,106421,16.0,,Daniil Medvedev,R,198.0,RUS,29.6,207494,,Q,Dalibor Svrcina,R,178.0,CZE,22.9,6-1 6-1,3,R64,60.0,2.0,2.0,35.0,29.0,24.0,4.0,7.0,0.0,0.0,0.0,1.0,43.0,30.0,10.0,6.0,7.0,4.0,9.0,18.0,2410.0,91.0,684.0,sackmann_archive_2025
2025-5014,Shanghai Masters,Hard,96,M,2025-10-01,334,209992,,WC,Juncheng Shang,L,180.0,CHN,20.6,111575,9.0,,Karen Khachanov,R,198.0,RUS,29.3,7-6(3) 6-3,3,R64,101.0,5.0,2.0,65.0,45.0,39.0,6.0,11.0,0.0,2.0,8.0,1.0,62.0,42.0,30.0,8.0,10.0,0.0,3.0,237.0,235.0,10.0,3190.0,sackmann_archive_2025
2025-5014,Shanghai Masters,Hard,96,M,2025-10-01,333,132686,,,Nuno Borges,R,185.0,POR,28.6,126846,,LL,Aleksandar Vukic,R,188.0,AUS,29.4,7-6(7) 6-4,3,R64,102.0,7.0,1.0,73.0,52.0,40.0,10.0,11.0,2.0,3.0,10.0,0.0,75.0,44.0,31.0,16.0,11.0,4.0,6.0,51.0,1020.0,79.0,783.0,sackmann_archive_2025
2025-5014,Shanghai Masters,Hard,96,M,2025-10-01,332,111794,,,Kamil Majchrzak,R,180.0,POL,29.7,206909,29.0,,Brandon Nakashima,R,188.0,USA,24.1,6-4 6-0,3,R64,70.0,11.0,0.0,49.0,36.0,26.0,7.0,8.0,0.0,1.0,5.0,2.0,54.0,32.0,17.0,9.0,8.0,6.0,11.0,66.0,868.0,32.0,1470.0,sackmann_archive_2025
2025-5014,Shanghai Masters,Hard,96,M,2025-10-01,331,200282,7.0,,Alex De Minaur,R,183.0,AUS,26.6,200116,,,Camilo Ugo Carabelli,R,185.0,ARG,26.2,6-4 6-2,3,R64,88.0,3.0,1.0,45.0,30.0,26.0,11.0,9.0,0.0,0.0,6.0,1.0,63.0,42.0,24.0,12.0,9.0,6.0,9.0,7.0,3735.0,45.0,1123.0,sackmann_archive_2025
2025-5014,Shanghai Masters,Hard,96,M,2025-10-01,330,100644,3.0,,Alexander Zverev,R,198.0,GER,28.4,208316,,Q,Valentin Royer,R,188.0,FRA,24.3,6-4 6-4,3,R64,98.0,12.0,2.0,61.0,44.0,34.0,10.0,10.0,5.0,5.0,3.0,0.0,62.0,43.0,27.0,13.0,10.0,2.0,4.0,3.0,5980.0,76.0,805.0,sackmann_archive_2025
2025-5014,Shanghai Masters,Hard,96,M,2025-10-01,329,126239,,,Arthur Rinderknech,R,196.0,FRA,30.1,210506,28.0,,Alex Michelsen,R,193.0,USA,21.0,6-3 6-4,3,R64,106.0,3.0,2.0,64.0,41.0,30.0,11.0,9.0,7.0,8.0,4.0,0.0,60.0,43.0,27.0,8.0,10.0,2.0,6.0,54.0,982.0,34.0,1385.0,sackmann_archive_2025
2025-5014,Shanghai Masters,Hard,96,M,2025-10-01,328,133430,23.0,,Denis Shapovalov,L,185.0,CAN,26.4,106331,,,Christopher Oconnell,R,183.0,AUS,31.3,6-3 6-2,3,R64,72.0,11.0,3.0,54.0,33.0,25.0,12.0,9.0,2.0,3.0,3.0,0.0,49.0,26.0,16.0,8.0,8.0,5.0,9.0,24.0,1838.0,109.0,582.0,sackmann_archive_2025
2025-5014,Shanghai Masters,Hard,96,M,2025-10-01,327,208103,15.0,,Jiri Lehecka,R,185.0,CZE,23.8,111460,,,Quentin Halys,R,191.0,FRA,28.9,6-4 7-5,3,R64,85.0,8.0,2.0,58.0,42.0,35.0,10.0,11.0,0.0,0.0,5.0,3.0,60.0,34.0,29.0,10.0,11.0,1.0,3.0,19.0,2365.0,75.0,809.0,sackmann_archive_2025
2025-5014,Shanghai Masters,Hard,96,M,2025-10-01,326,200000,12.0,,Felix Auger Aliassime,R,193.0,CAN,25.1,126214,,Q,Alejandro Tabilo,L,188.0,CHI,28.3,6-3 6-3,3,R64,85.0,11.0,2.0,67.0,47.0,35.0,9.0,9.0,7.0,7.0,2.0,0.0,54.0,38.0,21.0,10.0,9.0,2.0,5.0,13.0,2755.0,74.0,826.0,sackmann_archive_2025
2025-5014,Shanghai Masters,Hard,96,M,2025-10-01,325,207411,,,Jesper De Jong,R,180.0,NED,25.3,210150,17.0,,Jakub Mensik,R,193.0,CZE,20.0,4-6 7-6(2) 6-4,3,R64,148.0,13.0,3.0,101.0,63.0,53.0,19.0,16.0,2.0,4.0,17.0,3.0,102.0,67.0,50.0,18.0,16.0,7.0,9.0,81.0,772.0,16.0,2455.0,sackmann_archive_2025
2025-5014,Shanghai Masters,Hard,96,M,2025-10-01,324,209260,26.0,,Luciano Darderi,R,183.0,ITA,23.6,207352,,,Bu Yunchaokete,R,185.0,CHN,23.6,6-4 6-4,3,R64,90.0,9.0,0.0,52.0,33.0,28.0,11.0,10.0,2.0,3.0,10.0,0.0,55.0,31.0,25.0,9.0,10.0,2.0,5.0,29.0,1609.0,121.0,531.0,sackmann_archive_2025
2025-5014,Shanghai Masters,Hard,96,M,2025-10-01,323,207518,8.0,,Lorenzo Musetti,R,185.0,ITA,23.5,207681,,,Francisco Comesana,R,178.0,ARG,24.9,6-4 6-0,3,R64,87.0,1.0,0.0,43.0,26.0,21.0,11.0,8.0,0.0,0.0,2.0,2.0,48.0,26.0,18.0,6.0,8.0,5.0,9.0,9.0,3555.0,62.0,912.0,sackmann_archive_2025
2025-5014,Shanghai Masters,Hard,96,M,2025-10-01,322,105676,,,David Goffin,R,180.0,BEL,34.8,210097,6.0,,Ben Shelton,L,193.0,USA,22.9,6-2 6-4,3,R64,91.0,2.0,0.0,52.0,39.0,32.0,7.0,9.0,3.0,3.0,6.0,0.0,43.0,30.0,20.0,7.0,9.0,2.0,5.0,83.0,759.0,6.0,4190.0,sackmann_archive_2025
2025-5014,Shanghai Masters,Hard,96,M,2025-10-01,321,209113,31.0,,Gabriel Diallo,R,203.0,CAN,24.0,126127,,,Benjamin Bonzi,R,183.0,FRA,29.3,6-4 6-4,3,R64,88.0,4.0,2.0,49.0,32.0,29.0,11.0,10.0,0.0,0.0,7.0,2.0,61.0,40.0,30.0,8.0,10.0,2.0,4.0,35.0,1308.0,48.0,1075.0,sackmann_archive_2025
2025-5014,Shanghai Masters,Hard,96,M,2025-10-01,320,202103,19.0,,Francisco Cerundolo,R,185.0,ARG,27.1,105173,,,Adrian Mannarino,L,180.0,FRA,37.2,7-6(3) 7-6(4),3,R64,143.0,9.0,1.0,82.0,58.0,45.0,11.0,12.0,4.0,6.0,6.0,1.0,89.0,52.0,36.0,20.0,12.0,2.0,4.0,21.0,2135.0,60.0,922.0,sackmann_archive_2025
2025-5014,Shanghai Masters,Hard,96,M,2025-10-01,319,200267,,,Zizou Bergs,R,185.0,BEL,26.3,134770,11.0,,Casper Ruud,R,183.0,NOR,26.7,3-6 7-5 4-1 RET,3,R64,128.0,11.0,5.0,67.0,32.0,27.0,24.0,13.0,4.0,5.0,4.0,5.0,84.0,49.0,37.0,17.0,13.0,2.0,4.0,44.0,1129.0,12.0,2945.0,sackmann_archive_2025
2025-5014,Shanghai Masters,Hard,96,M,2025-10-01,318,106415,,Q,Yoshihito Nishioka,L,170.0,JPN,30.0,126094,13.0,,Andrey Rublev,R,188.0,RUS,27.9,2-6 6-1 6-4,3,R64,107.0,3.0,0.0,74.0,49.0,36.0,16.0,13.0,5.0,7.0,2.0,0.0,65.0,46.0,36.0,7.0,12.0,2.0,5.0,173.0,324.0,14.0,2560.0,sackmann_archive_2025
2025-5014,Shanghai Masters,Hard,96,M,2025-10-01,317,144719,,,Jaume Munar,R,183.0,ESP,28.4,207925,22.0,,Flavio Cobolli,R,183.0,ITA,23.4,7-5 6-1,3,R64,92.0,2.0,1.0,53.0,27.0,24.0,17.0,10.0,1.0,1.0,2.0,5.0,61.0,37.0,24.0,12.0,9.0,3.0,6.0,41.0,1138.0,22.0,1990.0,sackmann_archive_2025
2025-5014,Shanghai Masters,Hard,96,M,2025-10-01,316,105870,,Q,Yannick Hanfmann,R,193.0,GER,33.8,126207,25.0,,Frances Tiafoe,R,188.0,USA,27.6,6-7(9) 6-2 6-1,3,R64,170.0,21.0,1.0,96.0,70.0,50.0,15.0,14.0,1.0,3.0,5.0,4.0,98.0,51.0,33.0,25.0,13.0,12.0,18.0,150.0,394.0,28.0,1640.0,sackmann_archive_2025
2025-5014,Shanghai Masters,Hard,96,M,2025-10-01,315,104925,4.0,,Novak Djokovic,R,188.0,SRB,38.3,105227,,,Marin Cilic,R,198.0,CRO,37.0,7-6(2) 6-4,3,R64,114.0,10.0,2.0,73.0,50.0,42.0,13.0,11.0,4.0,4.0,6.0,0.0,56.0,34.0,27.0,14.0,11.0,0.0,1.0,5.0,4830.0,94.0,664.0,sackmann_archive_2025
2025-5014,Shanghai Masters,Hard,96,M,2025-10-01,314,126203,5.0,,Taylor Fritz,R,196.0,USA,27.9,206681,,,Fabian Marozsan,R,193.0,HUN,25.9,2-6 7-6(4) 7-6(1),3,R64,140.0,15.0,1.0,93.0,60.0,51.0,19.0,16.0,3.0,5.0,7.0,1.0,109.0,76.0,56.0,20.0,16.0,8.0,8.0,4.0,4995.0,52.0,1010.0,sackmann_archive_2025
2025-5014,Shanghai Masters,Hard,96,M,2025-10-01,313,208659,32.0,,Giovanni Mpetshi Perricard,R,203.0,FRA,22.2,208134,,,Luca Nardi,R,185.0,ITA,22.1,6-3 7-6(4),3,R64,99.0,11.0,1.0,76.0,53.0,41.0,13.0,11.0,4.0,5.0,3.0,3.0,65.0,35.0,23.0,18.0,10.0,2.0,4.0,37.0,1275.0,88.0,727.0,sackmann_archive_2025
2025-5014,Shanghai Masters,Hard,96,M,2025-10-01,312,200005,21.0,,Ugo Humbert,L,188.0,FRA,27.2,111442,,,Jordan Thompson,R,183.0,AUS,31.4,6-3 7-6(4),3,R64,106.0,9.0,2.0,71.0,51.0,40.0,11.0,11.0,3.0,4.0,10.0,0.0,75.0,57.0,37.0,10.0,10.0,5.0,7.0,26.0,1725.0,85.0,745.0,sackmann_archive_2025
2025-5014,Shanghai Masters,Hard,96,M,2025-10-01,311,208029,10.0,,Holger Rune,R,188.0,DEN,22.4,202104,,,Sebastian Baez,R,170.0,ARG,24.7,7-5 6-4,3,R64,106.0,3.0,5.0,68.0,42.0,32.0,9.0,11.0,3.0,6.0,1.0,0.0,71.0,51.0,28.0,10.0,11.0,8.0,13.0,11.0,2990.0,42.0,1135.0,sackmann_archive_2025
2025-5014,Shanghai Masters,Hard,96,M,2025-10-01,310,200473,,Q,Valentin Vacherot,R,193.0,MON,26.8,122330,14.0,,Alexander Bublik,R,196.0,KAZ,28.2,3-6 6-3 6-4,3,R64,109.0,11.0,4.0,83.0,61.0,49.0,10.0,14.0,3.0,4.0,10.0,1.0,80.0,49.0,39.0,17.0,14.0,4.0,6.0,204.0,263.0,17.0,2445.0,sackmann_archive_2025
2025-5014,Shanghai Masters,Hard,96,M,2025-10-01,309,207830,20.0,,Tomas Machac,R,183.0,CZE,24.9,208233,,,Mattia Bellucci,L,175.0,ITA,24.3,6-3 6-4,3,R64,108.0,11.0,1.0,70.0,48.0,34.0,13.0,10.0,4.0,4.0,8.0,4.0,88.0,52.0,38.0,13.0,9.0,8.0,10.0,23.0,1920.0,69.0,857.0,sackmann_archive_2025
2025-5014,Shanghai Masters,Hard,96,M,2025-10-01,308,134868,27.0,,Tallon Griekspoor,R,188.0,NED,29.2,202385,,PR,Jenson Brooksby,R,188.0,USA,24.9,6-1 1-6 6-1,3,R64,106.0,5.0,2.0,67.0,43.0,31.0,11.0,11.0,5.0,7.0,0.0,3.0,60.0,40.0,25.0,6.0,10.0,9.0,13.0,31.0,1565.0,57.0,937.0,sackmann_archive_2025
2025-5014,Shanghai Masters,Hard,96,M,2025-10-01,307,206173,2.0,,Jannik Sinner,R,191.0,ITA,24.1,127157,,,Daniel Altmaier,R,188.0,GER,27.0,6-3 6-3,3,R64,98.0,3.0,0.0,54.0,34.0,30.0,9.0,9.0,2.0,2.0,5.0,2.0,61.0,35.0,22.0,13.0,9.0,1.0,4.0,2.0,10950.0,49.0,1043.0,sackmann_archive_2025
2025-5014,Shanghai Masters,Hard,96,M,2025-10-01,306,210530,,,Learner Tien,L,180.0,USA,19.8,200175,,,Miomir Kecmanovic,R,183.0,SRB,26.0,4-6 6-3 6-4,3,R128,126.0,11.0,4.0,84.0,50.0,40.0,19.0,15.0,5.0,7.0,5.0,2.0,95.0,70.0,47.0,11.0,14.0,6.0,9.0,36.0,1303.0,47.0,1086.0,sackmann_archive_2025
2025-5014,Shanghai Masters,Hard,96,M,2025-10-01,305,209070,,,Arthur Cazaux,R,183.0,FRA,23.1,124079,,,Pedro Martinez,R,185.0,ESP,28.4,6-3 3-6 7-5,3,R128,181.0,23.0,1.0,78.0,50.0,43.0,14.0,15.0,2.0,4.0,2.0,3.0,114.0,79.0,52.0,16.0,15.0,8.0,11.0,70.0,843.0,73.0,833.0,sackmann_archive_2025
2025-5014,Shanghai Masters,Hard,96,M,2025-10-01,304,208286,,,Matteo Arnaldi,R,185.0,ITA,24.5,210536,,Q,Rei Sakamoto,R,193.0,JPN,19.2,7-6(3) 6-4,3,R128,111.0,6.0,2.0,66.0,45.0,35.0,9.0,11.0,1.0,3.0,3.0,2.0,72.0,39.0,27.0,18.0,11.0,7.0,10.0,71.0,838.0,188.0,292.0,sackmann_archive_2025
2025-5014,Shanghai Masters,Hard,96,M,2025-10-01,303,207494,,Q,Dalibor Svrcina,R,178.0,CZE,22.9,200059,,WC,Yibing Wu,R,183.0,CHN,25.9,7-5 0-0 RET,3,R128,55.0,0.0,1.0,31.0,23.0,16.0,4.0,6.0,2.0,4.0,1.0,0.0,40.0,28.0,12.0,8.0,6.0,5.0,8.0,91.0,684.0,159.0,372.0,sackmann_archive_2025
2025-5014,Shanghai Masters,Hard,96,M,2025-10-01,302,209992,,WC,Juncheng Shang,L,180.0,CHN,20.6,206499,,,Aleksandar Kovacevic,R,183.0,USA,27.0,6-4 3-6 6-3,3,R128,115.0,6.0,1.0,77.0,56.0,40.0,14.0,14.0,0.0,1.0,10.0,1.0,84.0,54.0,42.0,14.0,14.0,1.0,3.0,237.0,235.0,68.0,862.0,sackmann_archive_2025
2025-5014,Shanghai Masters,Hard,96,M,2025-10-01,301,132686,,,Nuno Borges,R,185.0,POR,28.6,122298,,,Botic Van De Zandschulp,R,191.0,NED,29.9,7-6(5) 7-6(5),3,R128,136.0,8.0,3.0,90.0,55.0,39.0,19.0,12.0,2.0,3.0,10.0,4.0,80.0,50.0,40.0,16.0,12.0,1.0,2.0,51.0,1020.0,84.0,747.0,sackmann_archive_2025
2025-5014,Shanghai Masters,Hard,96,M,2025-10-01,300,111794,,,Kamil Majchrzak,R,180.0,POL,29.7,210319,,,Ethan Quinn,R,191.0,USA,21.5,6-3 6-4,3,R128,66.0,2.0,0.0,47.0,27.0,22.0,18.0,10.0,0.0,0.0,8.0,3.0,51.0,30.0,23.0,10.0,9.0,4.0,6.0,66.0,868.0,72.0,836.0,sackmann_archive_2025
2025-5014,Shanghai Masters,Hard,96,M,2025-10-01,299,200116,,,Camilo Ugo Carabelli,R,185.0,ARG,26.2,209279,,,Terence Atmane,L,193.0,FRA,23.7,4-4 RET,3,R128,38.0,1.0,1.0,26.0,17.0,12.0,4.0,4.0,2.0,3.0,4.0,2.0,27.0,17.0,12.0,3.0,4.0,1.0,2.0,45.0,1123.0,61.0,914.0,sackmann_archive_2025
2025-5014,Shanghai Masters,Hard,96,M,2025-10-01,298,208316,,Q,Valentin Royer,R,188.0,FRA,24.3,208363,,,Mariano Navone,R,178.0,ARG,24.5,3-6 6-4 6-4,3,R128,137.0,8.0,1.0,91.0,65.0,44.0,14.0,15.0,3.0,7.0,8.0,3.0,82.0,49.0,33.0,15.0,14.0,1.0,5.0,76.0,805.0,86.0,745.0,sackmann_archive_2025
2025-5014,Shanghai Masters,Hard,96,M,2025-10-01,297,126239,,,Arthur Rinderknech,R,196.0,FRA,30.1,209098,,,Hamad Medjedovic,R,188.0,SRB,22.2,6-7(3) 1-0 RET,3,R128,104.0,14.0,0.0,46.0,35.0,27.0,3.0,7.0,3.0,4.0,6.0,2.0,68.0,44.0,31.0,9.0,6.0,6.0,7.0,54.0,982.0,65.0,872.0,sackmann_archive_2025
2025-5014,Shanghai Masters,Hard,96,M,2025-10-01,296,106331,,,Christopher Oconnell,R,183.0,AUS,31.3,106000,,,Damir Dzumhur,R,175.0,BIH,33.3,6-2 6-4,3,R128,97.0,6.0,0.0,70.0,39.0,29.0,18.0,9.0,4.0,4.0,1.0,2.0,62.0,39.0,20.0,15.0,9.0,4.0,7.0,109.0,582.0,67.0,868.0,sackmann_archive_2025
2025-5014,Shanghai Masters,Hard,96,M,2025-10-01,295,111460,,,Quentin Halys,R,191.0,FRA,28.9,111456,,LL,Mackenzie Mcdonald,R,178.0,USA,30.4,6-3 6-2,3,R128,63.0,7.0,2.0,51.0,31.0,23.0,15.0,9.0,3.0,3.0,1.0,0.0,46.0,33.0,20.0,8.0,8.0,2.0,5.0,75.0,809.0,99.0,642.0,sackmann_archive_2025
2025-5014,Shanghai Masters,Hard,96,M,2025-10-01,294,126214,,Q,Alejandro Tabilo,L,188.0,CHI,28.3,106218,,,Marcos Giron,R,180.0,USA,32.1,6-4 6-3,3,R128,77.0,6.0,1.0,58.0,42.0,34.0,9.0,10.0,2.0,2.0,3.0,1.0,50.0,32.0,20.0,12.0,9.0,4.0,6.0,74.0,826.0,50.0,1040.0,sackmann_archive_2025
2025-5014,Shanghai Masters,Hard,96,M,2025-10-01,293,207411,,,Jesper De Jong,R,180.0,NED,25.3,212044,,WC,Yi Zhou,R,193.0,CHN,20.5,6-7(1) 6-2 7-6(3),3,R128,164.0,11.0,4.0,104.0,68.0,54.0,18.0,16.0,1.0,2.0,17.0,0.0,97.0,67.0,55.0,11.0,16.0,3.0,6.0,81.0,772.0,308.0,170.0,sackmann_archive_2025
2025-5014,Shanghai Masters,Hard,96,M,2025-10-01,292,207352,,,Bu Yunchaokete,R,185.0,CHN,23.6,207678,,,Juan Manuel Cerundolo,L,183.0,ARG,23.8,6-3 6-7(5) 6-3,3,R128,172.0,10.0,1.0,117.0,82.0,63.0,16.0,16.0,9.0,9.0,10.0,4.0,97.0,58.0,46.0,19.0,14.0,3.0,5.0,121.0,531.0,87.0,742.0,sackmann_archive_2025
2025-5014,Shanghai Masters,Hard,96,M,2025-10-01,291,207681,,,Francisco Comesana,R,178.0,ARG,24.9,200259,,Q,Ugo Blanchet,R,175.0,FRA,26.7,6-4 6-2,3,R128,91.0,3.0,4.0,56.0,31.0,29.0,10.0,9.0,3.0,4.0,4.0,0.0,55.0,34.0,20.0,10.0,9.0,1.0,5.0,62.0,912.0,151.0,390.0,sackmann_archive_2025
2025-5014,Shanghai Masters,Hard,96,M,2025-10-01,290,105676,,,David Goffin,R,180.0,BEL,34.8,124186,,,Alexandre Muller,R,183.0,FRA,28.6,6-7(6) 6-1 6-1,3,R128,126.0,12.0,1.0,84.0,49.0,37.0,21.0,13.0,2.0,3.0,3.0,5.0,82.0,51.0,34.0,12.0,13.0,4.0,10.0,83.0,759.0,39.0,1205.0,sackmann_archive_2025
2025-5014,Shanghai Masters,Hard,96,M,2025-10-01,289,126127,,,Benjamin Bonzi,R,183.0,FRA,29.3,124187,,,Reilly Opelka,R,211.0,USA,28.0,7-6(2) 6-4,3,R128,95.0,4.0,1.0,65.0,42.0,33.0,16.0,11.0,1.0,2.0,11.0,0.0,71.0,44.0,33.0,12.0,11.0,8.0,10.0,48.0,1075.0,64.0,895.0,sackmann_archive_2025
2025-5014,Shanghai Masters,Hard,96,M,2025-10-01,288,105173,,,Adrian Mannarino,L,180.0,FRA,37.2,126610,,,Matteo Berrettini,R,196.0,ITA,29.4,7-5 7-6(5),3,R128,112.0,6.0,1.0,62.0,37.0,34.0,19.0,12.0,0.0,0.0,10.0,3.0,77.0,52.0,39.0,14.0,12.0,5.0,6.0,60.0,922.0,59.0,925.0,sackmann_archive_2025
2025-5014,Shanghai Masters,Hard,96,M,2025-10-01,287,200267,,,Zizou Bergs,R,185.0,BEL,26.3,200624,,,Sebastian Korda,R,196.0,USA,25.2,6-4 7-5,3,R128,97.0,7.0,3.0,63.0,41.0,31.0,11.0,11.0,0.0,2.0,3.0,4.0,68.0,43.0,27.0,11.0,11.0,6.0,10.0,44.0,1129.0,63.0,910.0,sackmann_archive_2025
2025-5014,Shanghai Masters,Hard,96,M,2025-10-01,286,106415,,Q,Yoshihito Nishioka,L,170.0,JPN,30.0,207686,,,Alexander Shevchenko,R,185.0,KAZ,24.8,6-1 6-2,3,R128,70.0,2.0,0.0,65.0,47.0,32.0,10.0,8.0,5.0,5.0,9.0,1.0,46.0,30.0,21.0,2.0,7.0,4.0,8.0,173.0,324.0,89.0,727.0,sackmann_archive_2025
2025-5014,Shanghai Masters,Hard,96,M,2025-10-01,285,144719,,,Jaume Munar,R,183.0,ESP,28.4,105916,,,Marton Fucsovics,R,188.0,HUN,33.6,4-6 7-5 6-1,3,R128,161.0,4.0,1.0,93.0,65.0,48.0,18.0,15.0,7.0,8.0,0.0,4.0,85.0,49.0,35.0,19.0,14.0,4.0,7.0,41.0,1138.0,53.0,984.0,sackmann_archive_2025
2025-5014,Shanghai Masters,Hard,96,M,2025-10-01,284,105870,,Q,Yannick Hanfmann,R,193.0,GER,33.8,132283,,,Lorenzo Sonego,R,191.0,ITA,30.3,2-6 6-3 6-1,3,R128,115.0,2.0,2.0,71.0,50.0,32.0,15.0,12.0,3.0,5.0,8.0,3.0,66.0,37.0,26.0,13.0,12.0,3.0,7.0,150.0,394.0,46.0,1105.0,sackmann_archive_2025
2025-5014,Shanghai Masters,Hard,96,M,2025-10-01,283,105227,,,Marin Cilic,R,198.0,CRO,37.0,105932,,Q,Nikoloz Basilashvili,R,185.0,GEO,33.5,6-3 7-6(5),3,R128,89.0,17.0,0.0,63.0,37.0,33.0,16.0,11.0,2.0,2.0,8.0,3.0,63.0,40.0,32.0,11.0,10.0,0.0,1.0,94.0,664.0,100.0,618.0,sackmann_archive_2025
2025-5014,Shanghai Masters,Hard,96,M,2025-10-01,282,206681,,,Fabian Marozsan,R,193.0,HUN,25.9,104527,,WC,Stan Wawrinka,R,183.0,SUI,40.5,6-1 4-6 6-4,3,R128,106.0,3.0,4.0,80.0,47.0,39.0,16.0,14.0,7.0,9.0,3.0,1.0,75.0,40.0,28.0,19.0,13.0,6.0,10.0,52.0,1010.0,131.0,502.0,sackmann_archive_2025
2025-5014,Shanghai Masters,Hard,96,M,2025-10-01,281,208134,,,Luca Nardi,R,185.0,ITA,22.1,124116,,PR,Sebastian Ofner,R,191.0,AUT,29.3,3-6 6-3 6-2,3,R128,107.0,5.0,5.0,81.0,49.0,38.0,18.0,13.0,7.0,8.0,7.0,2.0,78.0,44.0,32.0,20.0,13.0,6.0,9.0,88.0,727.0,138.0,453.0,sackmann_archive_2025
2025-5014,Shanghai Masters,Hard,96,M,2025-10-01,280,111442,,,Jordan Thompson,R,183.0,AUS,31.4,200416,,Q,August Holmgren,R,188.0,DEN,27.4,4-6 6-3 6-4,3,R128,128.0,10.0,1.0,89.0,54.0,43.0,20.0,15.0,4.0,5.0,8.0,4.0,78.0,47.0,38.0,15.0,14.0,2.0,4.0,85.0,745.0,178.0,315.0,sackmann_archive_2025
2025-5014,Shanghai Masters,Hard,96,M,2025-10-01,279,202104,,,Sebastian Baez,R,170.0,ARG,24.7,111190,,WC,Zhizhen Zhang,R,193.0,CHN,28.9,2-6 6-3 6-4,3,R128,120.0,7.0,4.0,88.0,58.0,40.0,12.0,14.0,8.0,12.0,9.0,0.0,84.0,55.0,35.0,16.0,13.0,8.0,12.0,42.0,1135.0,368.0,135.0,sackmann_archive_2025
2025-5014,Shanghai Masters,Hard,96,M,2025-10-01,278,200473,,Q,Valentin Vacherot,R,193.0,MON,26.8,111513,,,Laslo Djere,R,188.0,SRB,30.3,6-3 6-4,3,R128,84.0,4.0,2.0,55.0,31.0,26.0,14.0,10.0,0.0,0.0,4.0,0.0,61.0,43.0,31.0,6.0,9.0,2.0,4.0,204.0,263.0,82.0,766.0,sackmann_archive_2025
2025-5014,Shanghai Masters,Hard,96,M,2025-10-01,277,208233,,,Mattia Bellucci,L,175.0,ITA,24.3,200443,,,Adam Walton,R,183.0,AUS,26.4,7-6(6) 6-1,3,R128,83.0,9.0,2.0,58.0,37.0,30.0,15.0,10.0,0.0,0.0,3.0,1.0,54.0,39.0,29.0,8.0,9.0,0.0,2.0,69.0,857.0,77.0,802.0,sackmann_archive_2025
2025-5014,Shanghai Masters,Hard,96,M,2025-10-01,276,202385,,PR,Jenson Brooksby,R,188.0,USA,24.9,208389,,Q,James Trotter,R,183.0,JPN,26.1,7-6(2) 6-1,3,R128,100.0,6.0,0.0,54.0,38.0,32.0,12.0,10.0,0.0,0.0,4.0,0.0,68.0,39.0,29.0,12.0,9.0,2.0,4.0,57.0,937.0,213.0,257.0,sackmann_archive_2025
2025-5014,Shanghai Masters,Hard,96,M,2025-10-01,275,127157,,,Daniel Altmaier,R,188.0,GER,27.0,209262,,Q,Tristan Schoolkate,R,183.0,AUS,24.5,6-3 6-4,3,R128,82.0,8.0,0.0,48.0,28.0,25.0,15.0,10.0,0.0,0.0,8.0,0.0,59.0,46.0,33.0,3.0,9.0,4.0,6.0,49.0,1043.0,96.0,654.0,sackmann_archive_2025
2025-9410,Almaty,Hard,28,A,2025-10-13,386,106421,2.0,,Daniil Medvedev,R,198.0,RUS,29.6,144895,8.0,,Corentin Moutet,L,180.0,FRA,26.4,7-5 4-6 6-3,3,F,156.0,8.0,5.0,94.0,65.0,45.0,14.0,16.0,2.0,5.0,1.0,0.0,96.0,70.0,44.0,13.0,15.0,5.0,9.0,14.0,2610.0,41.0,1243.0,sackmann_archive_2025
2025-9410,Almaty,Hard,28,A,2025-10-13,385,144895,8.0,,Corentin Moutet,L,180.0,FRA,26.4,210506,6.0,,Alex Michelsen,R,193.0,USA,21.1,7-5 6-4,3,SF,132.0,1.0,0.0,98.0,69.0,40.0,16.0,11.0,6.0,8.0,2.0,0.0,69.0,52.0,33.0,5.0,11.0,7.0,11.0,41.0,1243.0,36.0,1365.0,sackmann_archive_2025
2025-9410,Almaty,Hard,28,A,2025-10-13,384,106421,2.0,,Daniil Medvedev,R,198.0,RUS,29.6,105902,,Q,James Duckworth,R,183.0,AUS,33.7,6-7(8) 6-3 6-2,3,SF,132.0,15.0,8.0,94.0,55.0,47.0,22.0,15.0,1.0,1.0,12.0,0.0,100.0,57.0,43.0,18.0,14.0,6.0,9.0,14.0,2610.0,138.0,465.0,sackmann_archive_2025
2025-9410,Almaty,Hard,28,A,2025-10-13,383,144895,8.0,,Corentin Moutet,L,180.0,FRA,26.4,105526,,,Jan Lennard Struff,R,193.0,GER,35.4,6-4 7-5,3,QF,110.0,4.0,4.0,80.0,46.0,31.0,16.0,11.0,15.0,18.0,3.0,3.0,64.0,39.0,24.0,12.0,11.0,1.0,6.0,41.0,1243.0,98.0,648.0,sackmann_archive_2025
2025-9410,Almaty,Hard,28,A,2025-10-13,382,210506,6.0,,Alex Michelsen,R,193.0,USA,21.1,208278,,,Shintaro Mochizuki,R,175.0,JPN,22.3,6-3 3-6 6-2,3,QF,124.0,12.0,2.0,101.0,69.0,49.0,11.0,13.0,6.0,9.0,4.0,7.0,92.0,44.0,32.0,17.0,13.0,9.0,14.0,36.0,1365.0,102.0,636.0,sackmann_archive_2025
2025-9410,Almaty,Hard,28,A,2025-10-13,381,105902,,Q,James Duckworth,R,183.0,AUS,33.7,207925,3.0,,Flavio Cobolli,R,183.0,ITA,23.4,6-3 6-2,3,QF,91.0,2.0,1.0,55.0,26.0,23.0,19.0,9.0,5.0,5.0,5.0,6.0,85.0,42.0,29.0,16.0,8.0,10.0,13.0,138.0,465.0,22.0,1950.0,sackmann_archive_2025
2025-9410,Almaty,Hard,28,A,2025-10-13,380,106421,2.0,,Daniil Medvedev,R,198.0,RUS,29.6,206681,,,Fabian Marozsan,R,193.0,HUN,26.0,7-5 6-2,3,QF,66.0,9.0,2.0,59.0,48.0,38.0,7.0,10.0,3.0,3.0,2.0,1.0,53.0,39.0,25.0,7.0,10.0,1.0,4.0,14.0,2610.0,52.0,1040.0,sackmann_archive_2025
2025-9410,Almaty,Hard,28,A,2025-10-13,379,105526,,,Jan Lennard Struff,R,193.0,GER,35.4,111575,1.0,,Karen Khachanov,R,198.0,RUS,29.3,4-6 7-6(5) 6-3,3,R16,139.0,12.0,3.0,108.0,71.0,55.0,18.0,15.0,6.0,7.0,13.0,2.0,107.0,69.0,53.0,20.0,16.0,7.0,9.0,98.0,648.0,10.0,3190.0,sackmann_archive_2025
2025-9410,Almaty,Hard,28,A,2025-10-13,378,144895,8.0,,Corentin Moutet,L,180.0,FRA,26.4,207686,,,Alexander Shevchenko,R,185.0,KAZ,24.8,7-5 6-3,3,R16,106.0,4.0,0.0,69.0,49.0,28.0,15.0,11.0,4.0,6.0,7.0,3.0,73.0,51.0,33.0,6.0,10.0,6.0,10.0,41.0,1243.0,91.0,687.0,sackmann_archive_2025
2025-9410,Almaty,Hard,28,A,2025-10-13,377,208278,,,Shintaro Mochizuki,R,175.0,JPN,22.3,209260,4.0,,Luciano Darderi,R,183.0,ITA,23.6,6-3 6-3,3,R16,64.0,9.0,1.0,45.0,23.0,19.0,14.0,9.0,0.0,1.0,6.0,4.0,61.0,41.0,23.0,11.0,9.0,1.0,5.0,102.0,636.0,26.0,1649.0,sackmann_archive_2025
2025-9410,Almaty,Hard,28,A,2025-10-13,376,210506,6.0,,Alex Michelsen,R,193.0,USA,21.1,126846,,,Aleksandar Vukic,R,188.0,AUS,29.5,6-3 6-2,3,R16,59.0,3.0,2.0,47.0,34.0,28.0,8.0,9.0,0.0,0.0,3.0,2.0,51.0,30.0,20.0,9.0,8.0,3.0,6.0,36.0,1365.0,84.0,733.0,sackmann_archive_2025
2025-9410,Almaty,Hard,28,A,2025-10-13,375,105902,,Q,James Duckworth,R,183.0,AUS,33.7,209113,7.0,,Gabriel Diallo,R,203.0,CAN,24.0,7-6(3) 6-7(3) 6-4,3,R16,150.0,10.0,5.0,95.0,64.0,60.0,15.0,17.0,0.0,0.0,22.0,2.0,115.0,94.0,70.0,10.0,17.0,7.0,8.0,138.0,465.0,35.0,1368.0,sackmann_archive_2025
2025-9410,Almaty,Hard,28,A,2025-10-13,374,207925,3.0,,Flavio Cobolli,R,183.0,ITA,23.4,208014,,LL,Rinky Hijikata,R,178.0,AUS,24.6,6-4 7-5,3,R16,78.0,9.0,1.0,58.0,41.0,32.0,9.0,11.0,0.0,1.0,4.0,3.0,66.0,39.0,28.0,11.0,11.0,2.0,5.0,22.0,1950.0,114.0,558.0,sackmann_archive_2025
2025-9410,Almaty,Hard,28,A,2025-10-13,373,206681,,,Fabian Marozsan,R,193.0,HUN,26.0,206909,5.0,,Brandon Nakashima,R,188.0,USA,24.1,7-6(5) 6-1,3,R16,79.0,5.0,0.0,59.0,43.0,32.0,12.0,10.0,0.0,0.0,4.0,0.0,61.0,47.0,33.0,5.0,9.0,3.0,5.0,52.0,1040.0,34.0,1430.0,sackmann_archive_2025
2025-9410,Almaty,Hard,28,A,2025-10-13,372,106421,2.0,,Daniil Medvedev,R,198.0,RUS,29.6,200443,,,Adam Walton,R,183.0,AUS,26.4,7-5 7-6(0),3,R16,104.0,13.0,7.0,90.0,59.0,46.0,15.0,12.0,5.0,6.0,6.0,1.0,69.0,47.0,35.0,10.0,12.0,4.0,6.0,14.0,2610.0,76.0,796.0,sackmann_archive_2025
2025-9410,Almaty,Hard,28,A,2025-10-13,371,105526,,,Jan Lennard Struff,R,193.0,GER,35.4,111456,,,Mackenzie Mcdonald,R,178.0,USA,30.4,2-6 6-3 6-4,3,R32,85.0,9.0,2.0,74.0,54.0,42.0,12.0,14.0,3.0,5.0,6.0,2.0,65.0,48.0,40.0,7.0,13.0,0.0,2.0,98.0,648.0,99.0,646.0,sackmann_archive_2025
2025-9410,Almaty,Hard,28,A,2025-10-13,370,207686,,,Alexander Shevchenko,R,185.0,KAZ,24.8,111513,,,Laslo Djere,R,188.0,SRB,30.3,7-6(1) 7-6(12),3,R32,126.0,10.0,3.0,91.0,61.0,53.0,13.0,12.0,1.0,2.0,3.0,2.0,97.0,63.0,46.0,20.0,12.0,2.0,3.0,91.0,687.0,79.0,776.0,sackmann_archive_2025
2025-9410,Almaty,Hard,28,A,2025-10-13,369,144895,8.0,,Corentin Moutet,L,180.0,FRA,26.4,106071,,Q,Bernard Tomic,R,196.0,AUS,32.9,6-1 7-6(9),3,R32,112.0,5.0,3.0,84.0,52.0,40.0,17.0,10.0,4.0,4.0,1.0,1.0,80.0,55.0,34.0,13.0,9.0,6.0,8.0,41.0,1243.0,181.0,312.0,sackmann_archive_2025
2025-9410,Almaty,Hard,28,A,2025-10-13,368,208278,,,Shintaro Mochizuki,R,175.0,JPN,22.3,209070,,,Arthur Cazaux,R,183.0,FRA,23.1,6-4 6-4,3,R32,89.0,3.0,4.0,64.0,33.0,26.0,19.0,10.0,2.0,2.0,9.0,0.0,56.0,41.0,31.0,5.0,10.0,1.0,3.0,102.0,636.0,58.0,952.0,sackmann_archive_2025
2025-9410,Almaty,Hard,28,A,2025-10-13,367,126846,,,Aleksandar Vukic,R,188.0,AUS,29.5,209916,,Q,Marko Topo,R,185.0,GER,22.0,6-4 3-6 6-1,3,R32,124.0,8.0,1.0,79.0,44.0,34.0,17.0,13.0,2.0,4.0,2.0,3.0,100.0,50.0,30.0,26.0,13.0,13.0,17.0,84.0,733.0,277.0,196.0,sackmann_archive_2025
2025-9410,Almaty,Hard,28,A,2025-10-13,366,210506,6.0,,Alex Michelsen,R,193.0,USA,21.1,202320,,WC,Beibit Zhukayev,R,198.0,KAZ,25.0,6-2 6-3,3,R32,72.0,3.0,2.0,63.0,46.0,29.0,11.0,9.0,2.0,3.0,6.0,4.0,47.0,29.0,18.0,5.0,8.0,3.0,7.0,36.0,1365.0,237.0,235.0,sackmann_archive_2025
2025-9410,Almaty,Hard,28,A,2025-10-13,365,209113,7.0,,Gabriel Diallo,R,203.0,CAN,24.0,212788,,WC,Amir Omarkhanov,U,,KAZ,17.9,6-3 6-1,3,R32,62.0,5.0,2.0,37.0,27.0,25.0,7.0,8.0,0.0,0.0,2.0,1.0,59.0,34.0,21.0,10.0,8.0,7.0,11.0,35.0,1368.0,1137.0,10.0,sackmann_archive_2025
2025-9410,Almaty,Hard,28,A,2025-10-13,364,105902,,Q,James Duckworth,R,183.0,AUS,33.7,200259,,Q,Ugo Blanchet,R,175.0,FRA,26.7,6-3 6-4,3,R32,74.0,9.0,1.0,57.0,29.0,24.0,19.0,10.0,2.0,2.0,7.0,0.0,55.0,35.0,25.0,10.0,9.0,6.0,8.0,138.0,465.0,150.0,420.0,sackmann_archive_2025
2025-9410,Almaty,Hard,28,A,2025-10-13,363,208014,,LL,Rinky Hijikata,R,178.0,AUS,24.6,207608,,WC,Timofey Skatov,R,175.0,KAZ,24.7,7-6(3) 2-6 6-3,3,R32,134.0,6.0,2.0,101.0,67.0,42.0,20.0,15.0,8.0,12.0,4.0,1.0,79.0,54.0,39.0,14.0,14.0,4.0,7.0,114.0,558.0,236.0,238.0,sackmann_archive_2025
2025-9410,Almaty,Hard,28,A,2025-10-13,362,206909,5.0,,Brandon Nakashima,R,188.0,USA,24.1,209098,,,Hamad Medjedovic,R,188.0,SRB,22.2,7-6(5) 6-2,3,R32,82.0,11.0,0.0,59.0,44.0,35.0,11.0,10.0,3.0,3.0,7.0,1.0,71.0,47.0,35.0,12.0,10.0,2.0,4.0,34.0,1430.0,64.0,877.0,sackmann_archive_2025
2025-9410,Almaty,Hard,28,A,2025-10-13,361,206681,,,Fabian Marozsan,R,193.0,HUN,26.0,208134,,,Luca Nardi,R,185.0,ITA,22.1,7-6(3) 6-3,3,R32,80.0,8.0,1.0,60.0,47.0,35.0,8.0,10.0,1.0,2.0,6.0,4.0,69.0,39.0,25.0,16.0,11.0,3.0,6.0,52.0,1040.0,83.0,747.0,sackmann_archive_2025
2025-9410,Almaty,Hard,28,A,2025-10-13,360,200443,,,Adam Walton,R,183.0,AUS,26.4,209262,,,Tristan Schoolkate,R,183.0,AUS,24.6,7-6(4) 6-7(3) 6-2,3,R32,145.0,10.0,1.0,110.0,80.0,60.0,16.0,16.0,6.0,7.0,18.0,5.0,96.0,61.0,50.0,16.0,16.0,2.0,5.0,76.0,796.0,96.0,662.0,sackmann_archive_2025
2025-7485,Brussels,Hard,28,A,2025-10-13,385,200000,2.0,,Felix Auger Aliassime,R,193.0,CAN,25.1,208103,3.0,,Jiri Lehecka,R,185.0,CZE,23.9,7-6(2) 6-7(6) 6-2,3,F,154.0,17.0,1.0,101.0,84.0,66.0,12.0,16.0,3.0,3.0,10.0,3.0,113.0,72.0,54.0,21.0,16.0,4.0,6.0,13.0,2905.0,17.0,2415.0,sackmann_archive_2025
2025-7485,Brussels,Hard,28,A,2025-10-13,384,208103,3.0,,Jiri Lehecka,R,185.0,CZE,23.9,208659,5.0,,Giovanni Mpetshi Perricard,R,203.0,FRA,22.2,7-6(3) 7-6(7),3,SF,89.0,11.0,0.0,67.0,48.0,44.0,16.0,12.0,0.0,0.0,19.0,1.0,81.0,66.0,55.0,6.0,12.0,2.0,2.0,17.0,2415.0,37.0,1365.0,sackmann_archive_2025
2025-7485,Brussels,Hard,28,A,2025-10-13,383,200000,2.0,,Felix Auger Aliassime,R,193.0,CAN,25.1,209920,,WC,Raphael Collignon,R,191.0,BEL,23.7,7-6(2) 6-4,3,SF,105.0,8.0,1.0,69.0,51.0,40.0,11.0,11.0,0.0,0.0,5.0,4.0,74.0,52.0,35.0,13.0,11.0,2.0,3.0,13.0,2905.0,90.0,713.0,sackmann_archive_2025
2025-7485,Brussels,Hard,28,A,2025-10-13,382,208659,5.0,,Giovanni Mpetshi Perricard,R,203.0,FRA,22.2,207518,1.0,,Lorenzo Musetti,R,185.0,ITA,23.6,6-4 7-6(8),3,QF,83.0,12.0,1.0,62.0,49.0,43.0,8.0,11.0,0.0,0.0,4.0,3.0,69.0,53.0,40.0,9.0,11.0,2.0,3.0,37.0,1365.0,8.0,3645.0,sackmann_archive_2025
2025-7485,Brussels,Hard,28,A,2025-10-13,381,208103,3.0,,Jiri Lehecka,R,185.0,CZE,23.9,126127,,,Benjamin Bonzi,R,183.0,FRA,29.3,6-7(8) 6-1 4-1 RET,3,QF,114.0,12.0,0.0,67.0,49.0,43.0,10.0,12.0,0.0,0.0,6.0,2.0,88.0,57.0,37.0,14.0,12.0,4.0,8.0,17.0,2415.0,53.0,1005.0,sackmann_archive_2025
2025-7485,Brussels,Hard,28,A,2025-10-13,380,209920,,WC,Raphael Collignon,R,191.0,BEL,23.7,200221,4.0,,Alejandro Davidovich Fokina,R,183.0,ESP,26.3,7-6(5) 6-1,3,QF,107.0,12.0,10.0,75.0,54.0,44.0,8.0,10.0,3.0,3.0,5.0,3.0,73.0,59.0,39.0,6.0,9.0,4.0,6.0,90.0,713.0,20.0,2260.0,sackmann_archive_2025
2025-7485,Brussels,Hard,28,A,2025-10-13,379,200000,2.0,,Felix Auger Aliassime,R,193.0,CAN,25.1,208118,,Q,Eliot Spizzirri,R,183.0,USA,23.8,6-2 7-6(6),3,QF,99.0,11.0,2.0,73.0,49.0,40.0,10.0,10.0,3.0,4.0,5.0,1.0,65.0,49.0,31.0,9.0,10.0,4.0,7.0,13.0,2905.0,111.0,563.0,sackmann_archive_2025
2025-7485,Brussels,Hard,28,A,2025-10-13,378,207518,1.0,,Lorenzo Musetti,R,185.0,ITA,23.6,105870,,Q,Yannick Hanfmann,R,193.0,GER,33.9,7-6(3) 7-5,3,R16,97.0,6.0,1.0,67.0,44.0,37.0,16.0,12.0,0.0,0.0,3.0,2.0,68.0,44.0,39.0,11.0,12.0,0.0,1.0,8.0,3645.0,139.0,464.0,sackmann_archive_2025
2025-7485,Brussels,Hard,28,A,2025-10-13,377,208659,5.0,,Giovanni Mpetshi Perricard,R,203.0,FRA,22.2,105932,,Q,Nikoloz Basilashvili,R,185.0,GEO,33.6,7-5 0-0 RET,3,R16,44.0,10.0,2.0,28.0,23.0,22.0,2.0,6.0,0.0,0.0,0.0,2.0,33.0,19.0,13.0,10.0,6.0,0.0,1.0,37.0,1365.0,101.0,642.0,sackmann_archive_2025
2025-7485,Brussels,Hard,28,A,2025-10-13,376,208103,3.0,,Jiri Lehecka,R,185.0,CZE,23.9,211451,,Q,Gilles Arnaud Bailly,R,180.0,BEL,20.0,6-3 6-2,3,R16,74.0,11.0,0.0,46.0,36.0,30.0,7.0,9.0,1.0,1.0,0.0,1.0,57.0,37.0,20.0,10.0,8.0,3.0,6.0,17.0,2415.0,247.0,221.0,sackmann_archive_2025
2025-7485,Brussels,Hard,28,A,2025-10-13,375,126127,,,Benjamin Bonzi,R,183.0,FRA,29.3,208316,,LL,Valentin Royer,R,188.0,FRA,24.3,7-6(3) 4-6 6-1,3,R16,127.0,10.0,1.0,80.0,52.0,46.0,16.0,15.0,1.0,2.0,11.0,0.0,96.0,60.0,40.0,19.0,14.0,3.0,5.0,53.0,1005.0,70.0,847.0,sackmann_archive_2025
2025-7485,Brussels,Hard,28,A,2025-10-13,374,209920,,WC,Raphael Collignon,R,191.0,BEL,23.7,207681,,,Francisco Comesana,R,178.0,ARG,25.0,7-5 3-6 7-6(10),3,R16,156.0,8.0,3.0,98.0,71.0,58.0,10.0,16.0,1.0,2.0,10.0,2.0,113.0,84.0,64.0,14.0,17.0,1.0,2.0,90.0,713.0,68.0,867.0,sackmann_archive_2025
2025-7485,Brussels,Hard,28,A,2025-10-13,373,200221,4.0,,Alejandro Davidovich Fokina,R,183.0,ESP,26.3,106218,,,Marcos Giron,R,180.0,USA,32.2,6-7(5) 6-1 6-4,3,R16,134.0,5.0,0.0,99.0,71.0,54.0,15.0,15.0,3.0,4.0,14.0,1.0,90.0,53.0,40.0,18.0,14.0,6.0,10.0,20.0,2260.0,54.0,1000.0,sackmann_archive_2025
2025-7485,Brussels,Hard,28,A,2025-10-13,372,208118,,Q,Eliot Spizzirri,R,183.0,USA,23.8,122298,,,Botic Van De Zandschulp,R,191.0,NED,30.0,7-5 6-0,3,R16,74.0,10.0,0.0,46.0,41.0,32.0,4.0,9.0,0.0,0.0,3.0,5.0,58.0,32.0,16.0,13.0,9.0,1.0,5.0,111.0,563.0,86.0,727.0,sackmann_archive_2025
2025-7485,Brussels,Hard,28,A,2025-10-13,371,200000,2.0,,Felix Auger Aliassime,R,193.0,CAN,25.1,106000,,,Damir Dzumhur,R,175.0,BIH,33.3,7-6(3) 4-6 7-6(5),3,R16,173.0,22.0,1.0,105.0,73.0,57.0,17.0,17.0,0.0,2.0,0.0,2.0,139.0,105.0,71.0,20.0,17.0,13.0,14.0,13.0,2905.0,67.0,868.0,sackmann_archive_2025
2025-7485,Brussels,Hard,28,A,2025-10-13,370,105870,,Q,Yannick Hanfmann,R,193.0,GER,33.9,208286,,,Matteo Arnaldi,R,185.0,ITA,24.6,6-7(4) 6-4 6-4,3,R32,150.0,16.0,1.0,95.0,63.0,49.0,21.0,16.0,2.0,3.0,11.0,1.0,102.0,70.0,52.0,15.0,16.0,1.0,4.0,139.0,464.0,74.0,818.0,sackmann_archive_2025
2025-7485,Brussels,Hard,28,A,2025-10-13,369,105932,,Q,Nikoloz Basilashvili,R,185.0,GEO,33.6,111460,,,Quentin Halys,R,191.0,FRA,28.9,6-4 6-4,3,R32,82.0,7.0,1.0,66.0,44.0,37.0,11.0,10.0,6.0,6.0,12.0,3.0,66.0,43.0,33.0,7.0,10.0,6.0,8.0,101.0,642.0,77.0,789.0,sackmann_archive_2025
2025-7485,Brussels,Hard,28,A,2025-10-13,368,208659,5.0,,Giovanni Mpetshi Perricard,R,203.0,FRA,22.2,200325,,PR,Emil Ruusuvuori,R,188.0,FIN,26.5,7-6(4) 6-7(5) 6-4,3,R32,128.0,39.0,6.0,109.0,79.0,65.0,18.0,17.0,4.0,4.0,22.0,2.0,97.0,67.0,53.0,21.0,17.0,1.0,2.0,37.0,1365.0,608.0,58.0,sackmann_archive_2025
2025-7485,Brussels,Hard,28,A,2025-10-13,367,211451,,Q,Gilles Arnaud Bailly,R,180.0,BEL,20.0,127157,,,Daniel Altmaier,R,188.0,GER,27.0,6-4 6-7(10) 6-3,3,R32,158.0,1.0,2.0,110.0,71.0,56.0,19.0,16.0,10.0,11.0,19.0,7.0,92.0,60.0,49.0,12.0,15.0,4.0,7.0,247.0,221.0,51.0,1048.0,sackmann_archive_2025
2025-7485,Brussels,Hard,28,A,2025-10-13,366,126127,,,Benjamin Bonzi,R,183.0,FRA,29.3,124187,,,Reilly Opelka,R,211.0,USA,28.1,6-4 6-4,3,R32,69.0,7.0,1.0,52.0,35.0,31.0,11.0,10.0,0.0,0.0,13.0,2.0,54.0,39.0,29.0,5.0,10.0,1.0,3.0,53.0,1005.0,62.0,895.0,sackmann_archive_2025
2025-7485,Brussels,Hard,28,A,2025-10-13,365,208316,,LL,Valentin Royer,R,188.0,FRA,24.3,202104,6.0,,Sebastian Baez,R,170.0,ARG,24.7,6-2 6-3,3,R32,74.0,5.0,0.0,45.0,30.0,26.0,11.0,9.0,1.0,1.0,2.0,2.0,58.0,44.0,25.0,7.0,8.0,8.0,11.0,70.0,847.0,44.0,1155.0,sackmann_archive_2025
2025-7485,Brussels,Hard,28,A,2025-10-13,364,209920,,WC,Raphael Collignon,R,191.0,BEL,23.7,200267,8.0,,Zizou Bergs,R,185.0,BEL,26.3,6-4 7-6(5),3,R32,119.0,8.0,8.0,74.0,52.0,44.0,7.0,11.0,3.0,4.0,5.0,6.0,82.0,40.0,29.0,24.0,11.0,6.0,8.0,90.0,713.0,39.0,1299.0,sackmann_archive_2025
2025-7485,Brussels,Hard,28,A,2025-10-13,363,207681,,,Francisco Comesana,R,178.0,ARG,25.0,105676,,WC,David Goffin,R,180.0,BEL,34.8,7-6(5) 6-4,3,R32,95.0,9.0,2.0,70.0,42.0,33.0,13.0,11.0,2.0,4.0,5.0,6.0,63.0,30.0,22.0,15.0,11.0,0.0,3.0,68.0,867.0,105.0,609.0,sackmann_archive_2025
2025-7485,Brussels,Hard,28,A,2025-10-13,362,106218,,,Marcos Giron,R,180.0,USA,32.2,208233,,,Mattia Bellucci,L,175.0,ITA,24.3,6-3 6-4,3,R32,78.0,10.0,0.0,55.0,38.0,31.0,11.0,10.0,1.0,1.0,5.0,3.0,63.0,43.0,29.0,8.0,9.0,2.0,4.0,54.0,1000.0,71.0,837.0,sackmann_archive_2025
2025-7485,Brussels,Hard,28,A,2025-10-13,361,122298,,,Botic Van De Zandschulp,R,191.0,NED,30.0,211663,7.0,,Joao Fonseca,R,185.0,BRA,19.1,7-5 7-6(2),3,R32,122.0,15.0,3.0,72.0,48.0,42.0,9.0,12.0,2.0,4.0,5.0,3.0,96.0,56.0,37.0,18.0,12.0,5.0,8.0,86.0,727.0,45.0,1129.0,sackmann_archive_2025
2025-7485,Brussels,Hard,28,A,2025-10-13,360,208118,,Q,Eliot Spizzirri,R,183.0,USA,23.8,124079,,,Pedro Martinez,R,185.0,ESP,28.4,6-4 6-1,3,R32,77.0,5.0,2.0,47.0,28.0,27.0,10.0,9.0,0.0,0.0,3.0,1.0,49.0,31.0,20.0,6.0,8.0,1.0,4.0,111.0,563.0,89.0,718.0,sackmann_archive_2025
2025-7485,Brussels,Hard,28,A,2025-10-13,359,106000,,,Damir Dzumhur,R,175.0,BIH,33.3,210748,,WC,Federico Cina,R,183.0,ITA,18.5,6-7(5) 6-2 7-6(3),3,R32,163.0,4.0,0.0,93.0,67.0,56.0,15.0,16.0,2.0,3.0,7.0,3.0,139.0,92.0,61.0,21.0,16.0,9.0,12.0,67.0,868.0,226.0,247.0,sackmann_archive_2025
2025-0429,Stockholm,Hard,28,A,2025-10-13,385,134770,2.0,,Casper Ruud,R,183.0,NOR,26.8,200005,4.0,,Ugo Humbert,L,188.0,FRA,27.2,6-2 6-3,3,F,66.0,2.0,0.0,39.0,24.0,22.0,14.0,9.0,0.0,0.0,5.0,1.0,49.0,34.0,20.0,7.0,8.0,3.0,6.0,12.0,2945.0,25.0,1725.0,sackmann_archive_2025
2025-0429,Stockholm,Hard,28,A,2025-10-13,384,200005,4.0,,Ugo Humbert,L,188.0,FRA,27.2,208029,1.0,,Holger Rune,R,188.0,DEN,22.4,4-6 2-2 RET,3,SF,83.0,2.0,2.0,47.0,27.0,20.0,9.0,7.0,3.0,5.0,4.0,3.0,52.0,30.0,23.0,9.0,7.0,5.0,6.0,25.0,1725.0,11.0,3090.0,sackmann_archive_2025
2025-0429,Stockholm,Hard,28,A,2025-10-13,383,134770,2.0,,Casper Ruud,R,183.0,NOR,26.8,133430,3.0,,Denis Shapovalov,L,185.0,CAN,26.4,6-3 6-4,3,SF,79.0,2.0,1.0,63.0,41.0,34.0,9.0,10.0,4.0,5.0,6.0,4.0,54.0,33.0,23.0,9.0,9.0,3.0,6.0,12.0,2945.0,23.0,1838.0,sackmann_archive_2025
2025-0429,Stockholm,Hard,28,A,2025-10-13,382,208029,1.0,,Holger Rune,R,188.0,DEN,22.4,144869,,,Tomas Martin Etcheverry,R,196.0,ARG,26.2,6-7(4) 6-3 6-4,3,QF,153.0,12.0,8.0,81.0,48.0,40.0,17.0,15.0,2.0,5.0,7.0,3.0,120.0,81.0,52.0,16.0,16.0,3.0,9.0,11.0,3090.0,63.0,880.0,sackmann_archive_2025
2025-0429,Stockholm,Hard,28,A,2025-10-13,381,200005,4.0,,Ugo Humbert,L,188.0,FRA,27.2,132283,,,Lorenzo Sonego,R,191.0,ITA,30.4,6-7(3) 6-0 6-3,3,QF,163.0,8.0,1.0,110.0,74.0,48.0,24.0,13.0,12.0,12.0,2.0,4.0,90.0,59.0,39.0,16.0,14.0,4.0,9.0,25.0,1725.0,47.0,1105.0,sackmann_archive_2025
2025-0429,Stockholm,Hard,28,A,2025-10-13,380,133430,3.0,,Denis Shapovalov,L,185.0,CAN,26.4,111200,,WC,Elias Ymer,R,185.0,SWE,29.5,6-4 6-7(3) 6-1,3,QF,156.0,5.0,3.0,91.0,60.0,40.0,18.0,15.0,3.0,6.0,2.0,2.0,107.0,64.0,42.0,16.0,14.0,8.0,14.0,23.0,1838.0,243.0,225.0,sackmann_archive_2025
2025-0429,Stockholm,Hard,28,A,2025-10-13,379,134770,2.0,,Casper Ruud,R,183.0,NOR,26.8,200624,,,Sebastian Korda,R,196.0,USA,25.2,6-7(5) 6-4 6-4,3,QF,150.0,11.0,3.0,100.0,58.0,46.0,24.0,16.0,6.0,7.0,14.0,4.0,109.0,67.0,48.0,22.0,16.0,0.0,3.0,12.0,2945.0,60.0,920.0,sackmann_archive_2025
2025-0429,Stockholm,Hard,28,A,2025-10-13,378,208029,1.0,,Holger Rune,R,188.0,DEN,22.4,105916,,,Marton Fucsovics,R,188.0,HUN,33.6,6-4 6-4,3,R16,108.0,6.0,2.0,70.0,47.0,32.0,13.0,10.0,8.0,9.0,1.0,0.0,68.0,42.0,26.0,13.0,10.0,7.0,10.0,11.0,3090.0,55.0,986.0,sackmann_archive_2025
2025-0429,Stockholm,Hard,28,A,2025-10-13,377,144869,,,Tomas Martin Etcheverry,R,196.0,ARG,26.2,200175,,,Miomir Kecmanovic,R,183.0,SRB,26.1,6-4 4-6 6-3,3,R16,143.0,19.0,4.0,117.0,80.0,61.0,13.0,15.0,9.0,11.0,8.0,2.0,74.0,42.0,33.0,16.0,14.0,2.0,5.0,63.0,880.0,49.0,1066.0,sackmann_archive_2025
2025-0429,Stockholm,Hard,28,A,2025-10-13,376,200005,4.0,,Ugo Humbert,L,188.0,FRA,27.2,126610,,,Matteo Berrettini,R,196.0,ITA,29.5,7-6(5) 6-3,3,R16,92.0,4.0,2.0,59.0,40.0,32.0,13.0,10.0,0.0,0.0,9.0,2.0,65.0,41.0,31.0,12.0,11.0,0.0,2.0,25.0,1725.0,61.0,905.0,sackmann_archive_2025
2025-0429,Stockholm,Hard,28,A,2025-10-13,375,132283,,,Lorenzo Sonego,R,191.0,ITA,30.4,206499,,,Aleksandar Kovacevic,R,183.0,USA,27.1,7-6(3) 6-1,3,R16,84.0,5.0,1.0,62.0,40.0,31.0,16.0,10.0,1.0,1.0,7.0,4.0,52.0,28.0,20.0,11.0,9.0,1.0,3.0,47.0,1105.0,69.0,862.0,sackmann_archive_2025
2025-0429,Stockholm,Hard,28,A,2025-10-13,374,111200,,WC,Elias Ymer,R,185.0,SWE,29.5,207985,,,Jacob Fearnley,R,183.0,GBR,24.2,6-2 6-2,3,R16,75.0,4.0,2.0,46.0,31.0,25.0,9.0,8.0,2.0,2.0,1.0,7.0,51.0,30.0,19.0,7.0,8.0,3.0,7.0,243.0,225.0,81.0,764.0,sackmann_archive_2025
2025-0429,Stockholm,Hard,28,A,2025-10-13,373,133430,3.0,,Denis Shapovalov,L,185.0,CAN,26.4,209863,,WC,Leo Borg,R,183.0,SWE,22.4,6-2 5-7 6-1,3,R16,128.0,6.0,8.0,78.0,47.0,39.0,12.0,13.0,4.0,7.0,0.0,6.0,104.0,63.0,35.0,16.0,14.0,11.0,18.0,23.0,1838.0,622.0,57.0,sackmann_archive_2025
2025-0429,Stockholm,Hard,28,A,2025-10-13,372,200624,,,Sebastian Korda,R,196.0,USA,25.2,111794,,,Kamil Majchrzak,R,180.0,POL,29.7,6-4 4-6 7-5,3,R16,153.0,10.0,5.0,101.0,56.0,46.0,22.0,16.0,9.0,10.0,3.0,1.0,124.0,77.0,52.0,24.0,16.0,10.0,12.0,60.0,920.0,75.0,818.0,sackmann_archive_2025
2025-0429,Stockholm,Hard,28,A,2025-10-13,371,134770,2.0,,Casper Ruud,R,183.0,NOR,26.8,105227,,,Marin Cilic,R,198.0,CRO,37.0,7-6(2) 6-4,3,R16,109.0,7.0,1.0,51.0,35.0,32.0,11.0,11.0,0.0,1.0,8.0,4.0,96.0,52.0,35.0,20.0,11.0,3.0,5.0,12.0,2945.0,92.0,684.0,sackmann_archive_2025
2025-0429,Stockholm,Hard,28,A,2025-10-13,370,105916,,,Marton Fucsovics,R,188.0,HUN,33.6,207411,,,Jesper De Jong,R,180.0,NED,25.3,6-1 6-2,3,R32,66.0,3.0,2.0,51.0,32.0,24.0,9.0,7.0,4.0,5.0,2.0,6.0,41.0,25.0,10.0,6.0,8.0,0.0,6.0,55.0,986.0,82.0,760.0,sackmann_archive_2025
2025-0429,Stockholm,Hard,28,A,2025-10-13,369,144869,,,Tomas Martin Etcheverry,R,196.0,ARG,26.2,210136,,Q,Mark Lajal,R,191.0,EST,22.4,7-6(5) 6-7(5) 6-3,3,R32,175.0,9.0,2.0,104.0,73.0,50.0,18.0,16.0,2.0,5.0,8.0,2.0,100.0,61.0,47.0,18.0,17.0,4.0,9.0,63.0,880.0,149.0,423.0,sackmann_archive_2025
2025-0429,Stockholm,Hard,28,A,2025-10-13,368,200175,,,Miomir Kecmanovic,R,183.0,SRB,26.1,124186,6.0,,Alexandre Muller,R,183.0,FRA,28.6,6-4 6-1,3,R32,83.0,2.0,2.0,46.0,32.0,22.0,7.0,8.0,3.0,5.0,1.0,1.0,64.0,39.0,23.0,6.0,9.0,9.0,15.0,49.0,1066.0,43.0,1165.0,sackmann_archive_2025
2025-0429,Stockholm,Hard,28,A,2025-10-13,367,126610,,,Matteo Berrettini,R,196.0,ITA,29.5,206748,,Q,Giulio Zeppieri,L,183.0,ITA,23.8,6-4 6-2,3,R32,80.0,6.0,2.0,61.0,33.0,26.0,13.0,9.0,4.0,5.0,5.0,2.0,50.0,35.0,22.0,6.0,9.0,4.0,8.0,61.0,905.0,160.0,362.0,sackmann_archive_2025
2025-0429,Stockholm,Hard,28,A,2025-10-13,366,132283,,,Lorenzo Sonego,R,191.0,ITA,30.4,209259,,Q,Arthur Fery,R,175.0,GBR,23.2,6-4 6-2,3,R32,96.0,3.0,1.0,60.0,44.0,33.0,7.0,9.0,3.0,4.0,0.0,2.0,60.0,28.0,14.0,18.0,9.0,8.0,12.0,47.0,1105.0,221.0,251.0,sackmann_archive_2025
2025-0429,Stockholm,Hard,28,A,2025-10-13,365,206499,,,Aleksandar Kovacevic,R,183.0,USA,27.1,200116,8.0,,Camilo Ugo Carabelli,R,185.0,ARG,26.3,4-6 7-5 4-0 RET,3,R32,124.0,13.0,3.0,89.0,59.0,39.0,15.0,13.0,7.0,10.0,3.0,2.0,77.0,44.0,30.0,14.0,13.0,4.0,9.0,69.0,862.0,50.0,1053.0,sackmann_archive_2025
2025-0429,Stockholm,Hard,28,A,2025-10-13,364,207985,,,Jacob Fearnley,R,183.0,GBR,24.2,134868,5.0,,Tallon Griekspoor,R,188.0,NED,29.2,6-3 6-7(6) 7-6(5),3,R32,164.0,6.0,5.0,101.0,58.0,45.0,26.0,16.0,2.0,3.0,12.0,3.0,113.0,78.0,56.0,15.0,17.0,4.0,7.0,81.0,764.0,27.0,1615.0,sackmann_archive_2025
2025-0429,Stockholm,Hard,28,A,2025-10-13,363,111200,,WC,Elias Ymer,R,185.0,SWE,29.5,144707,,WC,Mikael Ymer,R,183.0,SWE,27.0,6-2 7-6(4),3,R32,90.0,12.0,3.0,63.0,37.0,30.0,15.0,10.0,1.0,1.0,3.0,5.0,69.0,43.0,30.0,13.0,10.0,2.0,4.0,243.0,225.0,617.0,57.0,sackmann_archive_2025
2025-0429,Stockholm,Hard,28,A,2025-10-13,362,209863,,WC,Leo Borg,R,183.0,SWE,22.4,124116,,PR,Sebastian Ofner,R,191.0,AUT,29.4,6-3 6-4,3,R32,75.0,2.0,4.0,65.0,42.0,31.0,15.0,10.0,1.0,1.0,5.0,2.0,52.0,26.0,23.0,12.0,9.0,1.0,3.0,622.0,57.0,140.0,463.0,sackmann_archive_2025
2025-0429,Stockholm,Hard,28,A,2025-10-13,361,200624,,,Sebastian Korda,R,196.0,USA,25.2,200615,7.0,,Alexei Popyrin,R,196.0,AUS,26.1,6-7(4) 6-1 6-3,3,R32,143.0,13.0,4.0,92.0,51.0,34.0,24.0,14.0,3.0,6.0,9.0,5.0,112.0,73.0,46.0,12.0,14.0,13.0,20.0,60.0,920.0,48.0,1090.0,sackmann_archive_2025
2025-0429,Stockholm,Hard,28,A,2025-10-13,360,111794,,,Kamil Majchrzak,R,180.0,POL,29.7,209209,,Q,Filip Misolic,R,180.0,AUT,24.1,6-2 6-2,3,R32,80.0,2.0,3.0,59.0,31.0,24.0,14.0,8.0,7.0,7.0,1.0,3.0,60.0,37.0,19.0,10.0,8.0,2.0,6.0,75.0,818.0,95.0,663.0,sackmann_archive_2025
2025-0429,Stockholm,Hard,28,A,2025-10-13,359,105227,,,Marin Cilic,R,198.0,CRO,37.0,149282,,NG,Nicolai Budkov Kjaer,R,188.0,NOR,19.1,7-5 6-3,3,R32,93.0,12.0,2.0,59.0,34.0,29.0,16.0,11.0,0.0,0.0,2.0,2.0,71.0,33.0,27.0,19.0,10.0,5.0,7.0,92.0,684.0,136.0,473.0,sackmann_archive_2025
2025-0328,Basel,Hard,32,A,2025-10-20,385,211663,,,Joao Fonseca,R,185.0,BRA,19.1,200221,8.0,,Alejandro Davidovich Fokina,R,183.0,ESP,26.3,6-3 6-4,3,F,85.0,7.0,1.0,61.0,48.0,36.0,6.0,10.0,3.0,4.0,4.0,0.0,69.0,50.0,30.0,7.0,9.0,10.0,13.0,46.0,1129.0,18.0,2285.0,sackmann_archive_2025
2025-0328,Basel,Hard,32,A,2025-10-20,384,200221,8.0,,Alejandro Davidovich Fokina,R,183.0,ESP,26.3,200005,,,Ugo Humbert,L,188.0,FRA,27.3,7-6(4) 3-1 RET,3,SF,80.0,3.0,2.0,58.0,34.0,29.0,14.0,8.0,2.0,2.0,6.0,3.0,48.0,31.0,25.0,8.0,8.0,0.0,1.0,18.0,2285.0,24.0,1880.0,sackmann_archive_2025
2025-0328,Basel,Hard,32,A,2025-10-20,383,211663,,,Joao Fonseca,R,185.0,BRA,19.1,144719,,,Jaume Munar,R,183.0,ESP,28.4,7-6(4) 7-5,3,SF,114.0,8.0,1.0,75.0,48.0,41.0,14.0,12.0,0.0,1.0,11.0,1.0,80.0,50.0,38.0,14.0,12.0,1.0,3.0,46.0,1129.0,42.0,1208.0,sackmann_archive_2025
2025-0328,Basel,Hard,32,A,2025-10-20,382,200005,,,Ugo Humbert,L,188.0,FRA,27.3,124187,,Q,Reilly Opelka,R,211.0,USA,28.1,7-6(0) 6-4,3,QF,82.0,9.0,1.0,58.0,39.0,34.0,14.0,11.0,0.0,0.0,16.0,2.0,62.0,48.0,39.0,5.0,11.0,1.0,2.0,24.0,1880.0,62.0,895.0,sackmann_archive_2025
2025-0328,Basel,Hard,32,A,2025-10-20,381,200221,8.0,,Alejandro Davidovich Fokina,R,183.0,ESP,26.3,134770,4.0,,Casper Ruud,R,183.0,NOR,26.8,7-6(1) 0-0 RET,3,QF,57.0,2.0,0.0,34.0,26.0,21.0,6.0,6.0,0.0,0.0,2.0,0.0,51.0,35.0,23.0,9.0,6.0,7.0,7.0,18.0,2285.0,11.0,3145.0,sackmann_archive_2025
2025-0328,Basel,Hard,32,A,2025-10-20,380,211663,,,Joao Fonseca,R,185.0,BRA,19.1,133430,9.0,,Denis Shapovalov,L,185.0,CAN,26.5,3-6 6-3 4-1 RET,3,QF,96.0,2.0,3.0,63.0,39.0,25.0,12.0,11.0,4.0,7.0,6.0,9.0,71.0,38.0,27.0,11.0,12.0,5.0,10.0,46.0,1129.0,23.0,1928.0,sackmann_archive_2025
2025-0328,Basel,Hard,32,A,2025-10-20,379,144719,,,Jaume Munar,R,183.0,ESP,28.4,200000,5.0,,Felix Auger Aliassime,R,193.0,CAN,25.1,6-3 0-0 RET,3,QF,45.0,4.0,1.0,29.0,19.0,17.0,6.0,5.0,2.0,2.0,7.0,2.0,34.0,20.0,17.0,3.0,4.0,3.0,4.0,42.0,1208.0,12.0,3145.0,sackmann_archive_2025
2025-0328,Basel,Hard,32,A,2025-10-20,378,200005,,,Ugo Humbert,L,188.0,FRA,27.3,126203,1.0,,Taylor Fritz,R,196.0,USA,27.9,6-3 6-4,3,R16,79.0,7.0,2.0,65.0,45.0,36.0,10.0,10.0,2.0,2.0,6.0,2.0,58.0,27.0,24.0,14.0,9.0,3.0,5.0,24.0,1880.0,4.0,4645.0,sackmann_archive_2025
2025-0328,Basel,Hard,32,A,2025-10-20,377,124187,,Q,Reilly Opelka,R,211.0,USA,28.1,122298,,LL,Botic Van De Zandschulp,R,191.0,NED,30.0,7-6(5) 6-7(7) 6-3,3,R16,160.0,29.0,2.0,114.0,80.0,67.0,21.0,17.0,3.0,3.0,17.0,8.0,112.0,67.0,57.0,26.0,16.0,4.0,5.0,62.0,895.0,82.0,752.0,sackmann_archive_2025
2025-0328,Basel,Hard,32,A,2025-10-20,376,134770,4.0,,Casper Ruud,R,183.0,NOR,26.8,104527,,WC,Stan Wawrinka,R,183.0,SUI,40.5,6-4 7-6(5),3,R16,101.0,8.0,1.0,64.0,42.0,33.0,12.0,11.0,2.0,4.0,11.0,4.0,72.0,41.0,33.0,13.0,11.0,2.0,5.0,11.0,3145.0,158.0,372.0,sackmann_archive_2025
2025-0328,Basel,Hard,32,A,2025-10-20,375,200221,8.0,,Alejandro Davidovich Fokina,R,183.0,ESP,26.3,202385,,PR,Jenson Brooksby,R,188.0,USA,24.9,6-7(6) 6-4 7-5,3,R16,167.0,4.0,1.0,120.0,76.0,55.0,23.0,17.0,5.0,8.0,6.0,2.0,97.0,67.0,47.0,17.0,17.0,3.0,8.0,18.0,2285.0,55.0,967.0,sackmann_archive_2025
2025-0328,Basel,Hard,32,A,2025-10-20,374,211663,,,Joao Fonseca,R,185.0,BRA,19.1,210150,7.0,,Jakub Mensik,R,193.0,CZE,20.1,W/O,3,R16,,0.0,0.0,0.0,0.0,0.0,0.0,0.0,0.0,0.0,0.0,0.0,0.0,0.0,0.0,0.0,0.0,0.0,0.0,46.0,1129.0,19.0,2265.0,sackmann_archive_2025
2025-0328,Basel,Hard,32,A,2025-10-20,373,133430,9.0,,Denis Shapovalov,L,185.0,CAN,26.5,208316,,LL,Valentin Royer,R,188.0,FRA,24.3,7-6(3) 6-2,3,R16,83.0,11.0,3.0,62.0,45.0,34.0,10.0,10.0,1.0,2.0,3.0,1.0,61.0,38.0,29.0,9.0,10.0,5.0,8.0,23.0,1928.0,69.0,869.0,sackmann_archive_2025
2025-0328,Basel,Hard,32,A,2025-10-20,372,200000,5.0,,Felix Auger Aliassime,R,193.0,CAN,25.1,105227,,Q,Marin Cilic,R,198.0,CRO,37.0,7-6(2) 7-6(2),3,R16,107.0,28.0,1.0,68.0,50.0,48.0,8.0,12.0,0.0,0.0,7.0,2.0,75.0,43.0,37.0,15.0,12.0,2.0,2.0,12.0,3145.0,89.0,709.0,sackmann_archive_2025
2025-0328,Basel,Hard,32,A,2025-10-20,371,144719,,,Jaume Munar,R,183.0,ESP,28.4,210097,2.0,,Ben Shelton,L,193.0,USA,23.0,6-3 6-4,3,R16,77.0,10.0,0.0,53.0,38.0,33.0,8.0,10.0,1.0,1.0,6.0,0.0,60.0,49.0,30.0,8.0,9.0,5.0,7.0,42.0,1208.0,6.0,4100.0,sackmann_archive_2025
2025-0328,Basel,Hard,32,A,2025-10-20,370,126203,1.0,,Taylor Fritz,R,196.0,USA,27.9,200473,,WC,Valentin Vacherot,R,193.0,MON,26.9,4-6 7-6(4) 7-5,3,R32,156.0,21.0,6.0,116.0,69.0,49.0,24.0,17.0,7.0,11.0,12.0,7.0,111.0,69.0,52.0,17.0,17.0,6.0,10.0,4.0,4645.0,39.0,1283.0,sackmann_archive_2025
2025-0328,Basel,Hard,32,A,2025-10-20,369,200005,,,Ugo Humbert,L,188.0,FRA,27.3,200624,,,Sebastian Korda,R,196.0,USA,25.2,6-3 6-4,3,R32,70.0,6.0,0.0,54.0,42.0,34.0,7.0,10.0,3.0,4.0,5.0,1.0,48.0,32.0,21.0,8.0,9.0,5.0,8.0,24.0,1880.0,56.0,960.0,sackmann_archive_2025
2025-0328,Basel,Hard,32,A,2025-10-20,368,124187,,Q,Reilly Opelka,R,211.0,USA,28.1,202104,,,Sebastian Baez,R,170.0,ARG,24.8,6-3 6-4,3,R32,72.0,19.0,0.0,51.0,43.0,37.0,5.0,10.0,0.0,0.0,0.0,2.0,66.0,48.0,33.0,8.0,9.0,5.0,7.0,62.0,895.0,43.0,1155.0,sackmann_archive_2025
2025-0328,Basel,Hard,32,A,2025-10-20,367,122298,,LL,Botic Van De Zandschulp,R,191.0,NED,30.0,208103,6.0,,Jiri Lehecka,R,185.0,CZE,23.9,6-2 6-2,3,R32,83.0,7.0,3.0,58.0,31.0,25.0,15.0,8.0,5.0,5.0,4.0,2.0,62.0,40.0,24.0,8.0,8.0,6.0,10.0,82.0,752.0,17.0,2415.0,sackmann_archive_2025
2025-0328,Basel,Hard,32,A,2025-10-20,366,134770,4.0,,Casper Ruud,R,183.0,NOR,26.8,111460,,LL,Quentin Halys,R,191.0,FRA,28.9,6-1 7-6(3),3,R32,75.0,10.0,0.0,57.0,41.0,32.0,10.0,10.0,0.0,1.0,10.0,1.0,58.0,36.0,25.0,10.0,9.0,2.0,5.0,11.0,3145.0,78.0,774.0,sackmann_archive_2025
2025-0328,Basel,Hard,32,A,2025-10-20,365,104527,,WC,Stan Wawrinka,R,183.0,SUI,40.5,200175,,,Miomir Kecmanovic,R,183.0,SRB,26.1,6-1 7-6(3),3,R32,82.0,12.0,1.0,59.0,40.0,30.0,12.0,10.0,0.0,1.0,2.0,4.0,60.0,34.0,24.0,11.0,9.0,5.0,8.0,158.0,372.0,52.0,1041.0,sackmann_archive_2025
2025-0328,Basel,Hard,32,A,2025-10-20,364,202385,,PR,Jenson Brooksby,R,188.0,USA,24.9,124186,,,Alexandre Muller,R,183.0,FRA,28.7,6-4 6-3,3,R32,67.0,6.0,0.0,45.0,31.0,26.0,10.0,9.0,0.0,0.0,1.0,2.0,56.0,39.0,28.0,6.0,10.0,0.0,3.0,55.0,967.0,44.0,1153.0,sackmann_archive_2025
2025-0328,Basel,Hard,32,A,2025-10-20,363,200221,8.0,,Alejandro Davidovich Fokina,R,183.0,ESP,26.3,132283,,,Lorenzo Sonego,R,191.0,ITA,30.4,7-6(2) 6-4,3,R32,122.0,4.0,6.0,72.0,43.0,34.0,16.0,11.0,1.0,2.0,10.0,0.0,82.0,55.0,37.0,13.0,11.0,6.0,8.0,18.0,2285.0,45.0,1130.0,sackmann_archive_2025
2025-0328,Basel,Hard,32,A,2025-10-20,362,210150,7.0,,Jakub Mensik,R,193.0,CZE,20.1,148679,,WC,Henry Bernet,R,,SUI,18.7,7-6(1) 6-7(7) 6-3,3,R32,149.0,18.0,8.0,109.0,62.0,51.0,31.0,17.0,2.0,2.0,8.0,4.0,105.0,59.0,44.0,28.0,16.0,5.0,6.0,19.0,2265.0,481.0,89.0,sackmann_archive_2025
2025-0328,Basel,Hard,32,A,2025-10-20,361,211663,,,Joao Fonseca,R,185.0,BRA,19.1,208659,,,Giovanni Mpetshi Perricard,R,203.0,FRA,22.2,7-6(6) 6-3,3,R32,86.0,7.0,1.0,68.0,47.0,37.0,15.0,11.0,0.0,0.0,13.0,0.0,66.0,51.0,33.0,12.0,10.0,1.0,2.0,46.0,1129.0,33.0,1455.0,sackmann_archive_2025
2025-0328,Basel,Hard,32,A,2025-10-20,360,208316,,LL,Valentin Royer,R,188.0,FRA,24.3,209920,,SE,Raphael Collignon,R,191.0,BEL,23.7,6-4 7-6(5),3,R32,92.0,3.0,3.0,78.0,54.0,39.0,13.0,11.0,1.0,2.0,7.0,4.0,58.0,45.0,37.0,6.0,11.0,1.0,3.0,69.0,869.0,73.0,813.0,sackmann_archive_2025
2025-0328,Basel,Hard,32,A,2025-10-20,359,133430,9.0,,Denis Shapovalov,L,185.0,CAN,26.5,106218,,,Marcos Giron,R,180.0,USA,32.2,6-7(3) 6-0 7-6(4),3,R32,135.0,13.0,5.0,102.0,66.0,47.0,20.0,15.0,5.0,7.0,3.0,0.0,94.0,64.0,41.0,16.0,15.0,3.0,8.0,23.0,1928.0,57.0,925.0,sackmann_archive_2025
2025-0328,Basel,Hard,32,A,2025-10-20,358,200000,5.0,,Felix Auger Aliassime,R,193.0,CAN,25.1,209113,,,Gabriel Diallo,R,203.0,CAN,24.0,6-2 7-5,3,R32,110.0,8.0,4.0,64.0,50.0,37.0,7.0,10.0,3.0,4.0,8.0,6.0,89.0,60.0,39.0,8.0,10.0,8.0,12.0,12.0,3145.0,41.0,1228.0,sackmann_archive_2025
2025-0328,Basel,Hard,32,A,2025-10-20,357,105227,,Q,Marin Cilic,R,198.0,CRO,37.0,105676,,LL,David Goffin,R,180.0,BEL,34.8,7-6(9) 7-5,3,R32,108.0,10.0,2.0,72.0,43.0,37.0,20.0,12.0,0.0,0.0,15.0,0.0,72.0,49.0,41.0,11.0,12.0,0.0,1.0,89.0,709.0,104.0,609.0,sackmann_archive_2025
2025-0328,Basel,Hard,32,A,2025-10-20,356,144719,,,Jaume Munar,R,183.0,ESP,28.4,200329,,Q,Remy Bertola,R,175.0,SUI,27.1,6-2 6-4,3,R32,75.0,5.0,4.0,56.0,40.0,32.0,8.0,9.0,1.0,1.0,3.0,3.0,54.0,29.0,19.0,13.0,9.0,1.0,4.0,42.0,1208.0,268.0,203.0,sackmann_archive_2025
2025-0328,Basel,Hard,32,A,2025-10-20,355,210097,2.0,,Ben Shelton,L,193.0,USA,23.0,111794,,Q,Kamil Majchrzak,R,180.0,POL,29.7,6-7(2) 6-3 7-6(7),3,R32,164.0,13.0,0.0,114.0,83.0,64.0,13.0,16.0,4.0,4.0,12.0,2.0,113.0,78.0,58.0,19.0,17.0,4.0,6.0,6.0,4100.0,70.0,836.0,sackmann_archive_2025
2025-0337,Vienna,Hard,32,A,2025-10-20,385,206173,1.0,,Jannik Sinner,R,191.0,ITA,24.1,100644,2.0,,Alexander Zverev,R,198.0,GER,28.5,3-6 6-3 7-5,3,F,148.0,11.0,1.0,84.0,57.0,47.0,16.0,15.0,3.0,4.0,11.0,4.0,102.0,77.0,55.0,11.0,15.0,6.0,8.0,2.0,10000.0,3.0,5930.0,sackmann_archive_2025
2025-0337,Vienna,Hard,32,A,2025-10-20,384,206173,1.0,,Jannik Sinner,R,191.0,ITA,24.1,200282,3.0,,Alex De Minaur,R,183.0,AUS,26.6,6-3 6-4,3,SF,87.0,4.0,0.0,57.0,38.0,28.0,10.0,10.0,0.0,2.0,2.0,1.0,50.0,29.0,15.0,12.0,9.0,1.0,5.0,2.0,10000.0,7.0,3935.0,sackmann_archive_2025
2025-0337,Vienna,Hard,32,A,2025-10-20,383,100644,2.0,,Alexander Zverev,R,198.0,GER,28.5,207518,4.0,,Lorenzo Musetti,R,185.0,ITA,23.6,6-4 7-5,3,SF,92.0,9.0,0.0,58.0,48.0,40.0,4.0,11.0,0.0,0.0,3.0,3.0,64.0,39.0,30.0,13.0,11.0,2.0,4.0,3.0,5930.0,8.0,3685.0,sackmann_archive_2025
2025-0337,Vienna,Hard,32,A,2025-10-20,382,206173,1.0,,Jannik Sinner,R,191.0,ITA,24.1,122330,8.0,,Alexander Bublik,R,196.0,KAZ,28.3,6-4 6-4,3,QF,76.0,8.0,0.0,45.0,30.0,28.0,12.0,10.0,0.0,0.0,9.0,4.0,69.0,43.0,30.0,12.0,10.0,6.0,8.0,2.0,10000.0,16.0,2430.0,sackmann_archive_2025
2025-0337,Vienna,Hard,32,A,2025-10-20,381,200282,3.0,,Alex De Minaur,R,183.0,AUS,26.6,126610,,,Matteo Berrettini,R,196.0,ITA,29.5,6-1 7-6(4),3,QF,103.0,4.0,2.0,72.0,45.0,33.0,10.0,10.0,1.0,3.0,8.0,0.0,65.0,46.0,23.0,10.0,9.0,6.0,10.0,7.0,3935.0,59.0,905.0,sackmann_archive_2025
2025-0337,Vienna,Hard,32,A,2025-10-20,380,207518,4.0,,Lorenzo Musetti,R,185.0,ITA,23.6,144895,,,Corentin Moutet,L,180.0,FRA,26.5,6-3 6-4,3,QF,101.0,4.0,1.0,65.0,40.0,28.0,16.0,10.0,1.0,1.0,1.0,2.0,53.0,27.0,21.0,11.0,9.0,1.0,3.0,8.0,3685.0,36.0,1398.0,sackmann_archive_2025
2025-0337,Vienna,Hard,32,A,2025-10-20,379,100644,2.0,,Alexander Zverev,R,198.0,GER,28.5,134868,,,Tallon Griekspoor,R,188.0,NED,29.3,W/O,3,QF,,0.0,0.0,0.0,0.0,0.0,0.0,0.0,0.0,0.0,0.0,0.0,0.0,0.0,0.0,0.0,0.0,0.0,0.0,3.0,5930.0,28.0,1565.0,sackmann_archive_2025
2025-0337,Vienna,Hard,32,A,2025-10-20,378,206173,1.0,,Jannik Sinner,R,191.0,ITA,24.1,207925,,,Flavio Cobolli,R,183.0,ITA,23.4,6-2 7-6(4),3,R16,107.0,4.0,1.0,65.0,42.0,29.0,18.0,10.0,0.0,0.0,4.0,1.0,79.0,52.0,34.0,15.0,10.0,6.0,8.0,2.0,10000.0,22.0,1975.0,sackmann_archive_2025
2025-0337,Vienna,Hard,32,A,2025-10-20,377,122330,8.0,,Alexander Bublik,R,196.0,KAZ,28.3,202103,,,Francisco Cerundolo,R,185.0,ARG,27.1,6-4 6-2,3,R16,65.0,11.0,4.0,66.0,50.0,40.0,6.0,9.0,6.0,6.0,4.0,2.0,50.0,33.0,23.0,8.0,9.0,1.0,4.0,16.0,2430.0,21.0,2085.0,sackmann_archive_2025
2025-0337,Vienna,Hard,32,A,2025-10-20,376,200282,3.0,,Alex De Minaur,R,183.0,AUS,26.6,209209,,WC,Filip Misolic,R,180.0,AUT,24.1,6-4 6-4,3,R16,88.0,3.0,1.0,57.0,38.0,28.0,15.0,10.0,3.0,3.0,5.0,2.0,69.0,48.0,34.0,10.0,10.0,4.0,6.0,7.0,3935.0,95.0,676.0,sackmann_archive_2025
2025-0337,Vienna,Hard,32,A,2025-10-20,375,126610,,,Matteo Berrettini,R,196.0,ITA,29.5,111815,,,Cameron Norrie,L,188.0,GBR,30.1,7-6(6) 6-7(9) 6-4,3,R16,196.0,16.0,1.0,124.0,85.0,62.0,24.0,17.0,4.0,5.0,6.0,2.0,117.0,74.0,47.0,31.0,17.0,3.0,5.0,59.0,905.0,35.0,1433.0,sackmann_archive_2025
2025-0337,Vienna,Hard,32,A,2025-10-20,374,144895,,,Corentin Moutet,L,180.0,FRA,26.5,106421,6.0,,Daniil Medvedev,R,198.0,RUS,29.6,7-6(3) 6-4,3,R16,135.0,1.0,1.0,89.0,51.0,33.0,17.0,11.0,5.0,8.0,6.0,1.0,71.0,43.0,25.0,13.0,11.0,2.0,6.0,36.0,1398.0,14.0,2810.0,sackmann_archive_2025
2025-0337,Vienna,Hard,32,A,2025-10-20,373,207518,4.0,,Lorenzo Musetti,R,185.0,ITA,23.6,144869,,,Tomas Martin Etcheverry,R,196.0,ARG,26.2,6-3 6-4,3,R16,93.0,7.0,1.0,63.0,42.0,34.0,11.0,10.0,4.0,4.0,4.0,3.0,55.0,37.0,26.0,7.0,9.0,1.0,3.0,8.0,3685.0,60.0,905.0,sackmann_archive_2025
2025-0337,Vienna,Hard,32,A,2025-10-20,372,134868,,,Tallon Griekspoor,R,188.0,NED,29.3,206909,,,Brandon Nakashima,R,188.0,USA,24.2,7-6(4) 7-6(2),3,R16,126.0,11.0,2.0,82.0,60.0,49.0,14.0,12.0,5.0,5.0,12.0,0.0,92.0,61.0,48.0,15.0,12.0,8.0,8.0,28.0,1565.0,32.0,1470.0,sackmann_archive_2025
2025-0337,Vienna,Hard,32,A,2025-10-20,371,100644,2.0,,Alexander Zverev,R,198.0,GER,28.5,208286,,Q,Matteo Arnaldi,R,185.0,ITA,24.6,6-4 6-4,3,R16,87.0,6.0,1.0,53.0,38.0,33.0,8.0,10.0,1.0,1.0,6.0,4.0,59.0,28.0,22.0,16.0,10.0,1.0,3.0,3.0,5930.0,72.0,818.0,sackmann_archive_2025
2025-0337,Vienna,Hard,32,A,2025-10-20,370,206173,1.0,,Jannik Sinner,R,191.0,ITA,24.1,127157,,,Daniel Altmaier,R,188.0,GER,27.1,6-0 6-2,3,R32,58.0,5.0,0.0,32.0,19.0,18.0,10.0,7.0,0.0,0.0,3.0,1.0,45.0,26.0,14.0,4.0,7.0,1.0,6.0,2.0,10000.0,51.0,1048.0,sackmann_archive_2025
2025-0337,Vienna,Hard,32,A,2025-10-20,369,207925,,,Flavio Cobolli,R,183.0,ITA,23.4,207830,,,Tomas Machac,R,183.0,CZE,25.0,7-6(6) 6-2,3,R32,99.0,7.0,1.0,60.0,38.0,32.0,16.0,10.0,0.0,0.0,10.0,3.0,81.0,55.0,41.0,11.0,10.0,6.0,8.0,22.0,1975.0,31.0,1545.0,sackmann_archive_2025
2025-0337,Vienna,Hard,32,A,2025-10-20,368,202103,,,Francisco Cerundolo,R,185.0,ARG,27.1,210506,,,Alex Michelsen,R,193.0,USA,21.1,6-3 6-1,3,R32,68.0,0.0,0.0,50.0,30.0,24.0,11.0,8.0,3.0,3.0,2.0,1.0,51.0,33.0,18.0,7.0,8.0,2.0,6.0,21.0,2085.0,34.0,1440.0,sackmann_archive_2025
2025-0337,Vienna,Hard,32,A,2025-10-20,367,122330,8.0,,Alexander Bublik,R,196.0,KAZ,28.3,126214,,,Alejandro Tabilo,L,188.0,CHI,28.3,6-4 6-4,3,R32,68.0,12.0,5.0,54.0,34.0,31.0,11.0,10.0,1.0,1.0,8.0,1.0,56.0,41.0,30.0,8.0,10.0,3.0,5.0,16.0,2430.0,75.0,792.0,sackmann_archive_2025
2025-0337,Vienna,Hard,32,A,2025-10-20,366,200282,3.0,,Alex De Minaur,R,183.0,AUS,26.6,200514,,WC,Jurij Rodionov,L,191.0,AUT,26.4,6-4 6-1,3,R32,80.0,3.0,0.0,49.0,33.0,26.0,13.0,9.0,2.0,2.0,4.0,1.0,58.0,27.0,19.0,14.0,8.0,5.0,8.0,7.0,3935.0,154.0,383.0,sackmann_archive_2025
2025-0337,Vienna,Hard,32,A,2025-10-20,365,209209,,WC,Filip Misolic,R,180.0,AUT,24.1,200116,,,Camilo Ugo Carabelli,R,185.0,ARG,26.3,7-5 7-6(6),3,R32,135.0,6.0,3.0,92.0,60.0,44.0,11.0,12.0,3.0,5.0,6.0,2.0,89.0,60.0,33.0,17.0,12.0,8.0,11.0,95.0,676.0,50.0,1053.0,sackmann_archive_2025
2025-0337,Vienna,Hard,32,A,2025-10-20,364,126610,,,Matteo Berrettini,R,196.0,ITA,29.5,200615,,,Alexei Popyrin,R,196.0,AUS,26.2,7-6(5) 6-3,3,R32,92.0,9.0,0.0,59.0,40.0,32.0,14.0,10.0,1.0,1.0,12.0,1.0,66.0,46.0,32.0,12.0,11.0,2.0,4.0,59.0,905.0,48.0,1090.0,sackmann_archive_2025
2025-0337,Vienna,Hard,32,A,2025-10-20,363,111815,,,Cameron Norrie,L,188.0,GBR,30.1,126094,7.0,,Andrey Rublev,R,188.0,RUS,28.0,6-2 6-7(5) 6-2,3,R32,126.0,10.0,1.0,82.0,55.0,41.0,20.0,14.0,1.0,2.0,9.0,3.0,96.0,57.0,37.0,19.0,14.0,8.0,13.0,35.0,1433.0,15.0,2560.0,sackmann_archive_2025
2025-0337,Vienna,Hard,32,A,2025-10-20,362,106421,6.0,,Daniil Medvedev,R,198.0,RUS,29.6,132686,,,Nuno Borges,R,185.0,POR,28.6,6-4 6-7(7) 6-2,3,R32,138.0,18.0,8.0,98.0,60.0,50.0,19.0,15.0,4.0,4.0,8.0,4.0,102.0,57.0,45.0,20.0,15.0,5.0,8.0,14.0,2810.0,47.0,1120.0,sackmann_archive_2025
2025-0337,Vienna,Hard,32,A,2025-10-20,361,144895,,,Corentin Moutet,L,180.0,FRA,26.5,106000,,Q,Damir Dzumhur,R,175.0,BIH,33.4,6-3 6-0,3,R32,67.0,4.0,3.0,37.0,18.0,16.0,14.0,7.0,2.0,2.0,1.0,0.0,48.0,37.0,16.0,6.0,8.0,7.0,12.0,36.0,1398.0,63.0,883.0,sackmann_archive_2025
2025-0337,Vienna,Hard,32,A,2025-10-20,360,144869,,,Tomas Martin Etcheverry,R,196.0,ARG,26.2,149282,,WC,Nicolai Budkov Kjaer,R,188.0,NOR,19.1,6-3 6-3,3,R32,69.0,6.0,0.0,44.0,34.0,32.0,4.0,9.0,0.0,0.0,4.0,1.0,50.0,29.0,18.0,10.0,9.0,1.0,4.0,60.0,905.0,137.0,473.0,sackmann_archive_2025
2025-0337,Vienna,Hard,32,A,2025-10-20,359,207518,4.0,,Lorenzo Musetti,R,185.0,ITA,23.6,209098,,LL,Hamad Medjedovic,R,188.0,SRB,22.2,6-4 6-3,3,R32,78.0,7.0,0.0,49.0,25.0,23.0,16.0,10.0,0.0,1.0,5.0,0.0,59.0,42.0,26.0,8.0,9.0,3.0,6.0,8.0,3685.0,67.0,875.0,sackmann_archive_2025
2025-0337,Vienna,Hard,32,A,2025-10-20,358,134868,,,Tallon Griekspoor,R,188.0,NED,29.3,111575,5.0,,Karen Khachanov,R,198.0,RUS,29.4,6-3 5-7 6-4,3,R32,123.0,11.0,0.0,82.0,52.0,41.0,22.0,16.0,0.0,1.0,14.0,2.0,87.0,64.0,49.0,12.0,15.0,5.0,7.0,28.0,1565.0,13.0,2950.0,sackmann_archive_2025
2025-0337,Vienna,Hard,32,A,2025-10-20,357,206909,,,Brandon Nakashima,R,188.0,USA,24.2,209260,,,Luciano Darderi,R,183.0,ITA,23.6,6-2 7-5,3,R32,93.0,7.0,0.0,54.0,32.0,27.0,13.0,10.0,0.0,0.0,10.0,5.0,81.0,49.0,34.0,13.0,10.0,6.0,9.0,32.0,1470.0,26.0,1649.0,sackmann_archive_2025
2025-0337,Vienna,Hard,32,A,2025-10-20,356,208286,,Q,Matteo Arnaldi,R,185.0,ITA,24.6,206499,,Q,Aleksandar Kovacevic,R,183.0,USA,27.1,7-5 6-4,3,R32,109.0,12.0,4.0,71.0,44.0,35.0,14.0,11.0,4.0,4.0,5.0,1.0,76.0,46.0,33.0,15.0,11.0,7.0,9.0,72.0,818.0,65.0,877.0,sackmann_archive_2025
2025-0337,Vienna,Hard,32,A,2025-10-20,355,100644,2.0,,Alexander Zverev,R,198.0,GER,28.5,207985,,Q,Jacob Fearnley,R,183.0,GBR,24.2,6-4 1-6 7-6(5),3,R32,139.0,5.0,0.0,80.0,53.0,38.0,20.0,14.0,0.0,2.0,2.0,6.0,103.0,75.0,53.0,16.0,15.0,6.0,7.0,3.0,5930.0,81.0,754.0,sackmann_archive_2025
2025-0352,Paris Masters,Hard,56,M,2025-10-27,373,206173,2.0,,Jannik Sinner,R,191.0,ITA,24.1,200000,9.0,,Felix Auger Aliassime,R,193.0,CAN,25.2,6-4 7-6(4),3,F,112.0,6.0,2.0,61.0,44.0,40.0,11.0,11.0,0.0,0.0,8.0,2.0,73.0,47.0,38.0,12.0,11.0,5.0,6.0,2.0,10500.0,10.0,3195.0,sackmann_archive_2025
2025-0352,Paris Masters,Hard,56,M,2025-10-27,372,200000,9.0,,Felix Auger Aliassime,R,193.0,CAN,25.2,122330,13.0,,Alexander Bublik,R,196.0,KAZ,28.3,7-6(3) 6-4,3,SF,96.0,12.0,2.0,61.0,40.0,34.0,9.0,11.0,0.0,2.0,5.0,2.0,69.0,40.0,27.0,16.0,11.0,1.0,4.0,10.0,3195.0,16.0,2520.0,sackmann_archive_2025
2025-0352,Paris Masters,Hard,56,M,2025-10-27,371,206173,2.0,,Jannik Sinner,R,191.0,ITA,24.1,100644,3.0,,Alexander Zverev,R,198.0,GER,28.5,6-0 6-1,3,SF,62.0,8.0,0.0,31.0,21.0,19.0,5.0,6.0,0.0,0.0,2.0,0.0,49.0,33.0,16.0,3.0,7.0,3.0,9.0,2.0,10500.0,3.0,6160.0,sackmann_archive_2025
2025-0352,Paris Masters,Hard,56,M,2025-10-27,370,200000,9.0,,Felix Auger Aliassime,R,193.0,CAN,25.2,200473,,WC,Valentin Vacherot,R,193.0,MON,26.9,6-2 6-2,3,QF,78.0,3.0,0.0,39.0,27.0,24.0,9.0,8.0,2.0,2.0,5.0,2.0,61.0,36.0,19.0,12.0,8.0,4.0,8.0,10.0,3195.0,40.0,1283.0,sackmann_archive_2025
2025-0352,Paris Masters,Hard,56,M,2025-10-27,369,122330,13.0,,Alexander Bublik,R,196.0,KAZ,28.3,200282,6.0,,Alex De Minaur,R,183.0,AUS,26.6,6-7(5) 6-4 7-5,3,QF,142.0,16.0,4.0,111.0,70.0,62.0,13.0,17.0,2.0,2.0,12.0,9.0,106.0,56.0,43.0,29.0,17.0,3.0,5.0,16.0,2520.0,6.0,3935.0,sackmann_archive_2025
2025-0352,Paris Masters,Hard,56,M,2025-10-27,368,100644,3.0,,Alexander Zverev,R,198.0,GER,28.5,106421,11.0,,Daniil Medvedev,R,198.0,RUS,29.7,2-6 6-3 7-6(5),3,QF,150.0,4.0,0.0,93.0,73.0,51.0,8.0,15.0,6.0,10.0,5.0,4.0,97.0,58.0,43.0,16.0,14.0,6.0,9.0,3.0,6160.0,13.0,2810.0,sackmann_archive_2025
2025-0352,Paris Masters,Hard,56,M,2025-10-27,367,206173,2.0,,Jannik Sinner,R,191.0,ITA,24.1,210097,5.0,,Ben Shelton,L,193.0,USA,23.0,6-3 6-3,3,QF,69.0,4.0,0.0,40.0,30.0,24.0,8.0,9.0,0.0,1.0,7.0,5.0,51.0,34.0,23.0,5.0,9.0,4.0,8.0,2.0,10500.0,7.0,3820.0,sackmann_archive_2025
2025-0352,Paris Masters,Hard,56,M,2025-10-27,366,200473,,WC,Valentin Vacherot,R,193.0,MON,26.9,111815,,,Cameron Norrie,L,188.0,GBR,30.1,7-6(4) 6-4,3,R16,96.0,5.0,0.0,77.0,51.0,44.0,10.0,11.0,5.0,5.0,4.0,0.0,57.0,45.0,37.0,9.0,11.0,0.0,1.0,40.0,1283.0,31.0,1483.0,sackmann_archive_2025
2025-0352,Paris Masters,Hard,56,M,2025-10-27,365,200000,9.0,,Felix Auger Aliassime,R,193.0,CAN,25.2,127157,,,Daniel Altmaier,R,188.0,GER,27.1,3-6 6-3 6-2,3,R16,131.0,7.0,3.0,74.0,45.0,39.0,16.0,13.0,4.0,5.0,6.0,6.0,94.0,62.0,45.0,12.0,13.0,7.0,10.0,10.0,3195.0,50.0,1039.0,sackmann_archive_2025
2025-0352,Paris Masters,Hard,56,M,2025-10-27,364,122330,13.0,,Alexander Bublik,R,196.0,KAZ,28.3,126203,4.0,,Taylor Fritz,R,196.0,USA,27.9,7-6(5) 6-2,3,R16,86.0,11.0,1.0,70.0,47.0,35.0,14.0,10.0,4.0,4.0,15.0,5.0,80.0,50.0,38.0,10.0,10.0,8.0,10.0,16.0,2520.0,4.0,4685.0,sackmann_archive_2025
2025-0352,Paris Masters,Hard,56,M,2025-10-27,363,200282,6.0,,Alex De Minaur,R,183.0,AUS,26.6,111575,10.0,,Karen Khachanov,R,198.0,RUS,29.4,6-2 6-2,3,R16,68.0,2.0,2.0,52.0,28.0,22.0,15.0,8.0,3.0,3.0,3.0,1.0,45.0,32.0,21.0,3.0,8.0,1.0,5.0,6.0,3935.0,14.0,2620.0,sackmann_archive_2025
2025-0352,Paris Masters,Hard,56,M,2025-10-27,362,106421,11.0,,Daniil Medvedev,R,198.0,RUS,29.7,132283,,,Lorenzo Sonego,R,191.0,ITA,30.4,3-6 7-6(5) 6-4,3,R16,159.0,8.0,4.0,96.0,58.0,42.0,22.0,15.0,6.0,8.0,8.0,3.0,111.0,77.0,59.0,14.0,16.0,5.0,7.0,13.0,2810.0,45.0,1130.0,sackmann_archive_2025
2025-0352,Paris Masters,Hard,56,M,2025-10-27,361,100644,3.0,,Alexander Zverev,R,198.0,GER,28.5,200221,15.0,,Alejandro Davidovich Fokina,R,183.0,ESP,26.3,6-2 6-4,3,R16,96.0,4.0,1.0,57.0,44.0,31.0,8.0,9.0,3.0,4.0,4.0,1.0,62.0,43.0,25.0,8.0,9.0,7.0,11.0,3.0,6160.0,15.0,2585.0,sackmann_archive_2025
2025-0352,Paris Masters,Hard,56,M,2025-10-27,360,210097,5.0,,Ben Shelton,L,193.0,USA,23.0,126094,12.0,,Andrey Rublev,R,188.0,RUS,28.0,7-6(6) 6-3,3,R16,95.0,15.0,0.0,58.0,43.0,34.0,13.0,10.0,0.0,0.0,6.0,0.0,72.0,40.0,27.0,21.0,11.0,4.0,6.0,7.0,3820.0,17.0,2470.0,sackmann_archive_2025
2025-0352,Paris Masters,Hard,56,M,2025-10-27,359,206173,2.0,,Jannik Sinner,R,191.0,ITA,24.1,202103,,,Francisco Cerundolo,R,185.0,ARG,27.2,7-5 6-1,3,R16,85.0,4.0,2.0,49.0,35.0,29.0,6.0,10.0,1.0,3.0,0.0,2.0,64.0,38.0,21.0,10.0,9.0,3.0,8.0,2.0,10500.0,21.0,2085.0,sackmann_archive_2025
2025-0352,Paris Masters,Hard,56,M,2025-10-27,358,111815,,,Cameron Norrie,L,188.0,GBR,30.1,207989,1.0,,Carlos Alcaraz,R,183.0,ESP,22.4,4-6 6-3 6-4,3,R32,142.0,3.0,1.0,92.0,52.0,41.0,24.0,15.0,4.0,5.0,8.0,2.0,95.0,58.0,37.0,22.0,14.0,5.0,7.0,31.0,1483.0,1.0,11340.0,sackmann_archive_2025
2025-0352,Paris Masters,Hard,56,M,2025-10-27,357,200473,,WC,Valentin Vacherot,R,193.0,MON,26.9,126239,,WC,Arthur Rinderknech,R,196.0,FRA,30.2,6-7(9) 6-3 6-4,3,R32,174.0,6.0,8.0,108.0,56.0,42.0,30.0,15.0,11.0,13.0,8.0,5.0,109.0,65.0,49.0,19.0,16.0,6.0,11.0,40.0,1283.0,29.0,1590.0,sackmann_archive_2025
2025-0352,Paris Masters,Hard,56,M,2025-10-27,356,200000,9.0,,Felix Auger Aliassime,R,193.0,CAN,25.2,124186,,,Alexandre Muller,R,183.0,FRA,28.7,5-7 7-6(5) 7-6(4),3,R32,184.0,21.0,6.0,119.0,66.0,55.0,26.0,18.0,3.0,5.0,7.0,5.0,116.0,68.0,54.0,28.0,18.0,4.0,5.0,10.0,3195.0,44.0,1150.0,sackmann_archive_2025
2025-0352,Paris Masters,Hard,56,M,2025-10-27,355,127157,,,Daniel Altmaier,R,188.0,GER,27.1,134770,8.0,,Casper Ruud,R,183.0,NOR,26.8,6-3 7-5,3,R32,85.0,10.0,1.0,63.0,37.0,32.0,14.0,11.0,4.0,5.0,7.0,2.0,56.0,36.0,29.0,7.0,10.0,2.0,5.0,50.0,1039.0,9.0,3235.0,sackmann_archive_2025
2025-0352,Paris Masters,Hard,56,M,2025-10-27,354,126203,4.0,,Taylor Fritz,R,196.0,USA,27.9,126846,,Q,Aleksandar Vukic,R,188.0,AUS,29.5,7-6(4) 6-2,3,R32,95.0,12.0,5.0,72.0,41.0,32.0,18.0,10.0,3.0,3.0,7.0,1.0,69.0,48.0,32.0,8.0,10.0,4.0,6.0,4.0,4685.0,103.0,633.0,sackmann_archive_2025
2025-0352,Paris Masters,Hard,56,M,2025-10-27,353,122330,13.0,,Alexander Bublik,R,196.0,KAZ,28.3,144895,,,Corentin Moutet,L,180.0,FRA,26.5,6-3 7-5,3,R32,96.0,6.0,2.0,70.0,43.0,34.0,15.0,11.0,1.0,1.0,3.0,0.0,65.0,50.0,33.0,8.0,10.0,8.0,10.0,16.0,2520.0,32.0,1473.0,sackmann_archive_2025
2025-0352,Paris Masters,Hard,56,M,2025-10-27,352,111575,10.0,,Karen Khachanov,R,198.0,RUS,29.4,211663,,,Joao Fonseca,R,185.0,BRA,19.1,6-1 3-6 6-3,3,R32,110.0,8.0,2.0,68.0,49.0,39.0,10.0,13.0,0.0,1.0,11.0,4.0,79.0,47.0,32.0,16.0,12.0,7.0,10.0,14.0,2620.0,28.0,1615.0,sackmann_archive_2025
2025-0352,Paris Masters,Hard,56,M,2025-10-27,351,200282,6.0,,Alex De Minaur,R,183.0,AUS,26.6,209113,,,Gabriel Diallo,R,203.0,CAN,24.0,7-6(8) 4-6 6-3,3,R32,157.0,3.0,3.0,95.0,48.0,31.0,29.0,16.0,5.0,9.0,8.0,3.0,107.0,74.0,51.0,11.0,15.0,6.0,10.0,6.0,3935.0,42.0,1228.0,sackmann_archive_2025
2025-0352,Paris Masters,Hard,56,M,2025-10-27,350,132283,,,Lorenzo Sonego,R,191.0,ITA,30.4,207518,7.0,,Lorenzo Musetti,R,185.0,ITA,23.6,3-6 6-3 6-1,3,R32,116.0,4.0,0.0,70.0,40.0,30.0,20.0,12.0,3.0,4.0,1.0,4.0,70.0,43.0,34.0,11.0,13.0,1.0,5.0,45.0,1130.0,8.0,3685.0,sackmann_archive_2025
2025-0352,Paris Masters,Hard,56,M,2025-10-27,349,106421,11.0,,Daniil Medvedev,R,198.0,RUS,29.7,105777,,,Grigor Dimitrov,R,191.0,BUL,34.4,W/O,3,R32,,,,,,,,,,,,,,,,,,,,13.0,2810.0,38.0,1330.0,sackmann_archive_2025
2025-0352,Paris Masters,Hard,56,M,2025-10-27,348,200221,15.0,,Alejandro Davidovich Fokina,R,183.0,ESP,26.3,209070,,WC,Arthur Cazaux,R,183.0,FRA,23.1,7-6(5) 6-4,3,R32,119.0,4.0,5.0,76.0,50.0,41.0,13.0,11.0,4.0,4.0,8.0,4.0,84.0,45.0,36.0,19.0,11.0,5.0,6.0,15.0,2585.0,62.0,902.0,sackmann_archive_2025
2025-0352,Paris Masters,Hard,56,M,2025-10-27,347,100644,3.0,,Alexander Zverev,R,198.0,GER,28.5,200116,,,Camilo Ugo Carabelli,R,185.0,ARG,26.3,6-7(5) 6-1 7-5,3,R32,155.0,7.0,0.0,92.0,69.0,51.0,18.0,16.0,0.0,1.0,1.0,4.0,109.0,57.0,46.0,22.0,15.0,2.0,6.0,3.0,6160.0,49.0,1053.0,sackmann_archive_2025
2025-0352,Paris Masters,Hard,56,M,2025-10-27,346,210097,5.0,,Ben Shelton,L,193.0,USA,23.0,207925,,,Flavio Cobolli,R,183.0,ITA,23.4,7-6(4) 6-3,3,R32,92.0,3.0,3.0,64.0,43.0,37.0,15.0,11.0,1.0,1.0,5.0,0.0,64.0,36.0,29.0,17.0,10.0,2.0,3.0,7.0,3820.0,23.0,1975.0,sackmann_archive_2025
2025-0352,Paris Masters,Hard,56,M,2025-10-27,345,126094,12.0,,Andrey Rublev,R,188.0,RUS,28.0,210530,,,Learner Tien,L,180.0,USA,19.9,6-4 6-4,3,R32,80.0,7.0,7.0,66.0,39.0,34.0,10.0,10.0,8.0,9.0,5.0,4.0,62.0,34.0,22.0,16.0,10.0,4.0,7.0,17.0,2470.0,39.0,1316.0,sackmann_archive_2025
2025-0352,Paris Masters,Hard,56,M,2025-10-27,344,202103,,,Francisco Cerundolo,R,185.0,ARG,27.2,200175,,,Miomir Kecmanovic,R,183.0,SRB,26.1,7-5 1-6 7-6(4),3,R32,146.0,14.0,2.0,102.0,62.0,39.0,23.0,15.0,7.0,11.0,3.0,4.0,117.0,69.0,46.0,22.0,16.0,9.0,12.0,21.0,2085.0,53.0,1001.0,sackmann_archive_2025
2025-0352,Paris Masters,Hard,56,M,2025-10-27,343,206173,2.0,,Jannik Sinner,R,191.0,ITA,24.1,200267,,,Zizou Bergs,R,185.0,BEL,26.4,6-4 6-2,3,R32,87.0,0.0,2.0,48.0,31.0,24.0,12.0,9.0,0.0,0.0,2.0,2.0,70.0,42.0,25.0,15.0,9.0,8.0,11.0,2.0,10500.0,41.0,1274.0,sackmann_archive_2025
2025-0352,Paris Masters,Hard,56,M,2025-10-27,342,111815,,,Cameron Norrie,L,188.0,GBR,30.1,202104,,,Sebastian Baez,R,170.0,ARG,24.8,6-3 6-4,3,R64,84.0,3.0,2.0,73.0,51.0,34.0,9.0,10.0,5.0,7.0,0.0,1.0,48.0,36.0,21.0,6.0,9.0,2.0,6.0,31.0,1483.0,43.0,1155.0,sackmann_archive_2025
2025-0352,Paris Masters,Hard,56,M,2025-10-27,341,126239,,WC,Arthur Rinderknech,R,196.0,FRA,30.2,206681,,,Fabian Marozsan,R,193.0,HUN,26.0,7-6(5) 7-6(4),3,R64,126.0,16.0,1.0,94.0,61.0,49.0,15.0,12.0,4.0,5.0,5.0,2.0,84.0,47.0,34.0,23.0,12.0,2.0,3.0,29.0,1590.0,48.0,1065.0,sackmann_archive_2025
2025-0352,Paris Masters,Hard,56,M,2025-10-27,340,200473,,WC,Valentin Vacherot,R,193.0,MON,26.9,208103,14.0,,Jiri Lehecka,R,185.0,CZE,23.9,6-1 6-3,3,R64,54.0,7.0,2.0,39.0,24.0,20.0,12.0,8.0,0.0,0.0,7.0,1.0,45.0,34.0,21.0,3.0,8.0,1.0,5.0,40.0,1283.0,18.0,2415.0,sackmann_archive_2025
2025-0352,Paris Masters,Hard,56,M,2025-10-27,339,200000,9.0,,Felix Auger Aliassime,R,193.0,CAN,25.2,207681,,Q,Francisco Comesana,R,178.0,ARG,25.0,6-7(2) 6-3 6-3,3,R64,138.0,11.0,7.0,80.0,44.0,37.0,21.0,15.0,3.0,5.0,8.0,1.0,100.0,63.0,39.0,19.0,15.0,5.0,10.0,10.0,3195.0,68.0,880.0,sackmann_archive_2025
2025-0352,Paris Masters,Hard,56,M,2025-10-27,338,124186,,,Alexandre Muller,R,183.0,FRA,28.7,206909,,,Brandon Nakashima,R,188.0,USA,24.2,6-2 7-5,3,R64,91.0,1.0,3.0,62.0,38.0,27.0,17.0,10.0,2.0,2.0,5.0,0.0,59.0,33.0,21.0,13.0,10.0,2.0,5.0,44.0,1150.0,33.0,1470.0,sackmann_archive_2025
2025-0352,Paris Masters,Hard,56,M,2025-10-27,337,127157,,,Daniel Altmaier,R,188.0,GER,27.1,106218,,,Marcos Giron,R,180.0,USA,32.2,6-2 7-6(5),3,R64,96.0,7.0,2.0,69.0,44.0,33.0,13.0,10.0,3.0,4.0,7.0,1.0,69.0,38.0,26.0,16.0,10.0,3.0,6.0,50.0,1039.0,65.0,885.0,sackmann_archive_2025
2025-0352,Paris Masters,Hard,56,M,2025-10-27,336,126846,,Q,Aleksandar Vukic,R,188.0,AUS,29.5,209279,,WC,Terence Atmane,L,193.0,FRA,23.7,6-4 2-6 6-4,3,R64,113.0,7.0,3.0,95.0,54.0,36.0,25.0,14.0,9.0,12.0,13.0,8.0,80.0,46.0,38.0,15.0,14.0,5.0,8.0,103.0,633.0,69.0,874.0,sackmann_archive_2025
2025-0352,Paris Masters,Hard,56,M,2025-10-27,335,144895,,,Corentin Moutet,L,180.0,FRA,26.5,124187,,LL,Reilly Opelka,R,211.0,USA,28.1,3-6 7-5 6-1,3,R64,127.0,5.0,5.0,72.0,40.0,30.0,23.0,14.0,0.0,1.0,11.0,9.0,89.0,58.0,45.0,12.0,14.0,5.0,8.0,32.0,1473.0,52.0,1010.0,sackmann_archive_2025
2025-0352,Paris Masters,Hard,56,M,2025-10-27,334,122330,13.0,,Alexander Bublik,R,196.0,KAZ,28.3,200615,,,Alexei Popyrin,R,196.0,AUS,26.2,6-4 6-3,3,R64,74.0,13.0,4.0,58.0,36.0,32.0,7.0,10.0,3.0,4.0,3.0,3.0,57.0,35.0,26.0,9.0,9.0,2.0,5.0,16.0,2520.0,47.0,1090.0,sackmann_archive_2025
2025-0352,Paris Masters,Hard,56,M,2025-10-27,333,111575,10.0,,Karen Khachanov,R,198.0,RUS,29.4,210319,,Q,Ethan Quinn,R,191.0,USA,21.6,6-1 6-1,3,R64,60.0,2.0,0.0,39.0,25.0,19.0,10.0,7.0,0.0,0.0,1.0,1.0,43.0,27.0,14.0,4.0,7.0,2.0,7.0,14.0,2620.0,71.0,837.0,sackmann_archive_2025
2025-0352,Paris Masters,Hard,56,M,2025-10-27,332,211663,,,Joao Fonseca,R,185.0,BRA,19.1,133430,,,Denis Shapovalov,L,185.0,CAN,26.5,5-7 6-4 6-3,3,R64,124.0,2.0,2.0,96.0,69.0,53.0,12.0,15.0,5.0,7.0,9.0,9.0,86.0,46.0,33.0,19.0,16.0,2.0,6.0,28.0,1615.0,24.0,1928.0,sackmann_archive_2025
2025-0352,Paris Masters,Hard,56,M,2025-10-27,331,209113,,,Gabriel Diallo,R,203.0,CAN,24.0,134868,,,Tallon Griekspoor,R,188.0,NED,29.3,6-3 6-4,3,R64,71.0,11.0,0.0,57.0,37.0,31.0,14.0,10.0,2.0,2.0,4.0,3.0,50.0,30.0,23.0,9.0,9.0,0.0,2.0,42.0,1228.0,25.0,1655.0,sackmann_archive_2025
2025-0352,Paris Masters,Hard,56,M,2025-10-27,330,132283,,,Lorenzo Sonego,R,191.0,ITA,30.4,200624,,Q,Sebastian Korda,R,196.0,USA,25.3,6-2 6-3,3,R64,88.0,3.0,2.0,48.0,28.0,23.0,10.0,8.0,3.0,4.0,2.0,4.0,68.0,39.0,23.0,11.0,9.0,4.0,9.0,45.0,1130.0,54.0,970.0,sackmann_archive_2025
2025-0352,Paris Masters,Hard,56,M,2025-10-27,329,105777,,,Grigor Dimitrov,R,191.0,BUL,34.4,208659,,,Giovanni Mpetshi Perricard,R,203.0,FRA,22.3,7-6(5) 6-1,3,R64,95.0,4.0,3.0,65.0,28.0,22.0,24.0,9.0,3.0,3.0,7.0,6.0,76.0,45.0,31.0,13.0,10.0,2.0,5.0,38.0,1330.0,56.0,965.0,sackmann_archive_2025
2025-0352,Paris Masters,Hard,56,M,2025-10-27,328,106421,11.0,,Daniil Medvedev,R,198.0,RUS,29.7,144719,,,Jaume Munar,R,183.0,ESP,28.4,6-1 6-3,3,R64,70.0,6.0,3.0,53.0,36.0,29.0,7.0,8.0,0.0,0.0,1.0,3.0,45.0,26.0,15.0,8.0,8.0,3.0,7.0,13.0,2810.0,36.0,1395.0,sackmann_archive_2025
2025-0352,Paris Masters,Hard,56,M,2025-10-27,327,200221,15.0,,Alejandro Davidovich Fokina,R,183.0,ESP,26.3,208316,,LL,Valentin Royer,R,188.0,FRA,24.4,4-6 6-1 6-4,3,R64,118.0,5.0,3.0,80.0,58.0,44.0,14.0,14.0,3.0,4.0,3.0,2.0,81.0,49.0,35.0,17.0,13.0,4.0,7.0,15.0,2585.0,59.0,922.0,sackmann_archive_2025
2025-0352,Paris Masters,Hard,56,M,2025-10-27,326,209070,,WC,Arthur Cazaux,R,183.0,FRA,23.1,209260,,,Luciano Darderi,R,183.0,ITA,23.6,7-6(5) 7-6(4),3,R64,128.0,16.0,2.0,87.0,53.0,46.0,13.0,12.0,1.0,3.0,4.0,4.0,83.0,49.0,39.0,17.0,12.0,5.0,7.0,62.0,902.0,27.0,1624.0,sackmann_archive_2025
2025-0352,Paris Masters,Hard,56,M,2025-10-27,325,200116,,,Camilo Ugo Carabelli,R,185.0,ARG,26.3,144869,,Q,Tomas Martin Etcheverry,R,196.0,ARG,26.2,7-5 6-3,3,R64,114.0,2.0,1.0,69.0,34.0,22.0,22.0,11.0,3.0,5.0,5.0,2.0,63.0,37.0,27.0,9.0,10.0,7.0,11.0,49.0,1053.0,58.0,930.0,sackmann_archive_2025
2025-0352,Paris Masters,Hard,56,M,2025-10-27,324,207925,,,Flavio Cobolli,R,183.0,ITA,23.4,207830,,,Tomas Machac,R,183.0,CZE,25.0,6-1 6-4,3,R64,54.0,1.0,0.0,44.0,33.0,31.0,7.0,9.0,0.0,0.0,3.0,4.0,44.0,24.0,14.0,10.0,8.0,0.0,3.0,23.0,1975.0,34.0,1445.0,sackmann_archive_2025
2025-0352,Paris Masters,Hard,56,M,2025-10-27,323,210530,,,Learner Tien,L,180.0,USA,19.9,132686,,,Nuno Borges,R,185.0,POR,28.6,6-2 7-6(7),3,R64,81.0,7.0,2.0,63.0,40.0,32.0,13.0,10.0,1.0,2.0,2.0,1.0,69.0,34.0,24.0,17.0,10.0,5.0,8.0,39.0,1316.0,46.0,1120.0,sackmann_archive_2025
2025-0352,Paris Masters,Hard,56,M,2025-10-27,322,126094,12.0,,Andrey Rublev,R,188.0,RUS,28.0,207985,,Q,Jacob Fearnley,R,183.0,GBR,24.2,6-1 6-4,3,R64,78.0,3.0,2.0,48.0,28.0,20.0,13.0,8.0,2.0,3.0,1.0,11.0,69.0,47.0,28.0,5.0,9.0,5.0,10.0,17.0,2470.0,78.0,769.0,sackmann_archive_2025
2025-0352,Paris Masters,Hard,56,M,2025-10-27,321,202103,,,Francisco Cerundolo,R,185.0,ARG,27.2,106000,,Q,Damir Dzumhur,R,175.0,BIH,33.4,6-3 6-3,3,R64,76.0,2.0,2.0,55.0,29.0,18.0,16.0,9.0,6.0,8.0,0.0,0.0,55.0,31.0,15.0,12.0,9.0,7.0,12.0,21.0,2085.0,63.0,898.0,sackmann_archive_2025
2025-0352,Paris Masters,Hard,56,M,2025-10-27,320,200175,,,Miomir Kecmanovic,R,183.0,SRB,26.1,206499,,LL,Aleksandar Kovacevic,R,183.0,USA,27.1,6-4 1-6 7-6(2),3,R64,141.0,11.0,3.0,96.0,55.0,38.0,24.0,14.0,9.0,12.0,16.0,10.0,105.0,56.0,43.0,22.0,15.0,4.0,6.0,53.0,1001.0,64.0,889.0,sackmann_archive_2025
2025-0352,Paris Masters,Hard,56,M,2025-10-27,319,200267,,,Zizou Bergs,R,185.0,BEL,26.4,210506,,,Alex Michelsen,R,193.0,USA,21.1,6-3 2-6 6-2,3,R64,112.0,4.0,5.0,78.0,50.0,36.0,10.0,12.0,4.0,8.0,0.0,5.0,81.0,49.0,29.0,16.0,13.0,4.0,10.0,41.0,1274.0,35.0,1440.0,sackmann_archive_2025
2025-5100,Athens,Hard,28,A,2025-11-02,385,104925,1.0,,Novak Djokovic,R,188.0,SRB,38.4,207518,2.0,,Lorenzo Musetti,R,185.0,ITA,23.6,4-6 6-3 7-5,3,F,179.0,6.0,3.0,97.0,61.0,43.0,21.0,16.0,6.0,9.0,10.0,3.0,96.0,61.0,40.0,20.0,15.0,6.0,10.0,5.0,4580.0,9.0,3685.0,sackmann_archive_2025
2025-5100,Athens,Hard,28,A,2025-11-02,384,104925,1.0,,Novak Djokovic,R,188.0,SRB,38.4,105870,,Q,Yannick Hanfmann,R,193.0,GER,33.9,6-3 6-4,3,SF,79.0,9.0,0.0,51.0,38.0,28.0,9.0,10.0,0.0,1.0,6.0,0.0,48.0,35.0,24.0,6.0,9.0,3.0,6.0,5.0,4580.0,117.0,518.0,sackmann_archive_2025
2025-5100,Athens,Hard,28,A,2025-11-02,383,207518,2.0,,Lorenzo Musetti,R,185.0,ITA,23.6,200624,,,Sebastian Korda,R,196.0,USA,25.3,6-0 5-7 7-5,3,SF,140.0,9.0,3.0,103.0,74.0,50.0,15.0,15.0,3.0,5.0,8.0,4.0,84.0,49.0,31.0,19.0,15.0,2.0,7.0,9.0,3685.0,52.0,1010.0,sackmann_archive_2025
2025-5100,Athens,Hard,28,A,2025-11-02,382,104925,1.0,,Novak Djokovic,R,188.0,SRB,38.4,132686,6.0,,Nuno Borges,R,185.0,POR,28.7,7-6(1) 6-4,3,QF,103.0,9.0,1.0,61.0,42.0,36.0,13.0,11.0,2.0,2.0,7.0,1.0,80.0,53.0,36.0,15.0,11.0,4.0,5.0,5.0,4580.0,47.0,1120.0,sackmann_archive_2025
2025-5100,Athens,Hard,28,A,2025-11-02,381,105870,,Q,Yannick Hanfmann,R,193.0,GER,33.9,106218,,,Marcos Giron,R,180.0,USA,32.2,7-6(3) 6-4,3,QF,88.0,9.0,1.0,58.0,42.0,37.0,11.0,11.0,0.0,0.0,3.0,2.0,67.0,44.0,33.0,12.0,11.0,4.0,5.0,117.0,518.0,72.0,815.0,sackmann_archive_2025
2025-5100,Athens,Hard,28,A,2025-11-02,380,200624,,,Sebastian Korda,R,196.0,USA,25.3,200175,,,Miomir Kecmanovic,R,183.0,SRB,26.1,6-3 6-2,3,QF,58.0,13.0,0.0,45.0,33.0,30.0,8.0,9.0,1.0,1.0,1.0,2.0,49.0,37.0,21.0,6.0,8.0,4.0,7.0,52.0,1010.0,54.0,985.0,sackmann_archive_2025
2025-5100,Athens,Hard,28,A,2025-11-02,379,207518,2.0,,Lorenzo Musetti,R,185.0,ITA,23.6,124186,5.0,,Alexandre Muller,R,183.0,FRA,28.7,6-2 6-4,3,QF,81.0,9.0,0.0,53.0,36.0,28.0,10.0,9.0,2.0,3.0,2.0,1.0,72.0,51.0,28.0,8.0,9.0,7.0,11.0,9.0,3685.0,43.0,1190.0,sackmann_archive_2025
2025-5100,Athens,Hard,28,A,2025-11-02,378,104925,1.0,,Novak Djokovic,R,188.0,SRB,38.4,126214,,,Alejandro Tabilo,L,188.0,CHI,28.4,7-6(3) 6-1,3,R16,99.0,13.0,0.0,59.0,37.0,34.0,13.0,10.0,1.0,1.0,4.0,1.0,62.0,47.0,28.0,8.0,9.0,3.0,5.0,5.0,4580.0,89.0,696.0,sackmann_archive_2025
2025-5100,Athens,Hard,28,A,2025-11-02,377,132686,6.0,,Nuno Borges,R,185.0,POR,28.7,208118,,Q,Eliot Spizzirri,R,183.0,USA,23.8,5-7 6-3 6-4,3,R16,125.0,8.0,1.0,91.0,64.0,50.0,15.0,16.0,3.0,4.0,11.0,1.0,99.0,67.0,47.0,16.0,15.0,6.0,8.0,47.0,1120.0,96.0,668.0,sackmann_archive_2025
2025-5100,Athens,Hard,28,A,2025-11-02,376,106218,,,Marcos Giron,R,180.0,USA,32.2,206909,4.0,,Brandon Nakashima,R,188.0,USA,24.2,7-6(7) 6-1,3,R16,93.0,10.0,2.0,77.0,58.0,42.0,8.0,10.0,5.0,6.0,14.0,0.0,61.0,41.0,30.0,6.0,9.0,1.0,4.0,72.0,815.0,33.0,1430.0,sackmann_archive_2025
2025-5100,Athens,Hard,28,A,2025-11-02,375,105870,,Q,Yannick Hanfmann,R,193.0,GER,33.9,200240,,LL,Vit Kopriva,R,178.0,CZE,28.3,6-2 5-7 7-5,3,R16,159.0,13.0,2.0,91.0,65.0,47.0,16.0,16.0,3.0,5.0,8.0,3.0,115.0,74.0,44.0,23.0,16.0,10.0,14.0,117.0,518.0,92.0,677.0,sackmann_archive_2025
2025-5100,Athens,Hard,28,A,2025-11-02,374,200624,,,Sebastian Korda,R,196.0,USA,25.3,106000,,,Damir Dzumhur,R,175.0,BIH,33.4,4-6 6-3 6-3,3,R16,116.0,14.0,1.0,84.0,51.0,38.0,22.0,14.0,3.0,4.0,5.0,1.0,80.0,47.0,30.0,19.0,14.0,2.0,5.0,52.0,1010.0,58.0,925.0,sackmann_archive_2025
2025-5100,Athens,Hard,28,A,2025-11-02,373,200175,,,Miomir Kecmanovic,R,183.0,SRB,26.1,209260,3.0,,Luciano Darderi,R,183.0,ITA,23.7,4-6 6-2 6-3,3,R16,118.0,14.0,0.0,84.0,62.0,45.0,9.0,14.0,6.0,9.0,8.0,5.0,92.0,63.0,38.0,11.0,13.0,4.0,9.0,54.0,985.0,26.0,1609.0,sackmann_archive_2025
2025-5100,Athens,Hard,28,A,2025-11-02,372,124186,5.0,,Alexandre Muller,R,183.0,FRA,28.7,144869,,,Tomas Martin Etcheverry,R,196.0,ARG,26.2,6-7(2) 7-6(4) 7-6(3),3,R16,184.0,12.0,4.0,130.0,89.0,65.0,25.0,18.0,8.0,9.0,25.0,1.0,119.0,81.0,70.0,17.0,18.0,6.0,7.0,43.0,1190.0,60.0,920.0,sackmann_archive_2025
2025-5100,Athens,Hard,28,A,2025-11-02,371,207518,2.0,,Lorenzo Musetti,R,185.0,ITA,23.6,104527,,WC,Stan Wawrinka,R,183.0,SUI,40.6,4-6 7-6(5) 6-4,3,R16,145.0,8.0,3.0,100.0,72.0,53.0,16.0,16.0,1.0,2.0,22.0,2.0,108.0,62.0,52.0,20.0,16.0,7.0,8.0,9.0,3685.0,159.0,372.0,sackmann_archive_2025
2025-5100,Athens,Hard,28,A,2025-11-02,370,126214,,,Alejandro Tabilo,L,188.0,CHI,28.4,200443,,,Adam Walton,R,183.0,AUS,26.5,7-6(7) 6-7(6) 7-5,3,R32,182.0,12.0,5.0,126.0,85.0,64.0,23.0,18.0,4.0,6.0,20.0,5.0,115.0,73.0,57.0,24.0,18.0,2.0,5.0,89.0,696.0,83.0,740.0,sackmann_archive_2025
2025-5100,Athens,Hard,28,A,2025-11-02,369,208118,,Q,Eliot Spizzirri,R,183.0,USA,23.8,111513,,,Laslo Djere,R,188.0,SRB,30.4,1-6 7-6(6) 6-2,3,R32,126.0,12.0,0.0,90.0,63.0,41.0,16.0,13.0,4.0,7.0,8.0,1.0,85.0,58.0,40.0,16.0,14.0,1.0,4.0,96.0,668.0,82.0,746.0,sackmann_archive_2025
2025-5100,Athens,Hard,28,A,2025-11-02,368,132686,6.0,,Nuno Borges,R,185.0,POR,28.7,208852,,WC,Stefanos Sakellaridis,R,196.0,GRE,21.1,7-6(4) 6-3,3,R32,82.0,4.0,0.0,64.0,47.0,42.0,10.0,11.0,0.0,0.0,10.0,2.0,61.0,30.0,26.0,18.0,10.0,1.0,2.0,47.0,1120.0,277.0,194.0,sackmann_archive_2025
2025-5100,Athens,Hard,28,A,2025-11-02,367,106218,,,Marcos Giron,R,180.0,USA,32.2,124079,,,Pedro Martinez,R,185.0,ESP,28.5,6-4 6-1,3,R32,85.0,10.0,1.0,48.0,28.0,23.0,13.0,9.0,0.0,0.0,2.0,3.0,64.0,35.0,24.0,10.0,8.0,3.0,6.0,72.0,815.0,95.0,668.0,sackmann_archive_2025
2025-5100,Athens,Hard,28,A,2025-11-02,366,105870,,Q,Yannick Hanfmann,R,193.0,GER,33.9,129814,,WC,Ivan Ivanov,R,,BUL,17.0,6-4 6-2,3,R32,74.0,12.0,0.0,56.0,42.0,31.0,9.0,9.0,1.0,1.0,3.0,1.0,59.0,35.0,22.0,11.0,9.0,3.0,6.0,117.0,518.0,935.0,19.0,sackmann_archive_2025
2025-5100,Athens,Hard,28,A,2025-11-02,365,200240,,LL,Vit Kopriva,R,178.0,CZE,28.3,124187,,,Reilly Opelka,R,211.0,USA,28.1,6-4 6-3,3,R32,77.0,2.0,0.0,54.0,39.0,33.0,8.0,9.0,5.0,5.0,13.0,5.0,60.0,42.0,29.0,8.0,10.0,5.0,8.0,92.0,677.0,50.0,1026.0,sackmann_archive_2025
2025-5100,Athens,Hard,28,A,2025-11-02,364,200624,,,Sebastian Korda,R,196.0,USA,25.3,200615,7.0,,Alexei Popyrin,R,196.0,AUS,26.2,4-6 6-3 6-4,3,R32,119.0,12.0,1.0,82.0,53.0,41.0,19.0,15.0,3.0,4.0,17.0,4.0,86.0,55.0,43.0,14.0,14.0,3.0,5.0,52.0,1010.0,53.0,1000.0,sackmann_archive_2025
2025-5100,Athens,Hard,28,A,2025-11-02,363,106000,,,Damir Dzumhur,R,175.0,BIH,33.4,207985,,,Jacob Fearnley,R,183.0,GBR,24.3,6-4 6-2,3,R32,77.0,3.0,1.0,47.0,26.0,21.0,13.0,9.0,1.0,2.0,4.0,4.0,56.0,30.0,17.0,12.0,9.0,2.0,6.0,58.0,925.0,73.0,793.0,sackmann_archive_2025
2025-5100,Athens,Hard,28,A,2025-11-02,362,200175,,,Miomir Kecmanovic,R,183.0,SRB,26.1,111794,,,Kamil Majchrzak,R,180.0,POL,29.8,7-6(4) 7-6(4),3,R32,123.0,6.0,5.0,89.0,50.0,39.0,18.0,12.0,2.0,5.0,14.0,3.0,93.0,59.0,46.0,9.0,12.0,5.0,8.0,54.0,985.0,68.0,861.0,sackmann_archive_2025
2025-5100,Athens,Hard,28,A,2025-11-02,361,124186,5.0,,Alexandre Muller,R,183.0,FRA,28.7,105526,,Q,Jan Lennard Struff,R,193.0,GER,35.5,6-3 2-6 7-6(6),3,R32,129.0,7.0,3.0,114.0,80.0,50.0,20.0,15.0,8.0,11.0,9.0,2.0,80.0,50.0,37.0,18.0,14.0,2.0,4.0,43.0,1190.0,101.0,648.0,sackmann_archive_2025
2025-5100,Athens,Hard,28,A,2025-11-02,360,144869,,,Tomas Martin Etcheverry,R,196.0,ARG,26.2,111456,,Q,Mackenzie Mcdonald,R,178.0,USA,30.5,6-7(5) 7-6(3) 6-3,3,R32,170.0,19.0,0.0,114.0,90.0,67.0,13.0,17.0,2.0,3.0,10.0,2.0,106.0,74.0,52.0,18.0,16.0,4.0,6.0,60.0,920.0,110.0,559.0,sackmann_archive_2025
2025-5100,Athens,Hard,28,A,2025-11-02,359,104527,,WC,Stan Wawrinka,R,183.0,SUI,40.6,122298,,,Botic Van De Zandschulp,R,191.0,NED,30.0,2-6 7-6(5) 7-5,3,R32,140.0,9.0,2.0,111.0,71.0,49.0,23.0,16.0,5.0,7.0,13.0,4.0,86.0,53.0,43.0,22.0,16.0,0.0,1.0,159.0,372.0,80.0,756.0,sackmann_archive_2025
2025-0341,Metz,Hard,28,A,2025-11-02,385,210530,,,Learner Tien,L,180.0,USA,19.9,111815,7.0,,Cameron Norrie,L,188.0,GBR,30.1,6-3 3-6 7-6(6),3,F,130.0,7.0,1.0,113.0,72.0,53.0,17.0,15.0,7.0,9.0,4.0,0.0,84.0,55.0,37.0,21.0,15.0,2.0,4.0,38.0,1344.0,27.0,1573.0,sackmann_archive_2025
2025-0341,Metz,Hard,28,A,2025-11-02,384,111815,7.0,,Cameron Norrie,L,188.0,GBR,30.1,132283,,,Lorenzo Sonego,R,191.0,ITA,30.4,4-6 6-2 6-4,3,SF,120.0,6.0,1.0,69.0,57.0,48.0,7.0,14.0,3.0,4.0,7.0,0.0,86.0,55.0,43.0,10.0,14.0,7.0,10.0,27.0,1573.0,42.0,1190.0,sackmann_archive_2025
2025-0341,Metz,Hard,28,A,2025-11-02,383,210530,,,Learner Tien,L,180.0,USA,19.9,126964,,LL,Vitaliy Sachko,R,188.0,UKR,28.3,6-1 6-4,3,SF,56.0,2.0,0.0,45.0,26.0,21.0,15.0,9.0,0.0,0.0,2.0,1.0,45.0,27.0,16.0,11.0,8.0,4.0,7.0,38.0,1344.0,222.0,256.0,sackmann_archive_2025
2025-0341,Metz,Hard,28,A,2025-11-02,382,111815,7.0,,Cameron Norrie,L,188.0,GBR,30.1,208021,,LL,Kyrian Jacquet,R,178.0,FRA,24.4,4-6 7-6(2) 6-4,3,QF,145.0,6.0,2.0,106.0,79.0,55.0,17.0,16.0,5.0,7.0,18.0,5.0,103.0,60.0,48.0,19.0,16.0,4.0,6.0,27.0,1573.0,156.0,386.0,sackmann_archive_2025
2025-0341,Metz,Hard,28,A,2025-11-02,381,132283,,,Lorenzo Sonego,R,191.0,ITA,30.4,127157,,,Daniel Altmaier,R,188.0,GER,27.1,6-4 7-6(6),3,QF,122.0,10.0,0.0,77.0,62.0,49.0,10.0,11.0,7.0,7.0,2.0,2.0,84.0,50.0,38.0,18.0,11.0,7.0,8.0,42.0,1190.0,46.0,1123.0,sackmann_archive_2025
2025-0341,Metz,Hard,28,A,2025-11-02,380,126964,,LL,Vitaliy Sachko,R,188.0,UKR,28.3,202127,,Q,Clement Tabur,R,173.0,FRA,25.7,6-4 3-6 6-4,3,QF,120.0,9.0,1.0,84.0,60.0,45.0,13.0,14.0,6.0,7.0,6.0,4.0,86.0,53.0,43.0,17.0,15.0,6.0,8.0,222.0,256.0,243.0,226.0,sackmann_archive_2025
2025-0341,Metz,Hard,28,A,2025-11-02,379,210530,,,Learner Tien,L,180.0,USA,19.9,126610,,,Matteo Berrettini,R,196.0,ITA,29.5,5-7 6-2 6-3,3,QF,104.0,6.0,4.0,80.0,57.0,44.0,15.0,15.0,1.0,2.0,11.0,3.0,73.0,46.0,34.0,14.0,14.0,0.0,3.0,38.0,1344.0,63.0,895.0,sackmann_archive_2025
2025-0341,Metz,Hard,28,A,2025-11-02,378,208021,,LL,Kyrian Jacquet,R,178.0,FRA,24.4,200385,,LL,Dan Added,R,183.0,FRA,26.5,6-0 6-2,3,R16,54.0,4.0,1.0,41.0,25.0,21.0,9.0,7.0,0.0,0.0,3.0,3.0,45.0,29.0,16.0,3.0,7.0,5.0,10.0,156.0,386.0,204.0,276.0,sackmann_archive_2025
2025-0341,Metz,Hard,28,A,2025-11-02,377,111815,7.0,,Cameron Norrie,L,188.0,GBR,30.1,209070,,,Arthur Cazaux,R,183.0,FRA,23.1,6-7(1) 7-6(7) 6-2,3,R16,166.0,6.0,1.0,108.0,79.0,55.0,19.0,16.0,4.0,5.0,18.0,0.0,109.0,70.0,53.0,16.0,16.0,3.0,6.0,27.0,1573.0,69.0,836.0,sackmann_archive_2025
2025-0341,Metz,Hard,28,A,2025-11-02,376,132283,,,Lorenzo Sonego,R,191.0,ITA,30.4,207925,4.0,,Flavio Cobolli,R,183.0,ITA,23.4,2-6 6-3 7-5,3,R16,127.0,8.0,0.0,78.0,58.0,44.0,12.0,15.0,1.0,3.0,5.0,2.0,97.0,65.0,49.0,14.0,14.0,9.0,11.0,42.0,1190.0,22.0,2025.0,sackmann_archive_2025
2025-0341,Metz,Hard,28,A,2025-11-02,375,127157,,,Daniel Altmaier,R,188.0,GER,27.1,200384,,WC,Hugo Gaston,L,173.0,FRA,25.1,4-6 6-0 0-0 RET,3,R16,74.0,6.0,2.0,42.0,30.0,24.0,6.0,8.0,0.0,1.0,3.0,1.0,55.0,42.0,28.0,4.0,8.0,6.0,9.0,46.0,1123.0,98.0,653.0,sackmann_archive_2025
2025-0341,Metz,Hard,28,A,2025-11-02,374,202127,,Q,Clement Tabur,R,173.0,FRA,25.7,210696,,NG,Alexander Blockx,R,191.0,BEL,20.5,6-7(4) 7-6(6) 7-6(6),3,R16,171.0,2.0,4.0,125.0,75.0,54.0,33.0,18.0,4.0,5.0,9.0,2.0,119.0,78.0,60.0,21.0,18.0,1.0,2.0,243.0,226.0,102.0,632.0,sackmann_archive_2025
2025-0341,Metz,Hard,28,A,2025-11-02,373,126964,,LL,Vitaliy Sachko,R,188.0,UKR,28.3,122330,3.0,,Alexander Bublik,R,196.0,KAZ,28.3,7-5 3-6 7-5,3,R16,128.0,7.0,0.0,109.0,75.0,54.0,19.0,16.0,5.0,6.0,15.0,4.0,84.0,57.0,50.0,14.0,17.0,2.0,4.0,222.0,256.0,13.0,2870.0,sackmann_archive_2025
2025-0341,Metz,Hard,28,A,2025-11-02,372,126610,,,Matteo Berrettini,R,196.0,ITA,29.5,126846,,,Aleksandar Vukic,R,188.0,AUS,29.5,7-6(5) 6-3,3,R16,81.0,15.0,1.0,59.0,42.0,37.0,10.0,11.0,1.0,2.0,7.0,1.0,63.0,44.0,28.0,12.0,10.0,3.0,5.0,63.0,895.0,87.0,703.0,sackmann_archive_2025
2025-0341,Metz,Hard,28,A,2025-11-02,371,210530,,,Learner Tien,L,180.0,USA,19.9,121411,,LL,Moez Echargui,R,178.0,TUN,32.8,7-6(3) 6-3,3,R16,96.0,5.0,4.0,68.0,37.0,32.0,17.0,11.0,3.0,4.0,7.0,1.0,77.0,50.0,32.0,15.0,10.0,9.0,11.0,38.0,1344.0,140.0,446.0,sackmann_archive_2025
2025-0341,Metz,Hard,28,A,2025-11-02,370,208021,,LL,Kyrian Jacquet,R,178.0,FRA,24.4,209414,,Q,Luca Van Assche,R,178.0,FRA,21.4,4-6 6-3 6-4,3,R32,147.0,11.0,5.0,103.0,61.0,45.0,24.0,15.0,6.0,7.0,6.0,2.0,98.0,57.0,41.0,22.0,14.0,3.0,5.0,156.0,386.0,172.0,333.0,sackmann_archive_2025
2025-0341,Metz,Hard,28,A,2025-11-02,369,209070,,,Arthur Cazaux,R,183.0,FRA,23.1,105173,,,Adrian Mannarino,L,180.0,FRA,37.3,6-3 7-6(4),3,R32,107.0,6.0,1.0,66.0,42.0,35.0,15.0,11.0,1.0,1.0,3.0,0.0,69.0,51.0,39.0,8.0,10.0,3.0,4.0,69.0,836.0,71.0,817.0,sackmann_archive_2025
2025-0341,Metz,Hard,28,A,2025-11-02,368,111815,7.0,,Cameron Norrie,L,188.0,GBR,30.1,208316,,,Valentin Royer,R,188.0,FRA,24.4,6-3 6-7(2) 6-3,3,R32,126.0,10.0,1.0,84.0,60.0,48.0,18.0,16.0,0.0,0.0,10.0,1.0,89.0,51.0,43.0,19.0,14.0,4.0,6.0,27.0,1573.0,56.0,936.0,sackmann_archive_2025
2025-0341,Metz,Hard,28,A,2025-11-02,367,132283,,,Lorenzo Sonego,R,191.0,ITA,30.4,123828,,Q,Jan Choinski,R,196.0,GBR,29.3,4-6 6-4 6-4,3,R32,136.0,11.0,0.0,86.0,61.0,45.0,14.0,15.0,5.0,7.0,7.0,2.0,94.0,63.0,47.0,11.0,15.0,3.0,6.0,42.0,1190.0,126.0,487.0,sackmann_archive_2025
2025-0341,Metz,Hard,28,A,2025-11-02,366,200384,,WC,Hugo Gaston,L,173.0,FRA,25.1,209279,,,Terence Atmane,L,193.0,FRA,23.8,6-4 6-1,3,R32,51.0,2.0,0.0,39.0,29.0,26.0,7.0,8.0,0.0,0.0,6.0,3.0,48.0,27.0,20.0,7.0,9.0,4.0,8.0,98.0,653.0,66.0,874.0,sackmann_archive_2025
2025-0341,Metz,Hard,28,A,2025-11-02,365,127157,,,Daniel Altmaier,R,188.0,GER,27.1,126239,6.0,,Arthur Rinderknech,R,196.0,FRA,30.2,6-4 6-4,3,R32,85.0,13.0,0.0,68.0,46.0,34.0,13.0,10.0,2.0,2.0,8.0,1.0,64.0,42.0,29.0,12.0,10.0,2.0,4.0,46.0,1123.0,28.0,1540.0,sackmann_archive_2025
2025-0341,Metz,Hard,28,A,2025-11-02,364,202127,,Q,Clement Tabur,R,173.0,FRA,25.7,206499,,,Aleksandar Kovacevic,R,183.0,USA,27.1,6-3 6-2,3,R32,66.0,5.0,0.0,43.0,26.0,24.0,13.0,9.0,3.0,3.0,4.0,3.0,52.0,30.0,22.0,5.0,8.0,1.0,4.0,243.0,226.0,62.0,902.0,sackmann_archive_2025
2025-0341,Metz,Hard,28,A,2025-11-02,363,210696,,NG,Alexander Blockx,R,191.0,BEL,20.5,208859,,Q,Francesco Passaro,R,180.0,ITA,24.8,3-6 6-3 6-4,3,R32,116.0,16.0,2.0,96.0,61.0,48.0,16.0,14.0,8.0,9.0,6.0,5.0,100.0,60.0,41.0,22.0,14.0,7.0,9.0,102.0,632.0,129.0,480.0,sackmann_archive_2025
2025-0341,Metz,Hard,28,A,2025-11-02,362,126964,,LL,Vitaliy Sachko,R,188.0,UKR,28.3,208659,,,Giovanni Mpetshi Perricard,R,203.0,FRA,22.3,7-6(10) 6-3,3,R32,92.0,3.0,1.0,69.0,49.0,40.0,15.0,11.0,2.0,2.0,10.0,6.0,75.0,57.0,45.0,7.0,10.0,2.0,3.0,222.0,256.0,59.0,925.0,sackmann_archive_2025
2025-0341,Metz,Hard,28,A,2025-11-02,361,126846,,,Aleksandar Vukic,R,188.0,AUS,29.5,144895,8.0,,Corentin Moutet,L,180.0,FRA,26.5,3-6 7-6(6) 7-6(8),3,R32,162.0,8.0,2.0,112.0,69.0,52.0,27.0,16.0,5.0,6.0,12.0,5.0,114.0,73.0,60.0,22.0,17.0,3.0,3.0,87.0,703.0,31.0,1483.0,sackmann_archive_2025
2025-0341,Metz,Hard,28,A,2025-11-02,360,126610,,,Matteo Berrettini,R,196.0,ITA,29.5,111460,,,Quentin Halys,R,191.0,FRA,29.0,6-2 6-4,3,R32,63.0,7.0,1.0,44.0,28.0,23.0,14.0,9.0,2.0,2.0,6.0,1.0,46.0,26.0,19.0,10.0,9.0,0.0,3.0,63.0,895.0,84.0,732.0,sackmann_archive_2025
2025-0341,Metz,Hard,28,A,2025-11-02,359,210530,,,Learner Tien,L,180.0,USA,19.9,200259,,WC,Ugo Blanchet,R,175.0,FRA,26.8,6-3 6-3,3,R32,65.0,4.0,1.0,41.0,27.0,25.0,11.0,9.0,0.0,0.0,2.0,2.0,67.0,44.0,26.0,10.0,9.0,8.0,11.0,38.0,1344.0,143.0,433.0,sackmann_archive_2025
2025-0605,Tour Finals,Hard,8,F,2025-11-09,385,206173,2.0,,Jannik Sinner,R,191.0,ITA,24.2,207989,1.0,,Carlos Alcaraz,R,183.0,ESP,22.5,7-6(4) 7-5,3,F,135.0,8.0,5.0,78.0,43.0,36.0,19.0,12.0,2.0,3.0,5.0,0.0,72.0,49.0,36.0,13.0,12.0,0.0,2.0,2.0,10000.0,1.0,11050.0,sackmann_archive_2025
2025-0605,Tour Finals,Hard,8,F,2025-11-09,384,207989,1.0,,Carlos Alcaraz,R,183.0,ESP,22.5,200000,8.0,,Felix Auger Aliassime,R,193.0,CAN,25.2,6-2 6-4,3,SF,82.0,5.0,1.0,51.0,38.0,31.0,7.0,9.0,1.0,1.0,5.0,1.0,57.0,41.0,24.0,9.0,9.0,5.0,8.0,1.0,11050.0,8.0,3845.0,sackmann_archive_2025
2025-0605,Tour Finals,Hard,8,F,2025-11-09,383,206173,2.0,,Jannik Sinner,R,191.0,ITA,24.2,200282,7.0,,Alex De Minaur,R,183.0,AUS,26.7,7-5 6-2,3,SF,112.0,7.0,0.0,59.0,44.0,37.0,7.0,10.0,4.0,4.0,8.0,2.0,88.0,46.0,29.0,19.0,10.0,10.0,13.0,2.0,10000.0,7.0,3935.0,sackmann_archive_2025
2025-0605,Tour Finals,Hard,8,F,2025-11-09,382,207989,1.0,,Carlos Alcaraz,R,183.0,ESP,22.5,207518,9.0,,Lorenzo Musetti,R,185.0,ITA,23.6,6-4 6-1,3,RR,83.0,2.0,0.0,52.0,36.0,30.0,9.0,9.0,2.0,2.0,3.0,0.0,56.0,36.0,19.0,12.0,8.0,2.0,5.0,1.0,11050.0,9.0,3840.0,sackmann_archive_2025
2025-0605,Tour Finals,Hard,8,F,2025-11-09,381,207989,1.0,,Carlos Alcaraz,R,183.0,ESP,22.5,126203,6.0,,Taylor Fritz,R,196.0,USA,28.0,6-7(2) 7-5 6-3,3,RR,168.0,9.0,2.0,128.0,82.0,61.0,24.0,17.0,8.0,9.0,14.0,2.0,114.0,85.0,60.0,12.0,16.0,8.0,11.0,1.0,11050.0,6.0,3935.0,sackmann_archive_2025
2025-0605,Tour Finals,Hard,8,F,2025-11-09,380,207989,1.0,,Carlos Alcaraz,R,183.0,ESP,22.5,200282,7.0,,Alex De Minaur,R,183.0,AUS,26.7,7-6(5) 6-2,3,RR,100.0,5.0,3.0,72.0,48.0,30.0,14.0,10.0,3.0,5.0,4.0,0.0,58.0,30.0,19.0,12.0,10.0,3.0,7.0,1.0,11050.0,7.0,3935.0,sackmann_archive_2025
2025-0605,Tour Finals,Hard,8,F,2025-11-09,379,126203,6.0,,Taylor Fritz,R,196.0,USA,28.0,207518,9.0,,Lorenzo Musetti,R,185.0,ITA,23.6,6-3 6-4,3,RR,102.0,13.0,0.0,56.0,37.0,31.0,12.0,10.0,4.0,4.0,5.0,5.0,86.0,56.0,37.0,12.0,9.0,10.0,12.0,6.0,3935.0,9.0,3840.0,sackmann_archive_2025
2025-0605,Tour Finals,Hard,8,F,2025-11-09,378,207518,9.0,,Lorenzo Musetti,R,185.0,ITA,23.6,200282,7.0,,Alex De Minaur,R,183.0,AUS,26.7,7-5 3-6 7-5,3,RR,167.0,5.0,3.0,90.0,59.0,37.0,23.0,16.0,3.0,5.0,10.0,0.0,110.0,73.0,48.0,22.0,17.0,9.0,12.0,9.0,3840.0,7.0,3935.0,sackmann_archive_2025
2025-0605,Tour Finals,Hard,8,F,2025-11-09,377,200282,7.0,,Alex De Minaur,R,183.0,AUS,26.7,126203,6.0,,Taylor Fritz,R,196.0,USA,28.0,7-6(3) 6-3,3,RR,94.0,5.0,3.0,66.0,36.0,30.0,16.0,11.0,0.0,1.0,8.0,1.0,69.0,41.0,27.0,15.0,10.0,2.0,4.0,7.0,3935.0,6.0,3935.0,sackmann_archive_2025
2025-0605,Tour Finals,Hard,8,F,2025-11-09,376,206173,2.0,,Jannik Sinner,R,191.0,ITA,24.2,100644,3.0,,Alexander Zverev,R,198.0,GER,28.5,6-4 6-3,3,RR,97.0,12.0,0.0,68.0,48.0,40.0,7.0,10.0,7.0,7.0,7.0,0.0,52.0,43.0,31.0,3.0,9.0,2.0,4.0,2.0,10000.0,3.0,4960.0,sackmann_archive_2025
2025-0605,Tour Finals,Hard,8,F,2025-11-09,375,206173,2.0,,Jannik Sinner,R,191.0,ITA,24.2,210097,5.0,,Ben Shelton,L,193.0,USA,23.0,6-3 7-6(3),3,RR,94.0,11.0,0.0,63.0,47.0,38.0,9.0,10.0,1.0,1.0,6.0,2.0,66.0,47.0,36.0,8.0,11.0,2.0,4.0,2.0,10000.0,5.0,3970.0,sackmann_archive_2025
2025-0605,Tour Finals,Hard,8,F,2025-11-09,374,206173,2.0,,Jannik Sinner,R,191.0,ITA,24.2,200000,8.0,,Felix Auger Aliassime,R,193.0,CAN,25.2,7-5 6-1,3,RR,100.0,3.0,1.0,51.0,36.0,32.0,9.0,10.0,0.0,0.0,9.0,2.0,71.0,47.0,30.0,9.0,9.0,7.0,10.0,2.0,10000.0,8.0,3845.0,sackmann_archive_2025
2025-0605,Tour Finals,Hard,8,F,2025-11-09,373,100644,3.0,,Alexander Zverev,R,198.0,GER,28.5,210097,5.0,,Ben Shelton,L,193.0,USA,23.0,6-3 7-6(6),3,RR,93.0,5.0,0.0,54.0,44.0,37.0,7.0,10.0,0.0,0.0,7.0,2.0,71.0,50.0,39.0,5.0,11.0,3.0,5.0,3.0,4960.0,5.0,3970.0,sackmann_archive_2025
2025-0605,Tour Finals,Hard,8,F,2025-11-09,372,200000,8.0,,Felix Auger Aliassime,R,193.0,CAN,25.2,100644,3.0,,Alexander Zverev,R,198.0,GER,28.5,6-4 7-6(4),3,RR,127.0,11.0,0.0,73.0,53.0,39.0,13.0,11.0,4.0,4.0,9.0,2.0,78.0,60.0,43.0,8.0,11.0,6.0,7.0,8.0,3845.0,3.0,4960.0,sackmann_archive_2025
2025-0605,Tour Finals,Hard,8,F,2025-11-09,371,200000,8.0,,Felix Auger Aliassime,R,193.0,CAN,25.2,210097,5.0,,Ben Shelton,L,193.0,USA,23.0,4-6 7-6(7) 7-5,3,RR,145.0,9.0,1.0,93.0,74.0,57.0,14.0,17.0,1.0,3.0,7.0,3.0,104.0,71.0,53.0,19.0,17.0,5.0,7.0,8.0,3845.0,5.0,3970.0,sackmann_archive_2025
2025-7696,Next Gen Finals,Hard,8,F,2025-12-17,400,210530,1.0,,Learner Tien,L,180.0,USA,20.0,210696,2.0,,Alexander Blockx,R,191.0,BEL,20.6,4-3(4) 4-2 4-1,5,F,59.0,1.0,1.0,52.0,34.0,29.0,12.0,9.0,2.0,2.0,7.0,1.0,48.0,38.0,28.0,3.0,8.0,2.0,4.0,28.0,1550.0,116.0,542.0,sackmann_archive_2025
2025-7696,Next Gen Finals,Hard,8,F,2025-12-17,399,210530,1.0,,Learner Tien,L,180.0,USA,20.0,210460,6.0,,Nishesh Basavareddy,R,180.0,USA,20.6,4-2 4-1 4-3(3),5,SF,72.0,6.0,2.0,50.0,33.0,21.0,10.0,9.0,1.0,4.0,5.0,1.0,50.0,27.0,14.0,8.0,8.0,4.0,9.0,28.0,1550.0,167.0,349.0,sackmann_archive_2025
2025-7696,Next Gen Finals,Hard,8,F,2025-12-17,398,210696,2.0,,Alexander Blockx,R,191.0,BEL,20.6,149282,5.0,,Nicolai Budkov Kjaer,R,188.0,NOR,19.2,4-3(4) 4-3(8) 4-2,5,SF,82.0,10.0,0.0,63.0,44.0,34.0,9.0,9.0,4.0,6.0,5.0,1.0,66.0,40.0,25.0,11.0,9.0,4.0,7.0,116.0,542.0,136.0,450.0,sackmann_archive_2025
2025-7696,Next Gen Finals,Hard,8,F,2025-12-17,397,210530,1.0,,Learner Tien,L,180.0,USA,20.0,212021,4.0,,Martin Landaluce,R,191.0,ESP,19.9,1-4 4-1 4-3(4) 4-3(2),5,RR,91.0,3.0,0.0,69.0,47.0,39.0,11.0,11.0,1.0,3.0,8.0,3.0,65.0,42.0,33.0,11.0,11.0,3.0,5.0,28.0,1550.0,134.0,455.0,sackmann_archive_2025
2025-7696,Next Gen Finals,Hard,8,F,2025-12-17,396,210530,1.0,,Learner Tien,L,180.0,USA,20.0,149282,5.0,,Nicolai Budkov Kjaer,R,188.0,NOR,19.2,3-4(2) 4-1 4-2 4-2,5,RR,79.0,9.0,0.0,69.0,52.0,37.0,13.0,12.0,2.0,2.0,17.0,3.0,65.0,49.0,36.0,6.0,11.0,4.0,7.0,28.0,1550.0,136.0,450.0,sackmann_archive_2025
2025-7696,Next Gen Finals,Hard,8,F,2025-12-17,395,212588,7.0,,Rafael Jodar,U,,ESP,19.2,210530,1.0,,Learner Tien,L,180.0,USA,20.0,1-4 4-3(3) 1-4 4-2 4-3(4),5,RR,121.0,3.0,2.0,95.0,64.0,41.0,10.0,15.0,8.0,16.0,4.0,5.0,80.0,48.0,33.0,17.0,13.0,4.0,9.0,168.0,349.0,28.0,1550.0,sackmann_archive_2025
2025-7696,Next Gen Finals,Hard,8,F,2025-12-17,394,149282,5.0,,Nicolai Budkov Kjaer,R,188.0,NOR,19.2,212021,4.0,,Martin Landaluce,R,191.0,ESP,19.9,4-1 3-4(7) 4-2 4-3(4),5,RR,102.0,9.0,2.0,74.0,50.0,38.0,13.0,11.0,2.0,4.0,4.0,3.0,78.0,50.0,36.0,10.0,12.0,4.0,9.0,136.0,450.0,134.0,455.0,sackmann_archive_2025
2025-7696,Next Gen Finals,Hard,8,F,2025-12-17,393,212588,7.0,,Rafael Jodar,U,,ESP,19.2,212021,4.0,,Martin Landaluce,R,191.0,ESP,19.9,4-3(7) 4-1 4-3(2),5,RR,83.0,9.0,0.0,57.0,44.0,33.0,12.0,9.0,4.0,5.0,4.0,1.0,61.0,38.0,27.0,11.0,8.0,1.0,3.0,168.0,349.0,134.0,455.0,sackmann_archive_2025
2025-7696,Next Gen Finals,Hard,8,F,2025-12-17,392,149282,5.0,,Nicolai Budkov Kjaer,R,188.0,NOR,19.2,212588,7.0,,Rafael Jodar,U,,ESP,19.2,4-1 4-2 1-4 4-2,5,RR,76.0,7.0,2.0,61.0,41.0,27.0,7.0,11.0,5.0,9.0,2.0,1.0,59.0,37.0,19.0,11.0,11.0,0.0,6.0,136.0,450.0,168.0,349.0,sackmann_archive_2025
2025-7696,Next Gen Finals,Hard,8,F,2025-12-17,391,210696,2.0,,Alexander Blockx,R,191.0,BEL,20.6,209976,3.0,,Dino Prizmic,R,188.0,CRO,20.3,4-3(4) 2-4 4-2 4-0,5,RR,94.0,5.0,0.0,71.0,47.0,32.0,13.0,11.0,7.0,9.0,2.0,2.0,71.0,46.0,26.0,12.0,11.0,8.0,12.0,116.0,542.0,128.0,487.0,sackmann_archive_2025
2025-7696,Next Gen Finals,Hard,8,F,2025-12-17,390,210696,2.0,,Alexander Blockx,R,191.0,BEL,20.6,210460,6.0,,Nishesh Basavareddy,R,180.0,USA,20.6,4-3(2) 4-3(8) 4-1,5,RR,80.0,11.0,2.0,68.0,41.0,31.0,15.0,9.0,9.0,10.0,2.0,5.0,58.0,35.0,25.0,10.0,8.0,1.0,3.0,116.0,542.0,167.0,349.0,sackmann_archive_2025
2025-7696,Next Gen Finals,Hard,8,F,2025-12-17,389,210696,2.0,,Alexander Blockx,R,191.0,BEL,20.6,211514,8.0,,Justin Engel,U,,GER,18.2,3-4(7) 4-2 4-2 4-2,5,RR,81.0,17.0,0.0,67.0,52.0,44.0,10.0,12.0,3.0,3.0,4.0,1.0,76.0,54.0,32.0,15.0,12.0,7.0,10.0,116.0,542.0,187.0,316.0,sackmann_archive_2025
2025-7696,Next Gen Finals,Hard,8,F,2025-12-17,388,210460,6.0,,Nishesh Basavareddy,R,180.0,USA,20.6,209976,3.0,,Dino Prizmic,R,188.0,CRO,20.3,4-2 4-3(7) 3-4(3) 4-2,5,RR,114.0,2.0,1.0,73.0,49.0,39.0,12.0,12.0,1.0,2.0,14.0,6.0,80.0,50.0,38.0,13.0,12.0,3.0,6.0,167.0,349.0,128.0,487.0,sackmann_archive_2025
2025-7696,Next Gen Finals,Hard,8,F,2025-12-17,387,209976,3.0,,Dino Prizmic,R,188.0,CRO,20.3,211514,8.0,,Justin Engel,U,,GER,18.2,4-1 2-4 4-3(3) 4-1,5,RR,88.0,6.0,2.0,71.0,46.0,35.0,15.0,12.0,4.0,5.0,6.0,0.0,66.0,47.0,34.0,6.0,10.0,7.0,9.0,128.0,487.0,187.0,316.0,sackmann_archive_2025
2025-7696,Next Gen Finals,Hard,8,F,2025-12-17,386,210460,6.0,,Nishesh Basavareddy,R,180.0,USA,20.6,211514,8.0,,Justin Engel,U,,GER,18.2,4-3(3) 4-2 4-3(5),5,RR,70.0,8.0,3.0,55.0,30.0,27.0,17.0,9.0,1.0,1.0,9.0,1.0,61.0,44.0,32.0,6.0,9.0,6.0,7.0,167.0,349.0,187.0,316.0,sackmann_archive_2025
